latitude,longitude,AGB
-10.75402305,-69.29801341,246.7982423
-10.13121403,-69.30144422,132.2258325
-10.33153653,-68.66206746,266.1177584
-9.745503011,-69.01781901,202.9722928
-9.944391673,-69.42542295,175.5010402
-10.33432395,-68.60462959,162.3860156
-10.41642434,-69.07760933,171.1226866
-10.20480077,-68.49535642,149.8263427
-10.17522395,-68.52587551,192.7584831
-10.21566876,-69.30399198,206.7611384
-10.09412787,-68.17456584,177.1134905
-10.61613064,-69.00870905,123.1867766
-10.2721775,-69.03360863,228.27478
-10.11878624,-69.51405683,224.601648
-10.71431203,-68.83921946,159.8417668
-10.57729884,-68.98587699,186.8532448
-9.850964241,-68.20622666,134.9839067
-10.02663167,-69.26647746,305.0062099
-9.560508299,-68.55152819,205.3673464
-9.756129314,-68.63979759,149.7466834
-9.701866037,-69.24769424,257.0101181
-9.775778223,-69.06145163,182.3630426
-10.09086666,-69.32785399,217.533596
-10.74765196,-68.81454023,170.3524265
-10.45429041,-69.50902343,140.7667657
-10.40631022,-69.52179208,180.7478786
-10.30882626,-68.80993821,203.6455881
-9.569550507,-68.81472673,258.1208451
-10.03436601,-68.22108306,379.2487609
-10.11407774,-69.26537066,309.1913118
-9.94022311,-69.34680083,293.457689
-10.71621982,-69.11817511,15.67163106
-10.57563725,-69.25771596,189.3348845
-10.06997929,-68.87048395,360.8065178
-10.6227238,-69.29960321,226.8648026
-10.02291279,-68.42093999,325.1423063
-9.737609431,-69.21264701,190.4157444
-9.549955938,-69.6021285,147.3469783
-9.778492648,-68.68459389,157.8676482
-10.55377001,-68.9482,403.7166863
-9.55304879,-68.82437459,294.6491006
-10.22615204,-68.86939511,307.7293046
-9.794064919,-68.22423623,163.2970981
-9.732236532,-68.67125899,127.6683731
-10.13231358,-68.67985539,117.3508522
-10.561944,-68.83211461,252.3201446
-10.44668528,-68.90509761,266.5177257
-9.614841905,-68.52262707,207.0057673
-10.03028744,-68.40479243,237.1108373
-10.34115508,-69.14356011,131.4027264
-9.57270084,-68.08310843,331.2555528
-9.645461332,-68.52348851,142.4600562
-9.785930912,-68.43220772,169.0687453
-10.55303908,-68.99369232,135.3310743
-10.43020845,-69.49744173,159.3352929
-10.58056371,-68.97504857,198.1996706
-10.45521116,-69.18295488,225.3045009
-9.999519444,-69.39508433,250.3449072
-9.965727745,-69.41997188,267.1661855
-10.44906279,-68.68215882,121.1436256
-9.727736708,-68.95253119,208.2475659
-9.828345798,-68.24942335,138.0143942
-9.829536052,-68.18351681,196.7111784
-10.4785846,-69.5828425,188.223628
-9.925298193,-68.3627493,261.0492447
-10.11867591,-68.94860241,98.79220755
-10.61854726,-69.01759467,205.1071545
-9.761475185,-68.45505284,182.7617525
-10.12711458,-69.28414685,215.7542627
-10.59988313,-68.99666897,143.8071646
-10.41900161,-69.08596684,186.0120461
-10.57020169,-68.94587227,227.1473654
-9.886188464,-68.25374747,275.0595922
-10.55533358,-69.26407169,186.7017538
-9.771489304,-68.19033461,185.197062
-9.810108192,-69.51738456,190.1970651
-10.01028135,-69.40400693,168.088221
-9.744349427,-68.17037699,40.95660562
-9.83632998,-69.53192312,170.6611311
-10.41512739,-69.15331747,246.6555926
-10.10004453,-69.48655218,128.9324984
-10.1207235,-69.26301821,268.5878208
-10.05033743,-69.34742081,115.9091756
-10.100371,-69.2993226,274.9211841
-9.649936242,-69.24336697,100.7832679
-9.811108118,-68.18423907,144.3516484
-9.831332227,-69.53560427,229.1049555
-10.2713939,-69.5182124,191.402994
-10.6773448,-68.70454367,287.789966
-10.3688826,-69.13988966,189.5064619
-10.07700519,-68.16195125,206.2250615
-10.48120003,-68.89457681,137.9140466
-10.37687521,-68.62893794,265.6071888
-10.64215105,-68.83216151,300.9719269
-10.07410833,-69.35704724,266.8276505
-9.914676613,-69.34261879,188.293828
-10.59032822,-69.6029616,182.9724847
-10.5513795,-69.24678435,262.2092093
-9.843951495,-68.26132642,191.2598147
-9.829039082,-69.15440135,226.4528688
-10.27640283,-69.49726108,136.8734021
-10.53520255,-69.32334097,203.9951116
-10.25759093,-68.498429,277.1020043
-10.05915936,-68.87670482,250.7465876
-10.58630134,-69.38183277,268.8284216
-10.05453821,-69.20025982,146.3604272
-10.45133244,-68.87954293,125.2140744
-9.874252772,-68.75487782,249.739298
-9.995327251,-68.82246241,321.2157292
-10.35230297,-68.66378657,321.1167511
-10.25718389,-68.08382238,109.1533241
-10.1828741,-69.31593633,116.7742617
-9.830129759,-68.45758142,175.4769492
-9.629571728,-69.26565979,188.311055
-9.682568567,-68.46200318,33.25668942
-10.20509102,-68.57586513,53.54535327
-10.37390548,-68.67243834,220.3676973
-10.04757833,-69.43321878,267.8131084
-9.954293422,-69.37158283,193.5815574
-10.41517497,-69.07853024,124.9170165
-10.24026231,-69.57516549,191.2767147
-9.765030581,-68.65325852,129.2879426
-10.03412281,-69.01083919,228.0167056
-9.965293175,-69.39203457,178.1228687
-9.953744233,-68.83399844,204.4461338
-10.36587312,-69.59672318,189.6186649
-10.13422337,-68.18094988,161.6543499
-10.68796312,-69.33359668,369.3175054
-10.63604988,-69.39697847,15.63473777
-10.65824201,-69.30462739,267.8123981
-10.43393796,-68.52456074,49.05519839
-9.93351385,-68.7769543,376.4650513
-10.22522943,-69.20081809,224.505013
-10.17008103,-69.25937942,125.6183536
-9.728409927,-68.43498877,15.5619191
-10.02516346,-69.44504107,207.3660448
-10.14606758,-68.49734576,168.8570948
-9.615780382,-69.27744138,153.1826355
-10.40210226,-69.5582976,111.6588074
-10.7456401,-68.84439657,117.099858
-10.36791041,-69.57663953,328.4723219
-9.86589662,-69.07553423,15.31619782
-9.89910549,-69.48576772,124.8792891
-10.49856297,-69.01012309,194.1888915
-10.73188598,-69.41333641,15.25073007
-10.04605037,-69.45387533,159.0348642
-9.592036604,-69.12049059,131.4467366
-10.59919617,-69.30311847,167.8834558
-9.8154646,-69.15796573,191.2409688
-9.86353732,-68.24691358,223.6779022
-10.08815964,-69.2769479,124.0940448
-9.988669964,-68.27148543,108.638637
-10.43141533,-69.06651969,186.3911646
-10.60294676,-69.39291506,339.8857983
-9.692869574,-68.18543413,323.7406229
-9.911141687,-68.25038214,130.2503424
-10.42983416,-69.07796465,297.7924673
-10.58033425,-68.8527995,194.0501257
-9.91635887,-69.45637078,372.5002017
-10.23623461,-69.3478963,206.4180468
-9.763225893,-69.59228847,40.54518249
-9.742629043,-68.42458279,300.2472814
-10.47839107,-69.19280372,391.1943753
-10.56406021,-69.2634693,27.4708792
-10.51404229,-69.55657826,135.9862014
-10.04094983,-68.11836012,84.13794864
-10.08468441,-68.39225657,181.6895225
-9.717738848,-68.94518057,149.6557779
-9.93254022,-68.79047638,394.1227825
-10.68162054,-69.46722723,263.5742577
-10.64657707,-68.81457498,208.4120056
-10.28200439,-69.59847724,169.1468195
-10.526933,-69.214407,222.75642
-10.57433742,-69.54656205,328.7903696
-10.07793437,-69.4625835,183.4299981
-10.7620908,-68.98752985,18.69452296
-10.58604447,-68.97940886,194.2486141
-10.34240611,-68.82097408,168.3352493
-10.07359312,-68.4297234,233.9252325
-10.02341311,-69.14796635,378.0300132
-10.5745005,-68.84847972,184.813981
-9.915593969,-69.36452612,200.458447
-10.1205807,-69.50876228,309.6324501
-9.631657805,-69.26413109,26.03135196
-9.804057485,-69.17275195,274.0654522
-9.811360021,-69.51646473,192.5392928
-9.549602015,-68.21633979,176.2287602
-10.37960803,-68.50606841,130.9990078
-10.15111556,-68.93719174,136.8639134
-9.848490275,-69.27229871,125.5538452
-10.43188013,-68.90078457,242.9135993
-10.00610846,-68.26862465,334.6289621
-10.52343832,-69.34231264,195.9940792
-10.20230025,-69.21775178,187.6911614
-10.4021917,-68.64099196,11.19538901
-10.69398838,-68.70216172,360.9994461
-10.12895165,-68.64914844,149.8637774
-9.868407212,-69.10807871,351.591235
-10.57874499,-69.28798181,151.5880536
-10.1591758,-68.97827872,158.8577244
-10.5684899,-68.80896749,125.3064476
-9.767002163,-69.05501585,204.4465471
-9.864618489,-69.06060615,252.783058
-10.04143749,-68.57042097,157.1628508
-10.40818939,-68.62384548,243.8416582
-9.884266838,-68.47627787,184.6511564
-10.13936954,-68.65681622,391.4768569
-10.03559568,-68.56612428,202.3167755
-10.50296179,-69.53096769,203.4614666
-10.09139364,-69.48729242,268.8416748
-9.974162731,-68.57055281,28.85975393
-9.99005895,-68.85369041,247.9439857
-9.786907678,-68.69780459,240.2424507
-10.25328124,-69.35373465,159.6199987
-10.59688436,-69.52989665,350.4141118
-10.06339402,-69.43028185,196.4005919
-10.07251156,-68.88653227,316.5526875
-10.25930089,-69.01687568,170.0113465
-9.660537014,-68.33313468,328.8070312
-9.601146941,-69.59755065,373.0320764
-10.10418489,-69.46026129,287.6991388
-10.19333634,-69.56241684,168.6798061
-10.47141331,-69.49030692,215.2051734
-10.23647488,-69.03518953,105.3635549
-9.907309874,-69.44591571,127.5997127
-9.725748211,-68.13596851,118.152409
-10.3551862,-69.11161228,282.8445595
-10.15865564,-69.2841397,283.7976281
-10.46724578,-68.54914359,31.84918438
-10.00637105,-69.40989262,201.1881023
-9.845463096,-69.13594486,251.7859298
-9.757509899,-68.64773692,222.4360427
-9.790507238,-68.97682599,141.003501
-10.18452033,-69.30989525,143.9009581
-10.31498795,-69.10019167,161.1721955
-10.71606566,-68.83719001,245.2355381
-10.28157814,-68.78321264,185.3425113
-9.649497888,-69.26742,277.2782273
-9.935118765,-69.44922294,283.2846143
-10.28065887,-68.58235328,204.203401
-10.35154875,-69.59558133,315.2239516
-9.747052465,-68.40368812,233.5219744
-10.55871927,-69.27315931,199.9576088
-10.72261383,-69.38796996,214.8587554
-9.97025722,-68.16848956,14.52429293
-10.04950514,-69.37515452,203.0160484
-10.08714092,-69.46226978,175.6862213
-9.663145037,-69.28337066,217.0008265
-10.51326761,-69.60169129,355.7831789
-9.621942141,-68.51739913,223.4291487
-9.91594182,-69.4560628,263.1340183
-9.690782404,-69.59380215,148.313768
-10.49938278,-68.92239718,164.6029049
-9.832822544,-69.29713528,171.7977464
-10.61825581,-69.04568304,198.9038304
-10.35608098,-69.09553582,129.6859622
-9.682677344,-69.26177486,220.8705705
-9.798607032,-69.00451833,151.8358671
-10.39865284,-68.83360981,399.7295021
-10.41312655,-68.68703596,335.3337657
-9.976461194,-68.55852849,31.35805703
-10.53600379,-69.54700677,181.1586337
-10.17647565,-68.52680005,273.9887446
-10.13949,-69.27682868,180.9061441
-10.00745966,-68.40956152,130.4787313
-10.37147766,-69.44780663,196.6518486
-10.11729891,-68.49045745,263.4050849
-10.71073007,-69.36476795,165.7618647
-10.0815396,-68.11878476,185.8713957
-9.838215054,-69.14767139,230.2880677
-10.61593859,-68.94717091,141.8969491
-10.39577453,-68.70285593,254.1184222
-9.935649994,-68.36380912,91.66658755
-10.5476242,-68.99770077,183.352148
-10.4158871,-68.85333436,311.5814064
-10.15886201,-69.5076361,213.4119596
-10.32638672,-68.59876745,330.3343857
-9.615326503,-69.13758521,269.1347934
-9.78319215,-69.25355476,312.0776088
-10.51151483,-69.20298569,266.6877635
-10.42605105,-69.17502329,223.4832388
-10.69174335,-69.43187703,137.9070737
-9.96953277,-68.56005061,212.2991416
-10.32392215,-69.17981425,211.1025355
-10.16678005,-69.28899962,334.4938825
-10.58126313,-69.41887289,137.0934787
-9.701718667,-69.31271971,241.0771606
-9.972944934,-68.40484432,133.4291141
-9.879771348,-69.46615844,257.6196024
-10.35402167,-69.11701907,106.1629347
-9.807536665,-69.1637712,198.22766
-10.56905979,-68.76427269,187.8798054
-9.655448167,-69.2995458,240.1363526
-10.19295769,-68.55986406,14.89151347
-10.4760667,-69.19836041,213.5647253
-10.21098741,-68.7240758,143.5910206
-10.35023698,-69.41808143,170.621906
-10.32177375,-69.38943584,219.0508755
-9.9512753,-68.50412047,224.5230744
-10.567941,-68.77004366,146.0918826
-9.617003585,-69.15248797,240.1372314
-10.09922956,-69.4996214,217.5115415
-10.2223971,-68.49383073,19.15752277
-10.12111771,-69.24929741,171.0873198
-9.709717618,-69.31160396,138.4782402
-10.31861522,-69.39470216,156.4171838
-9.660073884,-68.14714233,133.3321069
-10.44478873,-68.91745454,156.2189748
-9.851576055,-68.22099107,241.09103
-9.844713236,-69.01662721,348.9509396
-10.18078164,-68.54431895,107.2774032
-10.40532647,-68.60744012,141.3210341
-10.64052597,-68.68486064,196.8900489
-9.641310525,-68.07401736,170.1296011
-10.14151058,-68.93012293,198.6355373
-10.7593283,-68.91892792,58.12221145
-10.32639388,-69.1612086,395.2735481
-10.03338429,-68.99771131,177.1007719
-10.60843158,-69.53131608,206.627491
-10.40269868,-69.16483705,137.566542
-9.909672987,-68.50943685,14.17957308
-10.66670073,-69.31783538,215.1215111
-10.19246978,-69.32296744,168.122101
-9.602633285,-69.32045635,311.5239005
-10.47882145,-69.51311889,194.3183822
-10.57212159,-69.5581637,198.0150539
-10.25127554,-68.58924034,235.4284419
-10.06621038,-68.17996881,215.3578229
-10.54692702,-68.98582667,220.0517203
-10.1999281,-69.54538444,118.0047238
-9.71870415,-69.58005211,108.0718397
-10.47993908,-69.36431899,181.2694717
-9.927337575,-69.43121442,215.1945466
-10.13020298,-68.42576709,190.699729
-10.29638562,-69.05148596,115.8062244
-9.565351346,-69.10088745,192.7768402
-9.976174038,-68.39361206,214.6461139
-9.924649786,-69.11866179,338.901623
-10.48680898,-69.19198842,202.6744893
-10.51743847,-69.56522203,201.0744597
-10.18161432,-68.5449331,126.9396607
-9.949620593,-69.12303693,227.332742
-10.15335847,-68.4884798,180.8268843
-9.703295474,-69.59585528,152.7431818
-10.05042002,-68.42689781,194.4854382
-9.904769937,-69.35660059,250.4748944
-10.29999002,-68.60355623,279.9487742
-9.77729021,-68.24744472,10.32765476
-10.0882795,-69.24634266,184.1628343
-10.0806059,-68.64174053,201.0873572
-9.794617573,-69.00917209,135.811748
-10.43764156,-69.49870032,210.6875682
-10.19370241,-68.7321644,33.95031713
-10.42846472,-69.53200523,273.0605374
-10.15269064,-68.50924576,228.1599871
-10.07032973,-68.36732473,183.6427256
-10.70636083,-69.37590048,181.819669
-10.28647492,-69.20078699,260.4881157
-10.24807595,-68.60756263,253.7763438
-10.58757465,-68.75634801,84.94230893
-10.05982502,-68.2023474,221.2501471
-10.31516693,-69.18627657,162.1977324
-10.5989729,-69.52835446,241.9614239
-10.10864565,-69.33826485,198.6725747
-9.857070149,-69.10619967,187.5550197
-10.61779424,-69.00994,258.7017781
-10.25236572,-69.59884366,20.81771672
-10.74112019,-68.95126534,392.321856
-10.4168037,-68.65175294,166.1209127
-9.996048585,-69.13495495,196.4116442
-10.4788799,-69.18614163,371.7573572
-9.75152633,-69.21847771,238.9157783
-10.06436376,-68.46508749,15.22423
-10.54258666,-69.33494705,179.4565915
-10.26491774,-68.5776931,247.9617567
-9.611207119,-69.27909149,172.9453903
-9.571532324,-69.33690685,217.0906374
-10.19752726,-68.86294058,226.3611599
-10.1703492,-69.29271683,112.484724
-10.38175623,-69.13573665,212.7655626
-9.96986739,-69.39992117,126.0740196
-10.68981594,-68.71379406,210.0929921
-10.20992628,-68.98775644,194.2290516
-10.58332984,-69.50536059,260.406557
-10.60728846,-69.41134188,222.383321
-10.18544666,-68.67639939,217.1781678
-9.925250532,-69.43274296,258.9695879
-10.75512529,-69.40499215,96.86770149
-9.588117479,-69.3383749,199.8541868
-10.42553156,-69.52425134,362.2287286
-9.907359784,-69.47832065,176.6704673
-10.49195682,-69.50053075,305.7727671
-10.25111412,-69.59792361,261.1638075
-10.43177561,-68.74305179,264.8923772
-9.758157685,-68.97484034,307.0004918
-10.02655907,-69.39203899,170.3720719
-9.632624438,-68.54943571,288.6986652
-10.64351676,-69.02160254,214.5734544
-10.17937783,-68.0965974,176.4896396
-10.17570005,-68.51920298,166.3728083
-9.880143795,-69.47262582,184.3038275
-10.63895899,-68.86120898,199.7339236
-9.727366251,-69.2335135,239.5974501
-10.38120926,-68.84958992,305.1541054
-10.04342568,-68.38297591,16.3657955
-10.32442756,-69.12758938,56.9659775
-9.876908903,-69.33608912,190.4186352
-10.0116959,-69.18998049,111.2712957
-10.0355261,-68.10680431,200.6614795
-9.905669352,-68.30479634,10.3911284
-10.27201431,-69.3675534,140.1489797
-10.14153623,-69.3021281,251.3606407
-10.55828896,-69.52387332,226.9207419
-10.65143287,-69.36708877,210.7946655
-10.16146758,-68.95206522,86.40727709
-9.687677686,-69.25810603,197.9558897
-9.871455284,-68.48796672,87.74134361
-9.977315639,-68.08092777,134.2117121
-10.34776987,-69.43752098,333.821143
-9.992326444,-68.57020731,148.5011562
-10.12504685,-69.27445388,138.9865283
-9.556990134,-69.60072936,115.802639
-10.12382152,-68.47367023,273.396891
-10.06560425,-68.90276175,195.2199933
-10.55121774,-69.55699397,133.7599493
-10.21226728,-69.21716742,106.549888
-10.69870937,-69.06974567,200.692124
-10.70386964,-68.87786818,361.6891802
-10.16832245,-69.55049929,163.2775681
-10.03904057,-68.11793322,10.4399832
-10.64817684,-69.03949424,184.7731225
-9.718242183,-69.01202711,178.9764713
-9.641583577,-69.27168374,180.3008477
-9.996101496,-69.37607861,162.8222416
-10.3310871,-69.40391791,141.4636395
-10.29220717,-68.80479807,111.3851519
-10.46816657,-68.93470614,49.40476142
-10.27158325,-69.35997816,341.7604336
-10.7082542,-69.45756822,192.5360202
-10.72340703,-69.43637895,219.1741359
-10.38766423,-68.61577425,157.0329334
-10.22667931,-68.75649336,190.6528344
-9.824452003,-69.26172894,178.2300349
-10.05828215,-68.21364529,186.7462652
-10.07552994,-68.88151582,141.1362452
-9.633723428,-69.28398427,106.8649166
-9.774185715,-69.5392896,159.3116645
-10.31390585,-68.635421,133.8192787
-10.17710158,-68.98489028,356.7528085
-10.34441064,-69.42103237,207.9990232
-9.747485844,-69.19396292,166.2520773
-9.568889819,-69.08882375,118.1323357
-9.734867004,-69.59640202,119.010107
-9.721867698,-68.11143211,60.79029433
-9.842683022,-68.34439362,180.9806578
-9.598911105,-68.06367672,111.6757875
-10.66976379,-69.46932884,266.5113461
-9.93634509,-68.52194109,181.1146726
-9.958461747,-68.36626837,217.8803768
-10.59458832,-69.39908862,396.5952568
-9.784038619,-68.3941439,52.38344689
-10.11053483,-69.32130657,267.7085955
-9.736954769,-69.59487146,204.938866
-10.09321709,-68.44418649,214.9124276
-10.29462304,-68.77120828,95.99037202
-9.647585624,-68.9083901,219.1275286
-10.48105748,-68.93711115,332.8865197
-9.998912724,-69.52426206,165.0645761
-10.72394428,-68.916861,249.8523116
-10.48511911,-69.58467702,178.9765977
-10.06118095,-69.32819496,333.7887961
-10.5024301,-69.57634459,138.9434325
-9.95257776,-69.14643735,256.7150027
-10.29391782,-69.60482807,222.274113
-10.45426257,-68.89615477,120.6257659
-9.825090216,-68.69042053,137.7227377
-10.30945672,-69.07543159,142.2019263
-10.03492255,-68.60156372,170.0028894
-10.53313846,-69.01854264,133.4169304
-9.94677054,-68.29821962,14.12893113
-9.979759529,-68.55385398,142.8447014
-10.72518436,-69.40351828,339.3600338
-10.358137,-69.43118958,315.9724305
-10.0631583,-68.10524105,252.7823696
-9.782120013,-69.16852637,186.742965
-9.995782389,-68.55115296,181.5131397
-9.678850064,-68.50909792,215.3099031
-10.16769517,-68.50598954,106.9540651
-10.58569759,-69.5102836,216.162644
-10.3147294,-69.05081523,279.7867978
-10.16473055,-68.45865409,178.227752
-10.68220245,-68.91494785,171.2048637
-10.14247829,-68.96596339,230.0477051
-9.715893642,-68.10007138,51.64181515
-10.62175008,-68.99845586,206.9383972
-10.14550561,-68.68293207,102.1771306
-10.24586006,-68.53934512,136.7148715
-10.12461066,-69.28598583,188.2237028
-10.60052961,-68.95855488,253.9128316
-10.61758182,-68.77860465,283.2637871
-10.23837053,-68.58678285,313.4428329
-10.25194375,-68.52300026,195.2425476
-9.727713231,-68.64008507,186.6823081
-10.5014797,-68.95222775,224.9117467
-9.973710355,-68.56311643,181.5488684
-10.46354861,-69.02473474,207.7896862
-10.54486753,-68.99297738,31.25390149
-9.874453865,-69.34142471,233.4288144
-9.896270533,-68.49248002,209.1810446
-10.07904389,-69.36005789,173.605631
-10.28148097,-69.05478438,212.6053382
-9.698910658,-68.46103638,221.3848843
-10.68191928,-69.47701181,229.6983224
-9.86428592,-69.28391311,132.2338518
-10.51119265,-69.56985476,219.4109088
-10.58790865,-69.12213227,122.8604753
-10.29558659,-68.526424,130.4304107
-9.819890582,-69.28761998,154.3338699
-9.94276225,-69.11041292,308.8330023
-10.19754526,-68.56324951,109.0496075
-10.6576645,-69.05389935,204.2012456
-10.00530715,-69.14923545,193.1646568
-10.27346914,-69.33907208,234.5405863
-9.950952011,-69.09466466,272.964371
-9.941140362,-69.07195257,96.76352057
-10.00843415,-68.38178473,349.87226
-9.943912519,-69.35686519,188.353937
-10.66002383,-68.81711497,287.72206
-9.845556476,-69.27015058,158.5018919
-9.649715351,-68.87335636,143.8547316
-10.02451552,-68.57938481,156.3439325
-10.26018716,-68.61649026,299.1965143
-9.980573496,-69.49670904,226.2794326
-10.27158663,-69.06813264,161.2608008
-10.05997582,-69.21150882,137.627569
-9.931337015,-69.06543366,265.1338358
-9.812436163,-69.00748382,296.2683905
-9.947441002,-68.33692988,221.3637511
-10.42501814,-69.14634292,272.6272324
-10.15085794,-68.97918559,133.0141173
-9.808141811,-68.4041922,217.1580454
-10.45694983,-69.19786791,199.406337
-10.48396551,-68.91097172,227.1561057
-10.41050454,-68.48546991,248.9406111
-10.06798695,-69.44819978,257.8688039
-10.55388453,-69.24863798,133.4944471
-9.937568043,-68.77300128,270.716943
-10.11308747,-68.41316918,208.2094384
-10.21650479,-68.12029317,276.3185675
-10.51221775,-69.35735886,122.9322714
-10.40366387,-68.83730503,148.6258907
-10.01196441,-68.84193876,260.484169
-10.72466537,-69.38242669,264.6248808
-10.6205406,-68.67007042,319.3299686
-10.1104521,-69.30766378,271.7923105
-9.920288302,-68.29405024,23.85348036
-9.79043741,-68.22850164,124.5383211
-10.35537129,-69.58589454,178.9646341
-10.07661065,-69.35520639,260.8323163
-10.12987232,-68.94305747,137.6192452
-9.959964811,-69.06539651,250.0583257
-10.19328223,-68.96827196,288.3699213
-10.48993667,-69.5856034,204.5748617
-10.65104683,-68.88454495,160.1174553
-10.25320559,-69.0545765,185.0851962
-10.40341813,-69.55048756,306.028588
-9.936015511,-68.20029081,130.0348223
-9.693889497,-69.32120234,126.8393108
-10.49818719,-69.22179402,241.4404065
-9.969405859,-69.40701379,135.7545026
-10.13311006,-68.14180705,193.4670065
-10.73034361,-69.42461086,241.0676122
-10.47956277,-68.71178351,233.0222739
-10.28355979,-69.20293828,266.404146
-9.558748342,-69.18689491,232.3821619
-10.31587477,-68.56279058,168.5958488
-10.10714022,-68.8978583,114.6972463
-10.2672165,-68.07642422,218.5716464
-10.1677253,-68.95668136,16.05319918
-10.435271,-69.45147747,187.2542563
-10.42787245,-69.15546906,287.2075261
-9.909406765,-69.43314394,111.7145194
-9.976079474,-69.40210151,136.9758416
-10.20785575,-69.313001,322.1933825
-9.94216591,-68.77638239,264.3662984
-10.60724737,-68.66022599,120.4983923
-10.56999439,-68.79582703,220.6391325
-10.13223562,-69.33072171,182.5267645
-10.58557778,-68.94127006,211.5674526
-9.796827771,-68.30262811,10.38557168
-9.839935258,-69.15366254,239.9103783
-9.678767975,-69.2295669,150.0331832
-10.61429047,-68.84993998,175.7251099
-9.844422175,-69.29851788,31.28295503
-10.46533919,-68.69418104,177.6926033
-10.47733318,-69.5837691,160.2231491
-9.710402113,-69.22121292,183.3832558
-10.68176258,-68.86149636,180.5138892
-10.27302234,-68.50981828,262.2383681
-10.32986497,-69.41701972,171.7518759
-9.785650216,-68.69688107,215.3469379
-10.11974864,-69.50814719,367.8466402
-10.24203682,-69.34544101,224.2079905
-10.31732086,-69.58753348,154.379051
-9.579677841,-69.20218537,349.2912058
-10.12190841,-69.28763565,222.5322609
-10.50887357,-68.77927454,83.77195444
-9.767288804,-68.96691293,188.7753187
-10.21261925,-69.01103529,159.0370557
-10.42542448,-68.72472128,250.7399084
-9.768930748,-69.03501867,109.3197893
-10.14713618,-69.52118547,188.6441871
-10.3925698,-68.62678489,209.0744575
-10.21995765,-68.74442635,230.1993819
-10.03692413,-68.09339269,272.1215294
-10.37749184,-68.85396646,185.755716
-9.721332441,-68.37111932,232.1941595
-9.745405272,-69.57169728,247.2915926
-10.24984849,-69.32911188,240.6050601
-9.70716526,-69.31670813,220.8892724
-10.13172932,-69.26955973,181.867637
-10.53807794,-69.02155341,122.8465658
-10.05058753,-69.47094494,214.1395195
-9.822627929,-69.5081748,176.3257766
-9.726633499,-69.57422953,207.8841109
-10.47298389,-68.89553327,358.8438485
-10.2560417,-69.19612325,191.5366876
-9.879128752,-68.255642,178.1246018
-10.19459035,-69.56333766,180.4289317
-10.28770582,-68.62972795,163.6275997
-9.752868212,-69.59325932,165.499613
-9.764190521,-68.98682476,177.858352
-9.694998539,-68.47051926,270.2319605
-9.712262708,-68.44020904,70.06611755
-10.03516386,-68.88690568,188.0964691
-9.830553771,-68.71559435,165.5460057
-10.43929832,-69.51408538,351.1381499
-10.42918004,-68.72749222,137.5519789
-10.17977259,-68.47686752,220.0737354
-10.1879893,-68.56325044,172.9565234
-9.61156215,-69.27148758,176.5628075
-10.75803227,-68.9351461,195.7392406
-9.579822037,-69.58192251,161.6846676
-10.5869505,-68.98711439,342.4151939
-9.836517966,-68.70574396,223.0777711
-9.857339384,-68.24133411,133.2913915
-10.73355659,-69.41210581,163.5799479
-9.729806973,-69.22817704,127.7677316
-10.49451018,-68.69457262,150.8063027
-10.59508328,-68.97873021,328.7978506
-10.17494742,-69.51246795,247.1302543
-10.73781297,-68.95588994,206.4964905
-10.30196543,-69.17247986,274.7951933
-10.16198035,-69.2793316,126.427592
-9.73713359,-69.32446614,213.9978049
-9.760166452,-68.14679211,138.712601
-9.988107421,-69.50223268,176.3790816
-10.66061722,-69.06321466,263.2932037
-9.68732362,-69.26562634,334.4516701
-10.72825962,-69.37776451,202.9096391
-10.65870651,-69.06846367,358.7031271
-9.655986723,-69.15268393,236.8239523
-10.3019944,-69.39644421,198.7529512
-10.42425419,-68.49561271,317.2588325
-10.61170335,-69.4032624,322.1336205
-9.79961116,-69.55892383,205.0629325
-9.74519993,-68.95070652,260.0175639
-10.087036,-69.24542614,13.89199577
-10.23038293,-69.33683182,315.2211764
-10.12089782,-68.47151743,200.9231764
-10.11576395,-68.94628053,256.6667015
-9.690905059,-68.59197818,240.5683506
-9.600759136,-69.30163414,224.9820183
-9.839477924,-69.30201438,15.48536974
-10.09341322,-69.48164193,174.1865754
-9.870783945,-69.13099125,178.2844868
-10.2737918,-69.33216085,323.7304646
-9.675384293,-69.24691801,162.5629607
-10.39578771,-69.12475431,158.4223119
-10.73387414,-68.8929651,201.1410733
-9.947247078,-69.3593147,371.6061896
-10.60435344,-68.83552763,190.0993803
-9.98518611,-68.55785158,114.7164501
-9.947789492,-69.37434678,198.8880072
-10.65462902,-68.85850765,283.5865488
-10.02569141,-68.56584777,21.39544189
-10.43304908,-69.52860976,298.6505948
-9.776402158,-68.68305945,215.3129117
-9.807599023,-68.69172806,132.6195109
-9.5500208,-68.21664467,168.8719956
-9.875709559,-68.74872707,335.189324
-9.805606788,-69.25534983,237.8814912
-9.79381383,-69.1599772,137.2733215
-10.14115818,-69.27805725,137.9492273
-9.802063423,-68.27924415,12.42509732
-10.26171179,-68.59694118,216.698558
-9.772106466,-68.3725317,24.86462848
-10.71164648,-68.95015878,9.99630933
-10.08338949,-68.19516637,237.7708854
-9.922607073,-69.3413293,397.1209384
-10.50615958,-69.60694447,36.14180983
-10.28651087,-69.16686975,29.59685919
-9.996520292,-69.43105297,200.7148521
-10.25113953,-68.52950796,184.8695156
-10.17747814,-69.26141006,38.17326262
-10.16672272,-69.5427712,313.1171053
-10.10348957,-69.46678826,124.5909204
-10.41591866,-69.53133555,146.0436377
-10.69910468,-69.09836404,192.6207416
-9.599892945,-69.59663134,131.4178
-10.2066423,-69.28283439,39.66448461
-10.63068846,-68.92949408,141.4212721
-10.4112337,-68.71424413,250.4981195
-10.63557215,-69.3788017,188.6561199
-9.981227842,-68.24912025,10.65518293
-10.01253241,-69.19059613,347.8337245
-10.27196338,-68.77611937,171.9886369
-9.62591742,-68.51007275,28.12544995
-10.59630042,-68.79819318,181.6685835
-10.2465141,-69.56519599,200.7318756
-10.23449949,-68.50276608,112.2486316
-9.886657558,-68.485427,202.6216936
-9.885496425,-68.34735776,271.368241
-9.710737833,-68.1320304,16.75686226
-10.6724558,-69.05032454,324.2025247
-10.66186134,-68.79705548,276.23736
-10.61541877,-68.78408432,161.6695787
-9.552800793,-68.60805103,223.8447248
-10.64653074,-68.79272393,193.1323804
-10.63521856,-68.65148427,236.1241495
-9.728857657,-68.37664682,185.359422
-9.885994204,-68.7705368,366.5087943
-10.39349859,-69.45007602,401.522811
-10.6168573,-68.84480209,203.9483384
-9.7165535,-69.2118917,229.5421243
-10.01682532,-69.43889837,200.9811478
-10.71340348,-68.90208299,283.6999044
-10.03593526,-69.41001357,130.3637101
-10.27512911,-69.51544541,260.5175683
-10.27740196,-68.7801313,126.2504393
-9.76647838,-68.18664863,13.3416772
-9.822288054,-68.21394041,159.6802072
-9.554909564,-69.10692026,185.0955337
-10.63793547,-68.80076043,266.2540342
-10.71995736,-69.11381223,184.4727738
-10.33667593,-68.59264407,201.8604491
-10.69781737,-68.71247143,208.2027269
-10.36356431,-69.11672528,124.2297802
-10.46582188,-68.88320103,306.1907585
-10.45805349,-69.08068178,141.3001739
-10.0377049,-69.1803014,129.5259029
-10.68887269,-68.9099988,387.6873491
-10.31306898,-68.63480275,116.5206171
-10.04336223,-68.36182605,134.4869764
-9.697210179,-68.61771632,202.3209117
-9.752007563,-68.65091828,162.6824909
-10.37668053,-69.43001386,199.0955918
-10.46033438,-69.47716859,204.392793
-9.55120961,-68.83778287,228.2542401
-9.966730283,-69.15686667,112.5924269
-9.594289586,-69.08586927,330.4447592
-9.758468317,-69.22089613,218.1045641
-10.12936768,-68.42515261,114.1816397
-10.3737222,-69.54582906,213.2682021
-10.42038841,-69.12871191,184.3330403
-10.27520561,-69.17068617,212.8416669
-10.57525735,-69.51798721,290.7084034
-10.10750439,-68.16729875,273.8394175
-9.812727319,-69.00025361,223.9251698
-9.816112089,-69.29137747,194.8405261
-9.962849454,-68.55514615,196.0110485
-10.43734866,-68.70488594,172.8754308
-10.74566253,-69.09715834,204.8399306
-10.06533156,-68.11430875,265.031691
-9.995838892,-68.57941297,207.2217302
-10.71347279,-68.8579167,208.7889232
-10.62414445,-69.28634958,232.929876
-10.09626928,-68.6466726,148.5135296
-10.07097267,-69.46509833,224.9990053
-9.913625853,-69.32720761,188.9973974
-9.782879045,-68.65942594,100.8224111
-10.74098721,-68.81947806,176.2454829
-10.11147369,-68.17029107,206.5813169
-10.04992824,-68.21976985,193.6975979
-10.34073845,-69.14386785,356.4320016
-10.67370454,-69.05124376,324.6504975
-10.72267073,-69.39458052,10.52597909
-9.841368037,-69.28869647,115.9882959
-10.33899641,-69.16203153,203.7933409
-10.72009019,-69.37902767,186.3987843
-10.04413439,-69.33398881,115.2229419
-10.09529841,-68.93121059,21.62748971
-10.5921308,-69.41084591,383.8514456
-10.52411851,-69.53177324,253.6451115
-10.13019392,-69.2411916,131.9413504
-10.51880284,-69.56397812,96.37798111
-9.927820556,-68.80785834,371.3295883
-10.63572726,-68.65902214,285.7385619
-10.00618584,-68.83046277,228.8456269
-10.61379337,-69.3682716,259.7517329
-9.629821406,-68.29690058,164.2818274
-10.32262507,-68.56069764,137.2156223
-9.724791462,-68.61680886,146.1449863
-10.68183823,-69.35146794,310.3216943
-10.37271864,-68.66453473,395.157081
-10.69871443,-68.74930227,230.7441829
-10.2248894,-69.54922537,340.5298754
-9.941753635,-69.13847114,215.0109867
-10.50854822,-69.03669125,131.999058
-10.51118126,-69.24504527,177.6790473
-10.47896765,-69.01332471,178.1743881
-10.14525764,-68.16628776,203.1440092
-10.3735604,-68.48002011,185.5966958
-9.914556478,-69.44812729,180.4352752
-10.34216779,-68.58218344,264.0379219
-10.66007718,-68.84543384,165.4698938
-10.11659762,-68.94689481,112.4481949
-10.53645311,-69.59107564,179.9809592
-10.43839675,-68.6388481,187.9954926
-10.0815669,-69.22015397,198.6605833
-10.14047234,-69.27434626,120.9702062
-10.23430346,-68.59740725,274.6566522
-10.52059213,-68.98934225,107.089161
-10.28313797,-69.17612338,138.4286908
-10.3400769,-69.58045251,194.0901072
-10.68913124,-68.85319942,135.2671968
-10.36980314,-69.4465658,138.1327936
-10.69982073,-68.8783223,236.4665527
-10.09347472,-69.22133443,257.5626571
-10.01830155,-69.1735953,310.6841957
-10.35156158,-69.13586193,218.4369033
-10.49549937,-68.76941889,119.2383872
-10.71614966,-69.41828644,240.2588993
-9.757923025,-69.18630975,242.8230276
-10.02154781,-69.16119883,111.1219855
-9.978176865,-69.38930238,184.2968152
-10.64551574,-68.79928376,153.5811484
-9.630283761,-68.54461124,175.1305424
-10.34942286,-69.43148542,202.3587265
-10.11387994,-69.32376952,116.5178949
-10.71731586,-68.83811771,195.9627301
-9.863136556,-68.48895525,204.4784693
-9.951399282,-68.79734461,314.9011005
-10.32889155,-68.6321602,183.5486289
-9.963874484,-69.0415214,97.58862041
-10.24405581,-68.56231137,189.6312335
-9.699998924,-68.50014108,169.1576004
-10.12636064,-69.48370217,167.6445479
-10.2768883,-69.1807408,172.3999276
-10.33948863,-69.14479577,306.625736
-10.13534604,-68.93632086,226.0177181
-10.03116297,-68.5988044,119.9423695
-10.74723351,-68.82613127,141.503343
-9.977930165,-68.35935149,293.5970262
-10.08417189,-68.88094181,219.8095856
-9.904531315,-68.31231957,178.91491
-10.17166544,-69.53928145,291.7131173
-10.22238267,-69.56195818,197.1403058
-10.17632054,-69.54983546,22.76609702
-9.678431819,-68.50940376,276.5130208
-9.645761825,-69.24642764,187.1066642
-10.13796951,-68.16779645,201.8294083
-9.551122686,-69.06125256,214.3452215
-9.716089592,-68.98935636,171.6680576
-10.23398191,-69.19435458,140.1034731
-9.774903915,-69.56697635,148.2157484
-10.4359216,-69.08022214,155.7480213
-10.52419504,-68.70945312,83.42925807
-10.16415155,-68.9753599,136.2120322
-9.87424549,-68.21633088,169.2404665
-9.908612987,-69.47924165,54.6680482
-10.0991202,-69.33862701,275.1438495
-10.17877788,-68.54941148,150.8104641
-9.761136582,-68.37877522,270.5155041
-10.25775367,-69.52148112,151.9736342
-10.19979469,-68.49166009,106.0487961
-10.61447136,-69.03576227,217.2629349
-9.575848945,-68.06420792,178.2233002
-9.958719046,-68.83062956,10.3911284
-10.3543878,-69.08009767,244.421797
-10.11803486,-69.23944576,397.2460573
-10.61087203,-69.48498196,185.047193
-10.11063621,-68.66388042,126.6567097
-10.05478063,-68.90135583,264.2778929
-10.68851821,-69.08388815,140.8368012
-10.71322676,-68.93767894,171.9398432
-10.20065855,-69.24722968,232.0921415
-10.11678796,-68.91915541,370.0057069
-10.57669014,-68.96517577,189.2536848
-10.20296467,-68.8654378,165.8235263
-10.65043842,-69.32740865,199.5253874
-10.04023679,-69.37185488,115.5963242
-10.41196116,-68.50111339,121.9328613
-10.71548882,-68.90362553,202.9005525
-9.870028321,-69.06456944,213.271332
-10.70220721,-68.90013272,300.4802297
-10.10044231,-69.4721169,153.2348887
-10.02850454,-68.44570722,27.18854991
-9.692176767,-69.17931982,237.600768
-9.785516147,-68.1869537,302.7745824
-10.04044802,-68.43386518,14.87876898
-9.638146227,-68.87201432,238.2654761
-10.1816977,-68.6736311,176.8023371
-10.53849476,-69.02124683,206.2360195
-10.69425374,-68.86362895,205.304437
-10.46183387,-69.04404727,117.5972533
-10.05343281,-68.88675595,213.0232595
-10.58416104,-68.76089776,217.4811881
-10.11592451,-69.31872385,133.1554188
-10.62490803,-68.65101491,152.235435
-9.699378139,-69.20581658,140.0349085
-9.846238295,-69.40462749,207.71724
-10.00801834,-68.8669048,134.2754638
-9.87060687,-68.77284954,206.2804197
-10.35783422,-68.68149795,200.3748527
-9.959418647,-68.3742428,62.05395101
-10.66393254,-69.4568515,233.0245807
-10.10064253,-69.21939877,153.6431561
-10.0405003,-68.23334293,184.8210185
-10.19458347,-68.87896783,174.4917199
-9.840999308,-69.49466766,231.514555
-9.598463259,-69.32351435,140.3657024
-9.69216458,-68.08964433,210.2848509
-9.626943216,-68.54707548,305.4587398
-10.40950428,-68.61052169,185.637753
-10.63270306,-68.87095588,252.9471707
-9.635343059,-69.15222431,223.768953
-9.836076916,-69.3060916,254.4359224
-10.260848,-68.77456539,284.7382393
-9.743597427,-69.24545621,280.1910654
-10.5747058,-68.99970842,182.4811789
-9.970871227,-69.15267421,181.4618678
-10.18616207,-68.71949114,158.4152053
-9.808547143,-68.99718851,222.4295773
-9.858090485,-69.4820886,156.9508355
-9.738213761,-68.43219507,157.7338241
-10.33759525,-68.64561125,148.6217484
-9.788843666,-69.02612783,322.5759536
-9.864391319,-68.48987795,121.2314318
-10.22098009,-69.01718987,191.621387
-9.642765414,-69.26945411,223.7113366
-10.56737226,-69.53495695,230.6325615
-9.64406607,-68.16328367,151.0919457
-10.18439349,-68.95477254,207.76846
-10.25495364,-69.36172337,154.685265
-10.01764356,-68.43771131,168.8991
-9.657359491,-68.09948058,145.6255877
-10.09358676,-69.28093907,142.8513404
-9.646515371,-69.16697186,319.0185897
-10.51407798,-69.24012932,220.5808339
-10.33585681,-69.11559,219.8139101
-10.49430943,-68.5544647,125.7103485
-10.60145421,-69.28385696,193.0833771
-9.567034119,-68.81288176,252.59626
-9.886609352,-69.11933766,142.608627
-10.39573813,-68.69577584,284.3172925
-10.61878369,-68.8077512,295.5758957
-10.72372752,-69.35312396,196.4410303
-10.68357472,-68.70917586,222.5045738
-10.48076274,-69.50503289,177.3728778
-10.7034597,-68.85404068,211.2943992
-10.50316787,-69.19682497,396.9045085
-9.789504942,-68.4012217,130.6537586
-10.56252292,-68.76602255,15.18426271
-10.3985913,-68.65206844,195.6419855
-10.222044,-68.51469712,117.7708529
-10.38564858,-68.60721418,184.2243494
-10.64668217,-69.32462646,15.83726173
-9.642004758,-68.5360335,220.5353571
-10.69938517,-68.72086987,215.9410267
-10.32199915,-69.57730843,390.5012973
-10.37064151,-69.44718718,198.6144819
-10.58184852,-68.83322312,326.4987251
-10.26375057,-68.74845333,204.2826356
-10.41188587,-69.17162819,175.2705187
-10.4384554,-69.14900526,169.5642804
-10.01377869,-68.11955892,123.4433912
-9.681274157,-68.92594975,189.3569144
-10.60098698,-68.97502731,194.2410444
-10.30268977,-69.60667299,277.8045155
-10.00986411,-69.4043136,285.4533092
-10.05308663,-68.19628571,152.3697864
-10.2414413,-69.19560844,157.349147
-10.1261823,-68.51061786,155.6188373
-10.28566,-69.35554866,229.0491164
-9.635239743,-69.26393971,248.6389824
-10.04493797,-68.42987195,232.6802912
-9.636594525,-69.2531545,129.6440867
-10.20362675,-69.55521618,293.2419965
-9.918948535,-69.43287297,112.3152864
-9.731264583,-69.56407659,124.3389699
-10.71414184,-68.739423,47.99853381
-10.49213512,-68.67144396,396.677473
-9.766174878,-68.66830678,99.19421387
-9.908885528,-69.14509542,143.4721743
-9.553128159,-68.81723742,62.22033345
-10.75912073,-69.4032854,268.2541181
-10.65695958,-68.80044259,383.255936
-10.17533422,-69.289116,326.4432043
-9.720696277,-68.19157017,172.4143939
-10.46009965,-69.50655697,114.2423028
-9.989641364,-68.28728914,235.2802371
-10.45764901,-68.7621415,195.9106269
-10.00459104,-69.17075916,238.8891912
-10.37260981,-69.13558681,130.3834295
-9.804041501,-68.40294086,169.9671979
-10.55196473,-69.43058396,171.3240975
-9.907240929,-68.22142292,13.24044274
-10.63636317,-68.68177756,186.6827405
-10.42246253,-68.71547637,195.7995113
-9.617402033,-68.91694936,209.2975743
-9.590982843,-68.52910433,144.3071011
-10.53108124,-69.5617987,173.5820391
-9.762382247,-68.28267109,23.79874868
-10.64892726,-68.7874862,227.7086669
-10.68351659,-69.08017903,143.6804939
-10.24418662,-68.53811734,118.8569989
-10.28824666,-69.38629105,218.8528046
-10.49436011,-69.49514947,210.6969863
-10.76127117,-69.38096394,38.61302181
-10.39544668,-69.54640992,162.3952282
-9.723127415,-68.93445528,321.4740142
-10.64094533,-69.38168585,335.3091037
-10.04519019,-69.23803355,191.5436887
-9.891791907,-68.27156194,111.8418684
-10.4080997,-69.16177787,177.0751921
-10.10854203,-68.14955617,228.7978229
-10.20823358,-69.55151184,259.1613165
-10.46479194,-69.06903685,349.9746275
-10.64292399,-69.47907318,138.0729459
-10.42686741,-69.55172554,228.6790137
-10.27540712,-68.07692811,185.9630157
-10.08421945,-68.17777706,273.4985358
-10.49327073,-69.46723115,184.3092235
-10.42139271,-68.65513169,224.2661438
-10.15466769,-69.26392548,235.7828271
-10.1224446,-68.6299964,334.7777586
-9.801943778,-68.42315068,13.30218126
-9.549773103,-69.57408414,180.1828345
-10.04597998,-68.62342213,148.9152584
-10.28897308,-69.19893956,140.2698217
-9.96466014,-69.03440504,159.3207625
-10.47643197,-68.7760233,250.2436967
-10.67151835,-68.68552438,254.7970768
-9.851390747,-69.29608471,182.5385249
-10.30001566,-68.55108244,142.6585924
-10.57991888,-68.85249162,208.1417195
-10.57041154,-68.79613496,141.7151516
-10.68703411,-69.34018416,185.1673086
-10.5389987,-69.53530062,293.3675916
-10.45713492,-69.1558417,274.0532075
-9.999815204,-69.41987443,142.7812082
-9.945183868,-68.52105272,131.8086084
-10.28382026,-68.79148812,197.4218472
-9.851314999,-68.34469497,109.2392627
-10.61949266,-69.48527644,388.5723506
-10.67940938,-69.4788637,191.1016282
-9.839697911,-69.50237196,188.1299815
-9.602951731,-69.60580723,154.6016715
-10.4609491,-69.5148304,222.2922187
-9.563014549,-68.5607067,213.391599
-9.784885587,-68.25957736,33.37108582
-10.01632163,-68.86645034,319.1333805
-9.621051618,-68.50700539,15.52275696
-10.51318105,-69.20421766,282.7808897
-9.86391868,-68.21573606,21.36814077
-9.953957396,-68.07128305,174.2033534
-10.08124806,-68.63561072,131.5181505
-10.28974737,-69.20502711,278.6238387
-9.650075452,-68.0804568,121.0438019
-10.26003369,-68.51451023,156.7381617
-9.733182487,-68.45263871,160.9363185
-10.2929841,-69.05599101,240.6813028
-9.829111963,-68.2552992,278.593101
-10.17992383,-68.45537817,178.931248
-9.731831745,-68.33348203,14.63928951
-9.647823515,-69.28043986,206.2549467
-10.38792541,-68.71073734,270.1981697
-10.35545124,-68.60650364,338.5774925
-10.68025078,-68.70670584,123.8277915
-10.51445864,-69.5562687,18.0994173
-9.803850162,-69.52199781,133.3370242
-9.99381295,-68.85645287,168.4647159
-10.02004749,-69.42004046,125.6707986
-10.4664643,-69.03387295,130.3213869
-10.02674889,-68.10790308,174.5804746
-10.19033439,-68.13303126,199.0869123
-10.69196098,-69.35086665,237.0752395
-9.933482671,-69.4690013,211.0799043
-9.824030527,-69.08967066,208.2290211
-10.33009904,-68.82563433,81.43718643
-10.74343851,-69.39633068,265.8893039
-10.21593223,-69.24273927,219.0830127
-10.52684423,-68.9847245,145.8650371
-10.0755598,-68.3784701,309.547967
-10.68154114,-69.0641332,163.8503191
-10.3802903,-68.82006996,154.269903
-10.1261896,-68.63276014,167.9379091
-10.14281642,-68.51630921,193.9038531
-9.798428893,-68.26072374,10.2276694
-9.720613626,-68.11051229,174.1486937
-10.06251499,-69.4513059,165.2752713
-10.39249565,-69.56536919,144.1989805
-10.47203646,-68.67090451,227.448961
-10.21031636,-68.88105664,305.7996754
-9.659695529,-68.51309197,345.6113221
-10.1663749,-68.69829012,181.7993787
-9.897885914,-68.32173395,14.87654003
-10.67147908,-69.04227701,254.7290909
-9.69182716,-68.60677718,132.1325902
-10.17193023,-68.45654157,187.487443
-10.5177281,-68.93596449,122.1217372
-9.707125734,-68.46164559,295.028406
-10.73301746,-68.83213899,184.689876
-9.813725064,-69.55518442,365.125161
-10.15717678,-69.2620949,190.2837137
-10.27729163,-69.58795029,185.3917012
-10.42146645,-68.89308777,175.9843071
-9.883958134,-68.3394076,107.7910914
-10.55758761,-68.7936261,25.80107486
-9.823894434,-69.27584993,193.3317257
-9.868421998,-68.26149317,177.589938
-10.04021983,-68.21678084,168.5981784
-10.6417474,-69.33461484,164.9698633
-9.767025667,-69.17224605,139.6259791
-9.813379831,-69.02294878,226.875767
-10.16435307,-68.50352702,233.6926038
-10.03005826,-69.00016452,130.1722894
-10.65254408,-68.85695938,250.676014
-9.712321076,-69.21526196,149.0616895
-9.954101315,-68.3839339,251.2043993
-10.10920246,-68.46290346,220.9693648
-10.04336849,-68.4360163,147.9754881
-9.780283527,-68.3969143,166.9258783
-10.37770732,-69.4456657,227.6151244
-10.4563911,-68.52647877,234.2102024
-9.767901107,-69.19280458,343.7537495
-10.44524551,-68.65823971,192.51613
-10.38875332,-69.4389532,181.2096968
-10.08783219,-68.38022032,185.6600427
-10.14830373,-69.30915246,386.1035297
-10.33898786,-68.6609977,206.9859024
-9.995647099,-68.39361917,179.350493
-10.64221631,-69.48970149,185.9701398
-10.0408824,-69.43536536,245.008944
-10.40759803,-69.10115778,251.3445872
-9.741558081,-68.64324874,135.4110215
-10.27555503,-69.34061574,392.2288354
-9.588747861,-68.82878834,260.9228597
-10.40538887,-68.70992481,269.7427843
-10.42363132,-69.51881432,211.3826862
-9.888509881,-68.23521173,64.40967508
-9.837887719,-68.18964892,318.0826943
-10.11950598,-69.49329335,171.4121863
-10.65710007,-69.31074236,235.6733655
-10.04128623,-68.8562787,216.8984683
-10.07986002,-68.59870885,276.0801507
-10.0298397,-68.13138321,173.6835154
-10.51494178,-69.60045311,192.2520267
-10.72653339,-69.39949206,174.8317433
-9.784565431,-68.39595811,116.821505
-9.791328259,-69.02071987,225.0147728
-10.37222425,-69.142351,198.1633987
-10.260478,-69.54330129,214.2604908
-10.03195758,-68.59228139,133.3588378
-9.875285416,-68.72726563,191.3997161
-9.864419138,-68.23612066,210.9704351
-10.08167535,-68.45694031,163.922523
-9.692332396,-68.3140093,171.0133471
-10.36065524,-69.43979188,185.9297178
-10.40181906,-69.07709677,220.7481474
-10.34588799,-69.60462086,177.0148881
-9.719702179,-68.66205634,110.9612433
-10.59395964,-68.99938636,158.5351604
-10.28531349,-68.54763312,144.053563
-9.930694982,-69.38265627,51.53200853
-10.62663242,-69.52442473,182.7557747
-10.19376916,-68.45127699,243.7016467
-10.08206848,-69.30604555,175.5131406
-10.25294149,-68.76872725,174.8693747
-9.793012508,-68.97866853,283.8360986
-10.41321844,-68.69437782,384.9945631
-10.43015507,-69.16442429,202.4169936
-9.914735597,-69.14939185,110.4102191
-10.27211566,-68.55161872,188.8845434
-10.22030779,-68.49228886,165.7452203
-9.952187339,-68.78375347,185.8910958
-10.30865872,-69.08189178,281.2598396
-10.48651394,-68.70316864,277.0970984
-9.841220692,-68.45913617,15.790352
-10.69724867,-68.85186665,224.6936803
-10.67564434,-69.4816444,102.0082141
-10.14781436,-68.95628819,156.5858809
-10.08981805,-69.21142601,294.543111
-10.57105904,-68.95654929,204.695228
-10.55248096,-69.58895199,213.5963535
-9.87376405,-68.48305755,132.9360621
-9.867571935,-69.1074638,222.9176173
-10.24541536,-68.50375352,163.1277776
-10.185302,-68.52629243,113.3997352
-10.28477922,-69.5934784,196.8519555
-9.777193333,-69.24167999,187.6186468
-10.71537943,-68.75437949,129.649982
-10.08454192,-68.63092794,224.3590433
-9.812838738,-68.22070505,301.7399425
-10.0957204,-69.27526902,133.9743787
-10.61097889,-68.66298869,154.1100585
-9.788273891,-69.57390404,24.26700978
-10.06018205,-69.47795716,120.7094339
-10.48195561,-69.51102326,277.9190727
-10.46321005,-69.20250368,243.8901316
-10.48439182,-68.93959229,197.5141215
-10.54099374,-69.21785512,184.1295895
-10.52379404,-69.56767806,170.6741147
-9.965915897,-68.25376729,161.0210902
-10.22999514,-69.35054558,171.859885
-10.02417292,-68.34073631,16.08334977
-9.661371543,-68.08874195,186.0519243
-9.793033632,-68.19247245,183.9187484
-10.18453572,-68.54708868,179.8856541
-10.1302825,-68.44692881,207.1701092
-9.926870988,-69.43829563,349.030088
-10.72914948,-69.35713965,364.1538625
-9.669654067,-69.26807687,200.9659051
-9.724690939,-69.18153974,236.0799457
-10.00124683,-68.41203221,292.0299469
-10.68643404,-69.08234185,210.0990525
-10.09916883,-69.30472135,180.2118655
-10.10669326,-69.30489417,195.9065485
-10.44726489,-68.91215999,271.8260184
-10.48309415,-69.01704836,236.8126046
-10.37647489,-68.66730546,290.5960854
-9.689306541,-69.15553043,209.1215154
-9.993536143,-68.54219494,172.0629563
-9.773361904,-69.17496085,119.4160129
-10.67546001,-68.87396687,393.9248736
-9.997345106,-69.41352943,158.1492174
-9.590042455,-68.58076961,210.4308941
-10.02971655,-68.43955429,229.3681573
-9.580603096,-68.58116558,408.897502
-9.802460244,-68.72282645,172.4570036
-9.800386883,-68.39319725,9.981018923
-10.17877463,-68.98612164,235.1661287
-9.728119517,-69.22841333,243.4934747
-10.47068529,-69.51936283,240.1476645
-10.58010025,-68.99656462,163.0051149
-9.849582531,-69.40709158,123.2906501
-10.68421044,-69.33081795,391.7352085
-10.30251545,-69.35336786,198.6824235
-9.6603569,-68.32637798,184.9486413
-10.3781401,-69.09915767,344.4312453
-9.943037423,-69.08885891,288.0507941
-10.12067982,-69.30793241,183.9289734
-10.63903649,-68.78716788,180.7045518
-9.558168338,-69.10219712,170.2677914
-10.16636548,-69.27503265,325.487833
-10.13448397,-69.27314374,311.5783038
-9.856125067,-69.40500481,178.6966244
-10.7493127,-68.90439356,235.7738546
-9.972949212,-69.15420353,144.4714366
-10.59333221,-68.81306112,213.8351151
-10.71008748,-69.37159934,195.3365055
-10.27358853,-68.06171557,370.0492301
-10.66869824,-68.83806471,125.1861934
-9.611860191,-69.32094746,329.1216566
-9.694005197,-68.31523805,227.6638658
-10.14077808,-69.31573847,138.5492891
-10.45793426,-68.74164553,194.5986183
-10.0856231,-68.42114153,111.4696526
-9.973944206,-69.37891562,199.0668275
-10.33908773,-68.67470059,187.0834992
-10.1379603,-68.90685868,116.9763154
-10.67037098,-68.69212972,250.3152791
-9.6057736,-69.13058225,62.0023789
-10.22019337,-69.21130825,126.0270788
-10.29109681,-68.59004153,239.1004498
-10.16375202,-69.54715604,179.1836024
-9.809193478,-68.17554663,205.0597713
-10.68142092,-69.35177624,15.26709044
-9.918539682,-68.35122002,16.9072222
-10.01456792,-68.56498668,287.6946168
-10.00004091,-69.18139213,311.3815864
-10.59579719,-69.28695335,174.678834
-9.688942038,-68.59746193,141.6034899
-10.37595244,-69.1380478,15.26751436
-10.21525096,-69.30368384,231.6302055
-9.728979254,-68.42795042,235.3277969
-10.15117868,-69.33038706,177.4654679
-9.942759421,-68.80527415,399.2057829
-9.656732489,-68.91513176,170.5816407
-10.22748452,-68.07222145,10.3911284
-10.15572811,-68.4657014,154.5127335
-9.850647035,-69.31677768,59.30866831
-10.16761248,-69.27594775,151.1685221
-9.717872379,-69.19347121,150.8413553
-10.38002071,-69.56771093,190.502505
-10.14446228,-69.30428398,272.1344255
-9.695794525,-69.20970161,136.9521308
-10.04602496,-69.23864861,187.2221368
-10.02041037,-68.41909504,118.7779926
-10.53866222,-69.53838464,122.3967026
-9.945531777,-69.03358574,179.1127923
-9.896452191,-69.33679045,167.5589472
-10.7232523,-69.42985504,402.0018784
-10.02614689,-68.41603304,225.7549635
-9.803377927,-69.16683157,337.0576581
-10.32792544,-68.80287031,205.1513261
-10.01988586,-69.35857458,262.7394342
-9.762099269,-69.18324315,353.2746906
-9.714108519,-69.58342172,363.0651065
-9.711266164,-69.22708304,236.4766252
-9.964876456,-68.5284464,133.0986423
-9.720882805,-68.20599563,152.4896206
-10.47065283,-69.19435084,165.9537232
-10.40627264,-68.61513978,207.2177997
-10.48980017,-69.0505384,181.5608367
-10.44540554,-69.16841179,257.0959594
-10.38891581,-68.6691824,120.3084273
-9.787723252,-69.05600254,335.7581403
-10.10720722,-68.46872745,229.7797346
-9.794604528,-69.56260717,150.148012
-10.53955321,-69.55807608,52.32954595
-10.30147487,-69.16257235,182.8331758
-9.937954382,-69.11445087,217.7090914
-10.04527782,-68.09953894,353.0782877
-10.2048058,-69.21590649,180.743247
-10.13948932,-68.46081669,56.59667538
-9.682787301,-69.18709293,198.3681711
-9.586804116,-69.33207861,148.522558
-9.983792492,-69.16942737,276.5337321
-10.73275375,-68.73837434,185.81723
-10.59605977,-68.85083351,273.2180419
-10.57010958,-68.80287416,192.9275226
-10.14682113,-68.92709088,197.803965
-9.794115237,-69.56961143,255.3950039
-10.09948031,-68.44879745,182.3715073
-10.18326669,-69.29492742,119.0274484
-10.67253923,-69.32216278,182.2544649
-9.908865467,-69.31669762,221.8173212
-9.986790772,-69.02466791,121.3486428
-9.763346673,-68.16358208,169.5656857
-10.45894933,-68.71383747,386.2239075
-10.6883256,-68.74158932,243.5140739
-10.14299214,-69.53900623,149.2631891
-10.49026633,-69.57419066,116.3491369
-10.26108707,-69.18563153,161.6213403
-10.72550035,-68.91104599,215.4665917
-10.40045954,-68.71997091,290.6761317
-10.03614489,-69.00208499,233.6422508
-10.20264153,-68.46482781,131.7221823
-9.902078322,-68.26540605,171.7452148
-10.62729408,-68.94891177,154.2556755
-10.33891397,-69.08989675,175.3367935
-9.866701003,-69.49949616,244.9466848
-10.43940815,-69.54248863,159.6433562
-10.09631464,-69.49747481,131.3867136
-10.31233748,-68.64789571,36.54021203
-9.689729158,-68.90273599,113.9058507
-10.19871365,-69.5800874,31.25000472
-9.97472467,-68.82154965,234.4695187
-9.883151224,-69.05200952,356.0202984
-10.03880596,-69.43381608,113.734415
-10.40137849,-69.1225297,204.0063649
-10.03843859,-69.42642066,211.2802642
-10.39073466,-69.4185276,208.6387749
-9.939662238,-69.13693141,173.0628902
-10.68954762,-69.09841937,178.7095211
-10.7443579,-69.4177328,134.80013
-10.56689441,-68.82920772,259.9580779
-10.21831783,-69.58083791,199.0339806
-9.801410346,-68.24384692,118.1426353
-10.2720075,-68.76163732,142.0782741
-9.903797283,-68.49801166,130.4850516
-9.920948703,-69.4763909,164.9701859
-9.588158772,-68.09444608,180.9880546
-10.09831951,-68.17008732,117.0044722
-10.6878507,-68.92545784,254.9477249
-9.569907755,-69.58160317,237.2755063
-10.73927005,-68.92124401,207.0920666
-10.70489401,-68.71771618,400.3755169
-9.709875293,-69.20695444,168.2927411
-10.41809842,-69.10351363,306.1246025
-10.02313405,-69.1695838,237.8137596
-10.0372669,-68.08617637,185.4434576
-10.03517196,-69.16376314,315.8571217
-9.613075807,-68.0669804,245.2541598
-10.45831739,-68.64653736,35.61635203
-9.844543564,-68.24396943,205.4817415
-9.878282465,-69.12547455,262.0487911
-10.4668396,-69.04035356,174.3167818
-9.614316823,-69.10052674,239.7715561
-10.40747782,-68.71146775,178.3065043
-10.10989207,-68.13966654,244.2815066
-9.722952655,-68.96380333,128.3184351
-10.23996048,-68.56658848,112.4258668
-10.08381854,-68.62300069,232.6822596
-10.42054709,-69.47006719,142.6469213
-9.792544722,-69.1747865,275.1820234
-10.07348457,-68.40510946,246.0015967
-10.51692952,-68.97076837,241.8835556
-10.59331969,-69.38339601,270.9177578
-10.14214193,-69.27311606,173.6636938
-10.60473468,-68.67966906,178.1514715
-10.39267115,-68.87180159,218.3372849
-9.987847049,-69.40369178,176.3270672
-10.27547424,-68.56120196,28.78646355
-10.46849306,-69.49247473,194.0039086
-10.39935617,-69.11736655,104.3017353
-9.787186372,-68.18818026,285.8334605
-9.87806422,-68.46464695,126.5603789
-10.47021429,-68.68403133,153.858187
-10.5939414,-68.92831774,216.57945
-9.857944332,-69.50592739,262.0206504
-10.41650081,-68.7038152,245.0804877
-9.705522748,-69.00991813,189.9867295
-10.39567835,-69.10321025,341.3799072
-10.6763644,-69.36025923,375.8933207
-10.14623287,-68.52538811,27.03468662
-9.684802718,-69.1814476,308.3201408
-10.01592047,-69.14244984,225.9987564
-10.094182,-68.61622848,151.856657
-10.07204827,-68.4355321,273.0042775
-10.1811538,-68.7158022,261.9803566
-9.563432071,-68.56040108,338.3201072
-9.832372092,-69.15195279,166.8025559
-9.844762305,-68.7048717,207.1262978
-10.11283847,-68.95289518,245.7540672
-9.939892464,-69.072872,188.0921879
-9.855428479,-69.41140142,185.9246678
-9.969324419,-69.44081647,222.5383882
-9.901081157,-69.46749772,222.5937256
-9.789922353,-68.99094429,175.3253607
-10.10903305,-69.29234325,128.6751557
-9.961596801,-68.82619048,146.7625886
-9.859376448,-68.4861935,147.4145695
-10.30050607,-68.54437341,164.436123
-10.60648582,-68.85857055,260.8888236
-10.69964357,-69.34225021,213.8875318
-10.13091924,-68.47890135,132.8184807
-9.734588467,-69.2099426,168.5697205
-10.37622913,-69.54397529,74.19123218
-9.663642585,-68.12856326,30.84743598
-10.26480265,-69.21677826,126.5762444
-10.63716662,-69.00987915,141.0857578
-9.799538133,-69.56562247,223.6930168
-10.11106307,-69.30084341,134.2656422
-10.72800278,-68.86745352,222.3387974
-10.6364364,-68.89689735,141.2678014
-10.23385153,-68.71205978,219.3820829
-9.68402398,-68.97276279,173.7345938
-9.866669048,-68.30605542,13.10720385
-9.669125632,-68.90218954,240.002387
-10.03350497,-68.40021206,276.2120122
-10.60478162,-68.85023477,389.1431156
-10.18940212,-68.08918875,159.6939333
-10.49814629,-69.01043006,253.0619455
-10.06743673,-69.32358922,197.9634244
-10.37041589,-69.57479038,117.4076643
-9.893618773,-69.10689189,77.30844242
-10.69911483,-68.93380304,122.652113
-10.70549449,-69.36819264,234.3149503
-9.90937791,-69.07127915,215.5916373
-10.32072557,-68.66113865,173.3101278
-9.718788301,-69.20016329,155.0521512
-10.08903372,-68.49030408,265.1477921
-10.15937994,-68.95052535,283.2024434
-9.734602878,-69.57288657,370.7483161
-10.43288932,-68.8877914,159.2643013
-10.12197558,-69.31169429,126.7213282
-10.42329701,-68.71609209,184.4918845
-9.854181071,-68.30391446,227.1543763
-10.53156261,-69.54362142,153.7106955
-10.01487332,-68.58680148,154.4482173
-10.49839294,-68.94332238,129.0300982
-10.36441489,-69.44983523,240.3974679
-10.47183996,-69.49986531,148.9341311
-10.5799333,-69.60203612,140.6015638
-10.44498846,-69.16810336,149.8902784
-10.57599604,-68.94835632,123.5268243
-10.31767958,-68.54274607,203.7970419
-9.57866468,-69.12433135,281.8789374
-9.842894674,-68.29563044,126.4004336
-10.1726133,-68.44265986,268.4206804
-10.50682136,-69.04462767,145.6922534
-10.33907185,-69.14510267,134.3713566
-10.28105408,-69.17766865,139.7070066
-10.47527754,-69.04439673,365.5875251
-10.26397522,-69.51686109,133.4443736
-10.51764102,-69.35334535,221.2465317
-10.0812812,-69.33491308,148.1207102
-9.75971791,-69.22181363,172.0700785
-10.41080891,-69.44054473,233.55621
-10.33480192,-69.12669284,195.620613
-10.42970295,-68.87800583,139.0927736
-10.59863036,-68.85930199,203.5773539
-10.2849304,-69.39109597,222.4035979
-10.04208135,-68.10812406,203.4738577
-9.911053556,-69.34746197,209.8585094
-10.60102429,-68.83305714,276.6787337
-9.837043758,-68.23138722,144.0320682
-10.42348867,-69.47950424,212.6295912
-9.975453942,-69.15604718,294.8519335
-9.555732147,-69.59980844,230.2188621
-9.963611143,-69.40452682,215.6300434
-10.08938114,-68.42390834,200.4665259
-10.38313019,-69.0954573,107.2352365
-9.908433536,-69.45051492,192.3710302
-9.699555437,-68.45618073,130.0342586
-9.940869735,-69.06576085,254.5576629
-9.878264712,-69.33048323,106.7374902
-10.11676147,-68.42325048,102.5617628
-10.40518638,-69.11305344,265.3807619
-10.14531819,-68.51815739,153.458608
-9.848496528,-69.48915533,143.6482683
-10.04612776,-68.99472016,296.5785133
-9.876540053,-69.32208265,139.8569079
-10.57484077,-69.56937725,268.8083549
-10.12407937,-68.17188459,339.8972988
-10.66702161,-68.91709785,313.8821044
-10.4827617,-68.70038917,186.0544583
-10.29555758,-69.370076,401.9080401
-9.723810837,-68.20814174,20.42060367
-10.43282026,-69.41611462,142.0392609
-10.07932094,-68.38124094,236.8884907
-10.17573337,-68.53354642,221.5770055
-10.23395568,-69.23955427,146.2452019
-10.66445305,-69.05152215,253.900644
-9.71135252,-69.31976514,132.2923408
-10.59222525,-69.58949108,262.2789311
-10.51027974,-69.01851578,220.8039401
-9.88758352,-68.24035191,99.35383735
-10.00352073,-69.39887543,283.6599975
-9.851850613,-69.28931971,393.4184389
-10.06221178,-69.47230643,131.2270914
-10.14036156,-69.4869888,394.0383552
-10.72093893,-68.84108563,342.5842325
-9.591082121,-69.25933272,251.5054127
-10.74764069,-68.90315793,342.8526894
-9.595290892,-69.59325772,158.8095249
-10.60269641,-68.84868724,358.9142672
-9.811998052,-69.06660889,146.351059
-10.29020148,-68.75360824,260.6200047
-9.802543344,-69.16744464,331.6922813
-10.46987662,-68.6763848,247.6441348
-10.59415703,-69.29279944,263.7526536
-10.2457986,-69.35496339,126.897637
-10.54616858,-69.5481102,195.3223209
-10.29201136,-69.39632887,126.475875
-9.58855804,-68.54199264,213.824392
-10.11984477,-68.67775876,144.0719934
-10.37512702,-69.42163679,342.3855477
-10.66377473,-68.81989319,176.3608397
-9.851045869,-68.73061858,241.2661452
-10.43840099,-68.86996507,402.1377048
-9.903186666,-69.08135045,391.148534
-10.6483894,-68.8296673,194.8085842
-9.616992177,-69.13880472,15.20122137
-10.15295685,-69.52549453,232.4651829
-10.56911447,-69.60129924,134.6869285
-10.52868966,-69.25092537,202.6338052
-9.69218854,-68.61403656,324.8346618
-9.603925836,-68.06735213,134.3664434
-10.34471904,-69.4642307,139.9463576
-10.03656895,-68.3642233,120.2662631
-10.65939529,-68.89072997,174.9174067
-10.12482138,-68.49599895,144.3211149
-10.2756921,-68.77175401,174.523581
-9.70208154,-68.94125855,148.7528441
-10.5119574,-69.23196833,259.6929114
-10.62185746,-68.90766348,139.5638649
-9.648468765,-68.8724459,224.2015989
-10.02548704,-68.32739542,15.31088162
-10.67820406,-69.34067926,22.68839453
-10.41329238,-69.12348018,241.4024786
-10.50048057,-69.52913514,169.7192571
-10.49843098,-68.91432253,141.0257562
-10.5485743,-68.95876438,98.33435991
-10.26500231,-68.74937691,308.1174289
-10.67631387,-69.45435573,188.1505177
-10.08653282,-69.33778579,140.2694051
-9.753368073,-69.19615492,306.478164
-9.918816181,-68.77337813,330.0689592
-9.835017556,-69.53953152,184.9720884
-10.08888415,-68.8913483,101.5165903
-10.47158266,-69.21573544,198.4548351
-9.838689635,-68.2044814,142.5805466
-10.2528817,-69.57695494,205.7332766
-10.03938397,-68.21739577,34.84511532
-10.49674051,-69.20636041,250.0211315
-10.40853946,-69.16915889,162.7815165
-10.00532665,-69.37379908,209.5670572
-10.1218532,-68.41962427,123.9198929
-10.17531584,-68.53323875,183.195474
-10.32800339,-69.49357278,229.8510084
-9.815565336,-68.26126111,153.6918999
-10.67420514,-69.32339881,289.0897947
-10.36942022,-68.67639166,122.7290005
-10.19752174,-68.45404887,126.3674056
-9.637329013,-68.15130801,10.38932492
-9.966227654,-68.12606983,10.3911284
-10.43771286,-68.91222999,249.6250739
-10.20913188,-68.51226285,353.1146969
-10.67200031,-69.4743224,293.06662
-9.751580256,-68.43916671,302.2323703
-10.00509516,-68.24260967,25.93379645
-9.786585325,-68.40337177,173.5910723
-10.00252334,-68.08249902,170.6071519
-10.13632731,-69.23823778,296.9142749
-9.961178768,-68.55391905,220.4607202
-10.48688297,-68.91312211,175.2745429
-10.66887013,-69.03330722,196.4015236
-9.869713537,-69.30953637,183.2617334
-10.05626222,-68.60276412,336.1519046
-9.656707296,-69.30046803,183.6746352
-10.50682095,-68.78482301,241.5514523
-10.19453629,-68.73277964,245.2129122
-10.1001069,-68.46349624,174.7384453
-10.40478314,-69.16638023,198.252585
-10.62865406,-68.66848277,277.4645959
-10.49827801,-69.46351636,330.0534549
-9.829532692,-68.28580779,169.7592306
-10.75431784,-69.41146017,205.4922398
-10.38932427,-68.84108273,216.8901616
-9.761120828,-69.35623468,172.9049081
-10.4471859,-68.7473622,201.1960804
-9.772156072,-69.18236909,356.1960851
-10.19272478,-68.70318247,160.2226406
-10.61176188,-69.39636778,290.1260118
-10.47605318,-69.02678136,240.4240835
-10.61887955,-68.85334429,92.87824846
-10.62379232,-68.81145747,157.2376414
-10.34466347,-68.63650273,248.994261
-9.815161521,-68.2891441,160.890769
-10.16458339,-69.54776561,161.1134662
-9.951892701,-69.35534154,349.0957079
-10.0345091,-68.21433736,197.3291747
-10.07535413,-69.22282576,196.5029266
-10.24903706,-69.21154988,162.8342759
-10.16531659,-68.47278551,120.2563981
-10.20294605,-68.45805589,132.2879869
-9.874107233,-69.12854069,209.0607436
-10.13705226,-69.5061823,288.2933249
-9.897287927,-69.32266077,207.446612
-10.37171462,-68.83518384,128.8929107
-9.71356442,-69.21617766,253.3963901
-10.63103627,-68.8697193,13.09062938
-9.914486104,-68.25283476,125.178923
-9.830516997,-69.04951974,155.7567672
-9.966272235,-69.14254589,232.0399784
-9.555753196,-69.19877142,156.1186531
-10.3325057,-68.80625064,130.7926301
-9.868462812,-69.30861375,216.9197623
-10.60749782,-69.30268626,232.7264198
-10.53678404,-68.70443351,127.3946713
-9.890277455,-69.31005327,278.163089
-10.20735373,-68.99287575,181.8802873
-9.6605411,-68.93187392,231.5715381
-10.40140301,-69.07740726,267.015815
-10.07611121,-68.11478695,125.6629977
-9.846143504,-68.2170049,326.6870088
-10.220407,-68.75186938,177.5271973
-10.3872601,-69.44546486,195.6533956
-10.03593271,-68.98849005,166.1831327
-9.671631563,-68.17641164,10.3911284
-10.52333106,-68.92571886,340.2225724
-10.03199444,-68.23296823,213.8300228
-10.75308684,-69.38650146,140.9838361
-9.81885349,-68.44930775,19.71358958
-10.68317408,-69.47608633,223.934638
-10.57240792,-69.24804404,140.4276406
-9.793746003,-68.68855518,328.2134039
-10.2299929,-69.56004917,254.8310627
-10.13942196,-68.92858529,173.1810142
-10.22499054,-68.52397135,116.7877573
-10.13527048,-68.68913882,183.1631378
-10.27177238,-68.61141012,306.3592457
-10.7059879,-69.46579675,131.6735882
-9.695041852,-68.19356686,46.89925237
-10.6102655,-68.94460491,163.4124301
-10.13703252,-68.64074864,199.553625
-9.782574638,-68.4330139,151.7405399
-10.58837714,-69.30217512,266.6034786
-10.71107559,-68.86999944,408.030155
-10.37655399,-68.68871019,168.1408673
-10.05535709,-68.37804923,127.203139
-9.999138498,-69.51722732,131.2651081
-10.44640913,-68.66645019,154.7428318
-9.770782584,-69.35635297,259.4692122
-10.44107965,-69.5412572,232.3918524
-10.50731215,-69.00364606,223.1511612
-9.875459761,-69.120516,143.9701271
-10.3369649,-68.66607654,138.5195848
-10.389902,-69.41791184,161.68732
-10.47434344,-69.0235267,293.5945794
-10.3074129,-68.80226578,170.3119743
-10.33779732,-69.0747957,167.4512869
-9.702005997,-68.98594334,186.3049348
-10.12509303,-69.50495911,277.5763264
-9.69590589,-69.30147808,245.7082391
-10.64709448,-69.50928932,138.7409875
-9.920613411,-69.44289771,161.3043313
-10.35027153,-69.43937181,193.4250781
-9.886899846,-69.47791474,150.842395
-9.726626691,-69.2231193,331.9082988
-10.20489773,-68.70506975,223.9269028
-10.16253521,-68.54447976,318.5899595
-10.60389904,-68.67905056,148.7749856
-10.09376267,-68.90920029,149.790462
-9.642405843,-68.50237822,10.32765476
-9.846314264,-68.30470181,97.43165464
-9.7313356,-68.43284566,218.4937481
-10.22149683,-69.30828228,222.2991384
-9.970719723,-68.53274454,403.7622287
-9.712269641,-68.46800341,165.5167781
-9.560248559,-69.0679594,175.969779
-9.660244294,-69.16341652,347.7040504
-9.686183287,-68.31648505,181.9706275
-10.47294154,-69.36262889,192.8975549
-10.46808956,-68.76984797,216.5064308
-9.795260161,-69.36709733,193.9447005
-10.27940915,-69.16082454,213.1133509
-10.4860604,-69.01937844,152.541094
-9.796570071,-69.27048065,194.6740037
-10.53266799,-68.95408,163.6950059
-10.42801782,-69.14129287,116.4442497
-9.719689514,-69.17788139,296.4455363
-10.30627933,-69.50282093,194.8967507
-10.64713903,-68.82874088,197.1766359
-10.23317848,-69.31685032,157.4547296
-10.04758847,-68.44617157,352.1250019
-10.61063856,-69.51970382,23.14013708
-9.84097939,-69.42936806,142.84116
-9.634455588,-68.30739358,50.97094047
-10.66862779,-69.37293518,202.8494086
-10.45623043,-68.64500109,338.2101104
-9.98268202,-69.43099101,334.3515455
-10.04859416,-69.38245792,216.1681176
-10.46933946,-69.50172059,128.4577533
-10.04503379,-68.36305549,86.53380786
-9.887076079,-68.48573559,106.5949464
-9.961226142,-68.83247733,126.8726351
-10.4886727,-69.22838402,318.3429017
-10.31614032,-69.40013469,173.729787
-10.19319886,-69.54756262,275.1250648
-9.957135037,-69.05379433,185.2583062
-10.45444896,-69.19601352,157.6839701
-10.30649841,-69.14082061,179.9761488
-10.44390488,-68.51727129,313.0075548
-10.34346522,-68.84262288,160.7492472
-9.624855393,-68.300347,169.6844566
-9.835821106,-69.0841109,212.5124758
-9.980145959,-68.36792148,223.8423761
-10.06830743,-68.86925024,295.7782883
-10.46734399,-69.59117591,174.7184777
-10.24868003,-68.51323198,134.4893047
-10.02584467,-68.34195838,151.5360877
-10.6096951,-68.95178066,311.8119142
-10.58208497,-68.61930256,125.5134645
-10.12169945,-68.15685683,188.7673977
-10.51140352,-69.56521839,175.7350307
-9.855110272,-68.75443279,262.1873521
-9.637472081,-69.28634695,139.0619358
-9.81654776,-68.7125504,382.8978235
-10.68412208,-69.46538155,241.093209
-10.16574646,-69.28209675,177.2767324
-10.31032383,-68.77545064,26.49735449
-10.31079278,-68.57353244,312.2624263
-9.813093865,-68.68854236,215.1841712
-9.84184608,-68.34500651,183.3047891
-10.24659302,-69.60173873,256.2547518
-10.3588835,-68.66133113,346.9594727
-9.905262407,-69.35037116,182.5116261
-10.02368107,-69.36028175,30.63949864
-10.38999603,-69.42513658,151.8774109
-10.04104507,-68.89828143,14.57526537
-10.63934392,-68.91279782,180.2188054
-10.42560169,-68.86788461,115.9016085
-9.550049182,-68.60354257,401.1724515
-10.20118123,-68.49929169,183.3632307
-10.38771118,-69.46707196,190.5032046
-10.08202833,-69.35121502,147.6294657
-10.24783925,-69.60265687,346.4707687
-10.18271059,-68.69580968,192.0563815
-10.03726349,-69.16530845,178.304989
-10.52813664,-69.0222332,208.4486652
-10.23462449,-68.10044236,119.4192366
-10.53620765,-69.58469864,192.960574
-10.59279653,-68.85497377,158.6798954
-9.988221568,-69.38189671,177.3568606
-9.66290803,-68.4763803,142.3165654
-10.41077322,-68.7068431,212.705319
-10.11645351,-69.23105802,127.5424275
-9.594944037,-68.56067159,365.2694401
-9.654250999,-69.30566726,150.367049
-10.55439108,-69.00283857,141.9158368
-10.62765344,-68.91015703,232.6556915
-9.788455039,-68.23433177,111.5992637
-10.15261413,-68.16741118,206.5359546
-9.935914776,-69.13417475,247.1366513
-10.04247195,-68.59260893,211.3923697
-10.20201735,-68.5529255,134.0102909
-10.48012864,-69.50059253,166.2402739
-9.996154007,-69.36928298,180.0575356
-9.754050258,-69.23938636,166.7935646
-9.681541473,-69.1861744,246.8878418
-10.02378428,-68.24562919,189.0919132
-9.792316171,-68.17043221,168.378686
-9.920667438,-68.79603152,240.0646951
-10.37651244,-69.11757416,227.9333796
-9.919929667,-69.08645098,394.0874351
-9.582898546,-68.82449799,217.5351768
-10.63215195,-68.8247523,203.435979
-10.25422151,-68.5454941,139.9337068
-10.03341295,-68.33324891,121.1988411
-10.58657722,-69.55404202,391.8722733
-10.73488108,-69.10364772,258.0047331
-10.47222932,-68.7658468,147.9668859
-9.744567823,-69.17386429,186.3394837
-10.31725925,-69.06689279,231.6654527
-9.829228613,-68.29917987,14.42667254
-10.62721251,-69.51743992,158.0291454
-10.50559531,-69.50345524,346.9347862
-9.978899296,-69.49547993,184.0470896
-10.19113042,-68.97391692,182.7099731
-10.58105487,-69.26172454,158.4662667
-10.06361474,-69.37141675,337.2483518
-10.012416,-68.57048401,177.7432845
-10.15728148,-68.5126256,161.6888858
-10.5293606,-68.80145297,14.78138777
-10.15704918,-69.2463725,251.9402857
-9.980044872,-68.41006906,123.5522506
-10.12952668,-68.51308125,149.4035684
-9.77445609,-69.19445359,185.3709165
-10.34884265,-68.6395812,163.4624056
-9.587271339,-68.0795132,185.0186572
-9.6452767,-69.27129427,231.0687818
-10.21498176,-69.32547929,301.8820974
-9.767556476,-68.41872686,85.29184674
-9.919831897,-68.79541704,223.4442638
-9.641996795,-69.17078113,183.3612551
-10.48148376,-69.38017902,213.9588597
-9.747829683,-68.64785285,139.9700017
-9.690027036,-68.18988961,10.41090637
-10.60018104,-68.94176055,171.0240614
-10.58753103,-68.78458113,178.566371
-10.0893404,-68.15399352,299.6064138
-10.65409557,-68.90752267,231.7862699
-10.44397963,-69.18169328,208.6504922
-9.832933857,-69.5410623,196.8039949
-9.866319746,-69.10654211,257.7250561
-9.72470509,-69.20310871,265.0978775
-10.29727269,-68.75882555,207.8014945
-10.67306345,-68.88784804,198.0021213
-10.6605425,-68.93096981,132.9514878
-9.996860442,-68.38020479,183.8073361
-10.05267912,-69.17666209,162.1932112
-10.43382575,-69.39150292,183.7482259
-10.34307901,-68.64263361,236.8260554
-9.780327063,-68.39991206,128.390864
-10.33361258,-69.57546871,338.0103029
-10.18306176,-69.27705178,157.1797497
-10.59768173,-68.66041155,165.3786352
-10.05620941,-68.43818456,301.8786521
-10.63274625,-69.02807605,29.31334393
-10.47784207,-69.50719631,325.7287925
-9.630252809,-69.15507256,324.9439593
-10.17969373,-68.70098582,109.9046864
-10.56624057,-68.74760282,46.78874408
-10.36445266,-68.67978557,150.0681876
-9.7514707,-69.21125258,333.5316805
-10.34266167,-68.64232515,133.8387613
-9.865670759,-68.2352001,168.2406529
-10.13091611,-69.29839102,39.14234174
-10.23707387,-68.49759671,193.5248324
-9.709646239,-68.96801684,185.6432789
-10.04624273,-69.3606924,150.5280373
-10.51729853,-68.98499897,218.2367435
-10.17204823,-69.52485529,236.3115087
-10.42219912,-68.64862172,167.8701153
-10.18120255,-68.8675996,189.2831908
-9.996908029,-69.41772545,197.0717998
-10.08087102,-68.89269251,238.3312956
-10.57890957,-68.94619725,268.1560296
-9.66369848,-69.23327378,207.3595606
-9.656389708,-68.87823868,169.4254214
-9.878552872,-69.48404623,378.5984571
-9.733239228,-68.3935635,280.8736089
-10.63583378,-69.48431097,147.4637913
-9.905682471,-69.08318594,261.2499289
-10.32555998,-69.16182584,136.2503132
-9.686897352,-68.15975977,131.1975761
-9.947201913,-69.36638751,111.7669826
-10.13966492,-69.53657059,211.9344366
-9.984700629,-69.51383368,90.80191097
-10.35097369,-69.45961103,138.8947162
-10.16724381,-68.96334047,183.232767
-10.24726413,-69.33442915,166.7138785
-9.727184803,-69.18337723,204.300034
-10.38850545,-69.57314079,152.060673
-10.28149914,-68.52304265,137.4496106
-10.57189403,-68.83290963,123.0524112
-10.57749705,-69.50967966,259.2156646
-10.13319633,-68.42090514,117.0363271
-10.12158223,-69.32875652,201.0309359
-10.33108036,-69.16788098,177.6364867
-10.01089719,-68.59759691,185.7786003
-9.846124922,-69.2775946,230.7286549
-10.53495025,-69.58562771,17.85538896
-10.01178589,-69.00627728,170.8982944
-10.24615211,-68.74257987,208.5703434
-10.7316608,-68.96499277,291.9941502
-10.07061892,-69.26402035,216.6878073
-10.70664577,-68.94645206,176.6672232
-10.32688016,-68.65206044,27.56637164
-9.971950919,-68.38346508,198.3913161
-10.71975028,-69.39241274,131.0398294
-10.06602367,-69.43928529,154.2284873
-9.878585697,-69.33731449,125.7705084
-10.3328292,-69.09266774,183.0685754
-10.00889857,-69.43312118,207.1706723
-9.762807447,-68.27558171,10.3911284
-10.685045,-69.3314361,196.14394
-10.26733862,-69.05138177,236.5091913
-10.03720365,-68.38548211,28.80016214
-10.31636528,-68.59137483,328.5603163
-10.35367521,-69.56065185,143.581101
-10.61190501,-69.37947129,178.7414837
-10.11776008,-68.67622644,210.1182288
-9.937542851,-68.33658759,185.2392862
-10.10672147,-69.49147037,349.4421487
-10.7634465,-68.89369012,230.3033107
-10.72748119,-69.35590383,301.1280103
-10.68906213,-68.8242118,250.5587158
-9.633639662,-68.50883552,123.4149736
-10.12792044,-69.31747574,187.0515222
-9.959621992,-69.1376535,194.7692018
-9.617919732,-68.93147486,120.1737775
-9.970820071,-68.56809777,157.8001333
-9.76835561,-69.17864213,152.8167985
-9.67936109,-68.49869339,100.6509648
-9.721750052,-68.48418211,121.427626
-9.849521744,-68.45814039,15.48570981
-10.43647384,-68.6517835,193.9732876
-9.769998777,-68.66411797,141.9731345
-10.75497718,-69.14687129,198.3525818
-9.856781186,-68.21784102,171.3894537
-9.674451583,-68.08392387,251.5840065
-9.807809452,-69.17000715,178.8994542
-9.749191724,-68.2968418,31.10068314
-10.0027583,-68.57788515,206.9972364
-10.38354861,-69.46399323,199.5093269
-10.63702518,-69.05957372,136.5606443
-10.23488812,-69.59963324,203.2431816
-10.16084505,-68.97950982,158.8234443
-10.16616153,-69.28240085,197.5212731
-10.42211386,-68.88694216,255.4311352
-9.770907577,-69.56317922,219.5560235
-10.7382306,-68.95619892,14.81788476
-9.636590636,-69.15313727,217.470182
-10.56127468,-69.5661911,21.19093559
-10.29353032,-68.75606529,188.0316363
-10.6387399,-68.66871482,224.557174
-9.740764431,-69.00744066,184.4665717
-10.56334103,-69.53127007,158.3845259
-9.688625012,-68.97613283,146.3652193
-10.44209373,-68.90170881,184.4347755
-10.42709527,-68.89063308,236.9326204
-10.28089087,-68.78932856,200.7407293
-10.37110726,-68.58217256,173.0477803
-9.730620902,-69.02834394,110.3389975
-10.13081908,-68.52108247,176.310438
-9.591502648,-68.09689947,173.129076
-10.09599895,-68.62485823,289.791418
-10.16700777,-69.29026865,166.2703332
-10.07888246,-68.6122981,224.0718045
-10.49671982,-68.54908836,25.89572594
-9.808877565,-68.41364864,16.65449889
-10.25641755,-69.34119181,228.1940175
-10.31168049,-68.61218376,343.5021577
-10.55356056,-68.96948744,222.882575
-10.13178259,-68.43433087,144.4163702
-10.23529977,-68.86265143,163.894047
-9.834262789,-69.13034152,201.880489
-10.05248522,-69.21275498,217.2817357
-10.21793318,-68.11272381,205.4584644
-9.749987048,-68.64221594,193.9340424
-9.784360104,-68.97943744,226.8349588
-9.903396201,-69.10306686,208.3390085
-10.02592524,-68.87353702,204.9156187
-9.87153489,-69.29629541,243.6677606
-10.71069498,-68.7220231,300.2033496
-10.17901603,-68.89684431,212.1718073
-10.07786142,-69.35428561,183.9911662
-10.16039065,-69.51624001,303.4119425
-10.74063347,-68.84809687,139.1462315
-9.718130316,-68.46370163,137.0179617
-10.14125812,-68.97210691,146.9500582
-10.06386167,-68.36986517,268.6049286
-10.17453506,-69.3098273,160.9963894
-10.56189691,-68.96332815,193.4432907
-10.34817221,-69.43055995,191.943977
-10.70548064,-68.89621116,173.6656414
-9.590877627,-68.58015689,205.6006426
-10.53203014,-69.58778411,252.047201
-9.992942045,-68.84923872,10.3911284
-9.954322949,-68.79949975,349.0887656
-9.891052589,-69.05781466,155.9866189
-10.65354402,-69.02899761,153.4702655
-10.04157168,-69.38097953,171.5362676
-9.562025297,-68.56806095,390.9620605
-10.12842841,-69.23241356,267.2664812
-10.07624045,-69.32161167,188.4477316
-10.31833022,-69.1026587,272.5817878
-9.638746324,-68.13150735,10.3911284
-9.846830416,-69.49037896,107.7041259
-9.744871773,-68.41630067,138.641755
-10.15986748,-68.7001327,130.9899173
-9.859199415,-69.05662794,239.523768
-9.89385207,-68.19054084,191.2033058
-10.05565648,-68.2054118,245.6433025
-10.49272207,-68.9457571,257.0625648
-10.48567983,-69.57759318,238.873648
-9.806760125,-69.09124848,54.15164515
-10.31003336,-68.55847708,279.2574234
-10.13804158,-68.43894503,296.3888435
-9.789445946,-68.70623341,211.137882
-9.738613053,-69.2279792,184.4684547
-10.5224566,-69.53054496,302.4008325
-9.573712951,-68.2269911,358.9790621
-9.86384126,-68.33546067,137.5585129
-10.7631475,-68.94591108,178.8573379
-10.17865,-68.71395864,334.1784432
-10.14202216,-68.15865361,210.4742144
-9.883722305,-68.35869044,133.5442178
-9.875484121,-69.0758047,394.9433345
-9.784762351,-68.6891997,206.5223131
-9.979992115,-68.83971349,269.17542
-9.810619877,-69.25899067,241.2306022
-9.853568749,-69.31892737,171.2489603
-9.91414001,-69.44781993,325.9629725
-9.641970616,-69.2761494,257.3155853
-9.815973212,-69.24848804,116.5020117
-10.03796759,-69.2257834,182.8687119
-10.52819369,-68.72686773,123.147456
-10.28895515,-69.03873722,264.5536008
-10.10898174,-68.43124746,150.2311053
-10.11325686,-68.94443571,170.5938031
-10.62693765,-68.93226555,193.5054712
-9.933140996,-69.37731785,213.5452667
-9.779213193,-68.17524081,161.0342706
-9.86885788,-68.20894744,78.02667856
-10.08791514,-68.44722743,325.4383084
-9.882406005,-69.34723237,152.7517243
-10.69914902,-69.31501227,197.8939834
-10.73182577,-69.401386,15.84952218
-10.41572614,-68.69622101,301.1657082
-10.68144631,-69.43282546,197.8500438
-10.70862779,-69.29144534,219.5242923
-9.768234352,-68.30000351,116.9415256
-9.836746059,-68.74799441,197.9306811
-9.63552711,-68.06240135,137.5409881
-10.11962377,-69.51466834,231.9921759
-10.35219984,-68.65639735,111.2100362
-10.41674641,-69.45242415,21.55621761
-10.06415057,-68.62302777,226.7053247
-10.51515896,-69.56243869,155.4451902
-10.41599137,-69.48072438,162.1903698
-9.769292441,-69.22881096,167.7039548
-9.88220886,-69.29709054,263.9954465
-10.44579823,-68.71838591,242.9384848
-10.60518135,-68.99324174,213.5379097
-10.43228283,-69.0591065,404.0228689
-10.61638066,-69.35962075,173.6737023
-9.999955304,-68.26315101,176.9427967
-10.73890101,-68.90380266,287.2054124
-10.25441479,-69.58563185,367.4480686
-9.855757735,-68.22405914,170.070717
-9.950640533,-68.18288003,13.7452593
-10.64269327,-69.04998597,155.3664454
-10.14427174,-69.26037499,129.9573277
-9.683031489,-68.50603926,93.22455361
-9.60237907,-69.13462235,127.2516146
-9.911064863,-69.44316204,133.6199068
-10.06365055,-68.15213799,317.4301667
-10.40497551,-69.43622455,342.1489231
-9.86462474,-68.25162507,265.6477109
-10.40376496,-68.71534421,245.0989872
-9.767480743,-68.41074136,30.0542674
-10.145377,-69.31129219,160.2815328
-10.14361853,-68.92296345,167.3650851
-10.13317836,-68.16770083,198.6373782
-10.72430238,-68.83180758,110.8772504
-10.35032751,-68.67594236,165.0411389
-10.26295213,-68.54484557,249.6448284
-10.66141462,-69.3497688,170.6803255
-9.596458199,-68.56949168,204.9834547
-10.72727246,-69.11257515,15.21578121
-10.16901185,-68.45438592,164.0098932
-9.999529815,-68.40372372,264.6933295
-10.442199,-69.486064,210.8923144
-9.658573241,-68.49715024,236.9719879
-9.782962912,-68.39939017,38.33728325
-9.7830241,-69.17444163,258.6116381
-10.68011726,-68.91648802,333.3234179
-10.43140926,-69.16535046,175.2405913
-9.791348954,-69.02797139,92.7331099
-10.30183349,-68.53104245,208.5971191
-9.975162573,-68.80065767,267.129676
-10.19656619,-68.5345922,191.1574449
-10.25899217,-69.58901382,358.1092708
-9.819800692,-68.25736278,55.99351365
-9.677025509,-69.22347874,124.9225464
-9.617857015,-69.29558227,255.833409
-10.24328662,-69.01932609,290.967829
-10.01111579,-69.40339375,133.9929985
-10.03430252,-69.45184074,346.7193609
-10.11774809,-68.40953771,191.8266196
-10.04127548,-69.54120355,289.0553954
-10.46439286,-69.18972637,120.4763727
-10.66850751,-68.91840948,197.5596801
-10.52495562,-69.55966198,14.2505584
-9.646055342,-69.29590833,220.1399784
-10.62449329,-68.6507077,146.4357312
-10.67359556,-68.6870608,190.887268
-10.03660679,-68.24620506,188.3307453
-10.46800219,-68.89184619,323.2407107
-10.01541907,-68.3624232,225.5940625
-10.18330269,-69.26569751,322.6795989
-9.648670359,-68.51454078,322.127987
-9.954336498,-69.36451464,240.2515478
-9.749907518,-68.44039194,214.095024
-10.49697297,-69.51893756,162.0301586
-10.21705326,-69.33379447,110.2068743
-9.570395615,-69.20948858,87.65037026
-10.07359847,-68.11294085,159.7241288
-10.22749916,-68.08902825,141.7926583
-9.868280829,-69.1328311,157.1913407
-10.26333656,-69.03411046,154.346633
-10.38858265,-68.64468126,278.2098081
-9.849813058,-69.3161654,257.9429971
-10.59799463,-69.53902913,309.4842734
-10.36519791,-69.14262444,170.9570498
-9.717371464,-69.03917942,135.3895449
-10.4953467,-68.69518825,130.2992758
-10.02432147,-68.22845681,133.7369336
-9.821942541,-69.02167937,319.6531524
-10.58413829,-69.28539167,347.1119121
-10.21480607,-69.21979638,29.44653133
-10.65432646,-68.86525341,185.7682366
-10.76354985,-68.96056568,171.6042681
-10.47288535,-68.70686117,209.9370793
-10.63448077,-68.65809982,132.9217279
-10.25826052,-68.58710925,206.1496045
-10.56155611,-69.24001316,199.3109701
-9.690977104,-68.90365648,192.758466
-10.39166942,-68.86443472,130.9119744
-10.59213119,-69.30495267,202.7152683
-9.95799548,-69.48012831,219.077318
-10.40239372,-69.42715807,214.5489933
-9.977829273,-69.12900512,321.792238
-10.45142847,-68.88697184,297.9037916
-10.20218513,-69.26962897,124.4573316
-10.09259326,-68.62943704,200.2893126
-10.13378645,-68.16472121,199.4205111
-10.73774295,-69.09129448,200.9537209
-10.56311605,-68.97659434,106.1174771
-10.30113991,-69.07634133,17.01804523
-10.25628576,-68.59293698,240.2547311
-10.6841196,-68.92976466,211.1032494
-9.605180101,-68.06827038,139.6601494
-9.66619678,-68.1724298,10.39293188
-10.22236982,-68.56064112,304.7699632
-10.04825611,-69.3377032,187.0005418
-9.833294354,-68.18627699,182.7735486
-10.40265199,-69.07648214,169.3027241
-10.54998589,-68.73557242,135.8446118
-10.03126635,-68.57727614,162.5608168
-9.587009666,-68.56648646,206.6877734
-10.23363863,-68.86387731,158.5703402
-9.953036359,-68.30283215,212.6681009
-9.918459075,-69.07080214,199.6911336
-10.12817387,-68.68390828,152.0579653
-10.6447527,-68.89072804,267.011017
-9.812003188,-68.24622132,108.1438102
-9.991606756,-68.54807985,247.6027123
-9.746738328,-68.99523145,313.8487422
-9.943543422,-69.34923299,298.3776191
-9.767442249,-69.35390092,220.2522652
-10.14838945,-68.67794224,353.0469258
-10.09083529,-68.90704394,196.7312574
-10.35059346,-69.16010864,300.8538557
-10.55926371,-69.41834874,250.993943
-9.65196722,-69.27620505,195.9538128
-10.19536618,-69.55676506,164.4160434
-10.04976996,-68.89767053,59.23495787
-10.14908706,-69.49343897,335.0996882
-9.896689343,-68.49278807,280.3519169
-10.06874645,-68.62639438,230.0823819
-10.07946108,-69.35975207,248.0361518
-10.53382544,-68.9695163,155.1813626
-9.847082818,-68.73493521,229.2697097
-10.5554837,-68.73255665,189.8710847
-9.634632499,-68.06911133,188.1116133
-10.30500888,-68.78596846,181.7499444
-10.68989711,-68.82483005,193.0629698
-10.03183994,-68.44816704,127.8003574
-9.998950662,-68.38174397,188.6620454
-10.48205443,-68.6783155,189.0162205
-9.594546315,-69.31270111,266.9571679
-9.666608991,-69.23113531,149.4129192
-10.63684704,-69.04566987,171.4161281
-10.49801341,-68.91401365,141.7704846
-10.71994314,-68.75776724,44.88254863
-9.781595569,-69.57880749,120.8700561
-9.789262632,-69.02643612,205.3987864
-10.49225498,-69.47483958,197.0507664
-10.20286284,-69.32336665,199.8177218
-9.55069482,-69.09669537,217.0409477
-10.18819396,-68.46855757,192.1534779
-10.16334395,-69.33234837,129.2327704
-10.05868289,-68.18551819,182.730177
-10.48586364,-68.74794973,212.5065255
-10.44120489,-68.71499446,224.5216335
-10.41071447,-68.69253649,268.4605793
-10.60305445,-68.82722437,189.2102112
-10.63209246,-68.79643809,334.3715142
-9.729935214,-68.6275023,64.86279104
-10.37762544,-69.14009866,190.9589167
-9.815734713,-69.28454907,182.7669594
-10.41619248,-68.84655005,49.43431876
-10.20477013,-68.48823391,114.4991251
-10.70830398,-68.74913722,219.0283513
-9.940296743,-68.81049529,26.21790558
-9.745461134,-68.30637566,15.09181415
-10.49297023,-68.67206153,197.2765328
-10.34301705,-68.64961682,13.88283339
-9.952412246,-68.54747138,219.2344684
-10.44608056,-68.65885469,58.1510446
-9.844004612,-69.29820968,17.40666582
-10.4311187,-69.54174974,130.478407
-10.71997609,-69.12095948,14.67978222
-10.03967633,-68.38021213,115.2954614
-9.845016003,-69.51544445,198.1802649
-10.30938477,-69.59340292,226.1701099
-10.54165871,-69.56691453,316.8582001
-10.45770437,-69.07428152,344.3248935
-9.820636419,-68.25797525,118.875606
-9.808358866,-68.17493333,111.8397805
-10.64685709,-69.02407301,198.1757858
-9.924464175,-69.46962625,230.7048546
-10.6390522,-69.29041932,117.5431879
-9.955373849,-69.06876223,273.4494383
-10.38416032,-68.85889219,298.8886609
-10.04199965,-68.84986667,408.1376095
-10.00021067,-68.84030076,131.9952287
-9.614305042,-68.09242175,341.9340529
-10.36099316,-68.8555469,135.4344107
-10.54513751,-69.53267607,201.9606587
-9.858189758,-68.23319561,131.162562
-10.66745226,-69.04663613,243.4803819
-10.17436794,-69.26655169,196.1167141
-10.54820878,-68.99389484,222.165967
-10.21807055,-68.53619857,328.709327
-9.596771244,-68.5426018,193.6856809
-10.61345543,-68.84932035,162.3474022
-9.715993345,-69.18964729,194.6555869
-9.966225244,-68.56472686,47.51822969
-9.856301735,-68.25259955,197.3182053
-10.75937253,-69.42886941,222.3817417
-10.57032023,-69.24649965,199.7957174
-10.08827752,-69.34661241,208.7861933
-9.669959054,-69.25089625,166.2640011
-9.884500646,-69.42593164,167.0861722
-10.52765298,-68.95038387,216.660852
-10.37057232,-68.8555011,278.0687997
-9.951611413,-68.55398654,63.06274444
-10.14122553,-68.96504035,320.6339439
-10.12620304,-68.46847622,168.5784777
-9.841413527,-68.72356656,298.9995652
-10.57698239,-69.52784793,226.1102944
-10.5701223,-68.98105895,279.7647634
-10.50220491,-69.03123434,374.3294219
-10.11587677,-69.31166009,187.3110109
-9.977229065,-69.49425545,234.7251425
-10.19362839,-68.69676523,187.4651663
-9.635227789,-68.8698808,342.2385056
-10.33802889,-68.83148238,143.0175437
-10.24730359,-68.7290015,155.9353733
-9.845522026,-69.12857375,276.9235488
-10.06942083,-68.42664508,399.0782966
-9.661129938,-68.90349672,161.7380534
-10.38834438,-68.51251468,10.40456982
-9.634295116,-68.54820305,153.5322922
-10.53445157,-69.00066857,196.8745372
-9.81887316,-69.14816339,155.2014581
-10.16963186,-68.5497199,310.4222497
-10.33278795,-69.07109845,227.120526
-9.878447224,-68.26884663,172.7971901
-9.999805302,-68.09753754,154.5151804
-10.54881689,-68.72762629,75.31257067
-10.39497529,-68.85975549,201.2671073
-9.550755406,-68.80096804,151.3506333
-10.31158245,-69.08404913,324.0534176
-9.786022246,-68.42051381,202.4506641
-9.954871953,-68.37793922,149.7668177
-9.827441627,-68.25652329,131.8483957
-9.679214365,-68.60453271,111.205619
-10.24524701,-69.19732856,189.1263561
-10.27726664,-68.62203936,278.750052
-10.38041027,-68.85612413,95.34124653
-9.935330804,-68.54202233,68.77465588
-10.65785429,-68.91030478,130.1805111
-10.16540379,-68.97628166,245.6909357
-10.75863366,-68.9642316,47.25550435
-9.721510361,-69.24051694,299.8418052
-10.43305078,-68.6947698,359.7013363
-10.03877888,-69.20989621,191.1147224
-9.850290403,-68.23448279,160.5137858
-9.799967433,-68.39350677,10.3911284
-10.04472782,-68.62250451,264.0753028
-10.08041523,-68.63499493,198.6508377
-10.07254992,-68.44320494,386.3883585
-9.972698305,-68.81304914,333.4319476
-10.50958462,-68.7339907,26.14238125
-9.626927055,-69.27506252,203.7735644
-10.06691753,-68.10801375,275.371473
-9.94343038,-69.05653703,163.0028113
-10.60743688,-69.27397726,394.7394463
-9.803190268,-69.00788748,196.8229766
-10.65932788,-69.35130906,263.9460076
-9.837048484,-68.72756209,303.1509232
-10.64692721,-69.31749938,398.2332247
-10.05354191,-69.19194555,236.0149211
-9.589732404,-68.53003181,10.16819481
-10.41948903,-68.69898229,174.1593084
-10.40030421,-68.49251972,254.3048883
-9.792002437,-69.26711103,269.2979287
-10.11992012,-69.49359963,218.5533384
-9.966789669,-69.01796874,116.5375826
-9.630119023,-68.90225012,116.5418374
-10.0556325,-68.46570542,215.803688
-10.41275572,-69.09058389,249.3977086
-10.24494614,-69.34758662,152.4086346
-10.69305174,-68.87304758,172.0762415
-10.56137626,-68.98753012,243.407434
-10.04412468,-69.19260211,181.7595665
-10.63550358,-69.00864445,269.8837095
-10.28130864,-68.78963534,190.6721066
-9.649466384,-68.10075902,136.0131429
-10.43070071,-69.54205789,151.0357872
-9.768578711,-69.22081842,193.6894417
-10.32868713,-69.09666657,379.708412
-9.801519785,-69.0066579,175.9615519
-9.657997502,-68.91606565,215.0127653
-10.70678415,-69.4207702,175.6437652
-10.72894826,-68.92056775,241.7036204
-9.726877126,-68.63947195,280.9770047
-10.4068258,-68.85398906,262.0759507
-9.927353167,-68.80095139,260.2205284
-10.57225169,-68.95113913,182.7501482
-10.69440236,-68.90230029,293.8936786
-9.832178491,-69.5079034,166.1149693
-10.66799709,-68.90864352,196.6426046
-10.72277014,-68.9233139,165.6476991
-10.5193951,-68.93719435,405.447486
-9.572662627,-68.83872963,188.6860132
-10.25247928,-68.57582402,219.1993218
-10.0137207,-69.17022688,215.0801986
-10.62041784,-68.78779366,177.2896617
-10.43915515,-68.53597212,197.3221921
-9.752426877,-68.65122589,201.9418369
-9.960312822,-69.05787147,140.8111118
-10.30322712,-69.0778828,268.7772725
-10.69637824,-69.37508522,188.2498799
-10.06209805,-69.45100114,181.097431
-10.34490335,-69.14078719,128.3177883
-9.78542708,-69.56935715,187.8053455
-10.43846885,-69.49057147,228.6040176
-9.591101866,-69.1263316,159.960871
-10.445674,-69.18952597,175.5303501
-10.00702524,-69.38955097,143.1656646
-9.838607405,-68.27116015,158.5066516
-9.844887717,-69.08386257,216.0677131
-10.08084773,-69.29286158,196.050468
-9.920750508,-68.80969643,169.2565961
-9.588257645,-69.60227122,190.0680517
-10.02656618,-68.23696074,146.165582
-10.65894205,-68.79489699,112.4861289
-9.840522578,-68.23657324,187.1960398
-10.02566829,-68.20978075,198.6387611
-10.0470049,-69.33862452,228.3852357
-10.27861973,-68.7739136,207.4567599
-9.840590569,-68.34592695,13.88450816
-9.996748363,-68.28204415,39.06483016
-10.37600615,-69.55390665,194.5103603
-9.876039966,-68.49133596,31.95543947
-9.969279841,-69.03754348,180.6991468
-10.37428802,-68.82999005,228.2495208
-9.618249482,-69.15340147,270.3086779
-10.15830974,-68.42511903,113.3514522
-9.701567089,-69.20081724,198.9750614
-10.023629,-69.16273118,290.6715633
-9.839537962,-68.24764861,112.879895
-10.35640059,-69.13904418,101.4181941
-9.67578104,-68.90709693,235.229956
-10.70970985,-68.8821953,205.0013768
-10.42552733,-68.87491956,127.1310634
-10.18264496,-69.27735829,128.9058931
-10.0653925,-69.21549383,397.5217119
-10.32534161,-69.57483247,193.1100366
-9.897934487,-69.12288799,326.3606837
-10.47319294,-69.04594165,216.1861277
-10.10002739,-68.62053068,234.0767905
-9.850254043,-69.30281366,241.2670935
-10.63086965,-69.31997085,200.8221839
-10.14276881,-68.68752526,193.4727495
-9.707590051,-69.19060968,219.9132213
-9.998956003,-68.83937862,156.0235171
-9.839658963,-68.43642183,13.41634247
-10.37620355,-69.57737064,147.8627903
-10.13775112,-68.92735493,176.250835
-10.13081186,-69.49451046,210.4825269
-10.45721891,-69.081295,275.8425088
-10.75195428,-69.11628027,265.5502706
-10.05933865,-69.18156114,271.313545
-10.18743371,-68.96395862,311.1775381
-9.883435148,-68.26542064,261.337257
-10.10723451,-69.32590268,114.3885459
-9.856068239,-68.73429381,263.2297786
-9.985721923,-68.81538199,403.7060774
-9.70392937,-69.02232932,150.5777701
-10.09968456,-69.49343034,178.0008016
-10.65271676,-68.88578147,117.5735677
-10.62271249,-68.95229862,191.7685684
-10.67757095,-68.90156259,389.2878913
-9.706078659,-68.18081434,205.3918223
-10.02297836,-68.5993808,28.21465408
-9.749635552,-69.17750591,189.6596123
-10.5286212,-69.32134451,235.2561285
-10.11696811,-69.31537245,138.093842
-10.48369299,-69.59024626,154.0554084
-10.02457021,-68.84397967,34.59796732
-9.672715307,-68.10413594,153.8008782
-9.934300589,-68.52754342,195.9051098
-10.21954002,-68.51284843,122.5844309
-9.852951889,-69.05203743,194.199487
-9.647367459,-69.27282726,183.7075754
-9.738180455,-69.24146539,134.5827147
-9.853850462,-69.51904397,265.0015843
-10.15340583,-69.29879796,277.5078522
-10.16319654,-68.90852255,87.88542075
-10.01106655,-68.39066681,267.3518313
-10.11899192,-68.168266,237.0993195
-10.71459869,-68.60449014,176.1139931
-9.622765961,-68.29881535,192.4489044
-9.998076596,-69.52364768,16.17827614
-10.00145509,-69.13894173,207.5905287
-10.59313195,-68.94020394,189.6102897
-10.64216639,-69.33492489,172.5408126
-9.968516096,-68.32131027,100.2500059
-9.801711163,-69.16805706,232.1650243
-10.09633715,-68.14806905,169.554386
-9.679000074,-68.96908473,214.6216713
-10.40759338,-69.44565707,386.8888438
-10.14630276,-69.26562874,137.3224912
-10.61820071,-68.77171378,185.4874312
-10.49472382,-68.92603395,112.0467618
-9.818769453,-68.73481161,112.9148241
-10.48258951,-69.53719342,182.0664098
-9.981912658,-68.16660613,15.26203131
-10.10098722,-68.19888869,348.4435477
-10.38353335,-68.87217717,150.2369558
-9.859247884,-68.75090276,160.0989065
-10.19001795,-68.4485065,273.6702656
-10.47897354,-68.93556146,262.5876268
-10.6000847,-69.50410545,158.5679963
-9.674346283,-69.1590604,142.2786928
-10.17834506,-69.56505719,178.5604362
-10.15236826,-68.16105339,258.7782165
-10.72278537,-69.4022666,121.6197122
-9.967515247,-68.27028631,22.46614413
-10.47063202,-68.68433878,203.4768745
-10.21465655,-68.69790854,220.7860357
-10.2991804,-68.55046661,167.6346516
-9.748663578,-68.96067151,153.3910757
-10.49278331,-69.03144581,330.1560361
-10.63643388,-68.77822106,161.7698779
-10.34639999,-68.60644719,200.1827007
-10.24043589,-68.06270148,126.4863667
-9.919824539,-69.43672401,161.7166698
-10.48740226,-69.22038246,275.7387024
-10.17155791,-68.11349375,268.9452345
-9.723372884,-68.96411139,70.8798527
-9.879003985,-68.22538635,143.7224179
-10.5155528,-68.78420014,180.2797265
-10.26734167,-69.18101681,196.0551151
-9.812935553,-68.41676963,153.5248519
-10.0175479,-68.37105886,139.9169991
-9.887934781,-68.24766327,120.1910957
-9.84962738,-69.13288586,184.3317107
-10.4260025,-69.07052241,265.3973181
-10.47925433,-68.76448879,215.3337074
-9.791069387,-68.39342531,148.7706215
-10.34516732,-69.09451129,236.2717837
-10.19488123,-68.69768984,316.1336331
-9.979208223,-68.40945392,121.072239
-9.764700648,-68.15717052,204.544806
-9.664833592,-69.18042291,205.474535
-10.61806256,-68.96240458,206.8901013
-10.04550087,-69.43168129,246.0476317
-10.75316175,-69.3975858,176.9475475
-9.809693716,-69.15487548,187.3608315
-10.26544612,-69.01445634,261.6209145
-9.959891462,-69.40409682,190.7286634
-9.692437928,-68.91936259,269.7682346
-10.27487417,-68.53993488,24.49868007
-9.694852148,-68.92833942,203.6536598
-10.60901638,-68.94552554,196.1714903
-10.55717027,-68.79331864,27.52823504
-10.22085975,-68.11057593,272.4159987
-9.92411919,-68.48417467,238.2366572
-9.715728137,-69.01018896,124.436134
-10.02002637,-68.36578372,128.3153028
-9.972520752,-68.26660719,185.9425094
-9.710662722,-69.21404444,184.6027629
-10.31995453,-68.57318834,399.5949301
-9.922978674,-69.34870421,402.5469065
-9.665139756,-69.1593976,202.0093534
-10.3389066,-69.46852919,52.4989652
-10.33487167,-69.42797718,219.9416581
-10.34440234,-69.08692741,121.1406733
-10.67170042,-68.82575739,199.9144935
-9.830138208,-68.71528878,44.32536697
-10.29699766,-68.55625785,177.3863141
-10.11502592,-68.19510034,247.9375649
-10.21082385,-68.86699267,194.7484607
-10.08445186,-68.60207766,178.660233
-9.922747726,-69.35598228,153.2520599
-10.30927115,-68.55084153,200.5740563
-10.0831964,-69.34024153,185.0858335
-10.05176182,-68.44924415,394.2519549
-10.47199986,-69.21604326,339.7561248
-10.11884945,-69.32087662,164.252016
-10.02854387,-69.17356242,212.9679322
-10.14392216,-68.9391401,246.6578451
-10.18597629,-68.68380763,266.3640776
-10.63062521,-68.9124747,223.1186523
-9.651376423,-68.95604457,201.380786
-9.680543684,-68.96330467,228.8822574
-10.29382617,-68.53944744,254.3435009
-10.38765714,-69.08757214,147.9924622
-10.53229695,-68.9739266,110.8417281
-10.57627264,-68.96486816,251.8202126
-9.580299429,-69.08260292,177.0078135
-10.44014403,-69.49685205,112.1368037
-9.613098132,-69.32003318,71.92881215
-10.57609265,-69.51737146,179.8752683
-10.1987249,-69.27702832,222.215383
-10.19828628,-69.31999634,144.188097
-10.6717116,-68.72202747,195.1756685
-10.14710451,-68.97641524,213.2503506
-10.45769753,-68.71291313,331.0088836
-10.33911524,-68.79669656,165.7503217
-9.960691798,-69.40667129,163.6844402
-10.71184072,-69.09402212,131.3172536
-9.553580683,-69.56963816,156.8233417
-10.65049187,-68.83833903,294.2100843
-10.61846078,-68.85303288,207.9477694
-10.31450573,-69.08620556,169.2847176
-9.865080196,-69.08217216,173.5676663
-9.920613677,-69.36818439,154.4965141
-9.773040983,-68.3200779,15.12476512
-9.713316035,-69.2190732,223.3320559
-9.791162909,-68.71452282,252.8787881
-10.24955623,-68.57366734,229.2734353
-10.21228412,-68.4937805,108.7237271
-10.0298809,-68.11968015,63.98291998
-10.29238158,-69.37533537,174.3536413
-10.63932014,-69.04036287,10.3911284
-9.610610732,-69.32186336,265.7133048
-9.783530507,-68.97882866,90.71052917
-9.817420385,-68.24224579,120.2296776
-10.57949169,-68.61022189,111.0004737
-10.10908083,-69.28511569,162.186055
-9.608455834,-68.08813124,178.2819252
-10.00815642,-69.39664866,171.6074636
-10.13203047,-68.95826953,183.2065381
-10.72785063,-68.74957878,127.3864264
-10.5023376,-68.95998749,174.4631405
-10.61987489,-69.01147675,298.0561846
-10.34240479,-69.14263638,120.4150896
-10.56890635,-68.80927494,310.9761195
-10.41494235,-68.84562228,182.3813811
-10.12401054,-68.68082924,120.0253353
-10.07752769,-69.33767315,208.7540983
-9.829579423,-69.52679109,122.2525275
-9.662913907,-68.98571187,180.201056
-10.15503036,-68.9822656,153.9303031
-10.3267022,-69.59032388,138.585329
-9.755864355,-69.19431621,219.3608492
-10.75947173,-68.78027492,201.495662
-10.02801327,-68.37871931,128.954861
-10.31728004,-68.64497002,23.46513804
-10.39560314,-69.56790759,128.3460129
-10.65336136,-69.32957357,228.5934135
-10.18538348,-69.26722847,317.6981582
-9.996670869,-68.30621343,225.1094576
-9.623633206,-68.96345637,114.6005071
-10.31488233,-69.40595985,120.6915578
-9.63720476,-68.86420309,187.9333324
-9.983895955,-69.38628534,340.0027552
-9.762297413,-68.68629939,184.8031921
-9.844213732,-69.04561636,168.4404332
-10.01849774,-69.44011697,130.0617929
-10.49276198,-69.57234201,165.0617435
-10.08454606,-68.12846292,169.6889692
-9.938225045,-68.53704856,167.9845007
-10.44243775,-69.46393652,219.591611
-10.1009652,-69.22685452,199.3757706
-9.968601588,-68.80275849,242.2967975
-10.38873298,-69.5681419,110.7762956
-9.684295101,-69.32071448,183.4035386
-9.653259396,-69.27018244,291.2732267
-9.777790881,-68.21225889,123.9831248
-9.957613615,-69.04611271,192.4180717
-10.4631584,-68.93101632,131.9231489
-10.35426251,-68.8152157,277.5189447
-10.07016833,-69.18951844,147.9267768
-10.61687215,-68.92264933,183.2465903
-10.42017535,-69.49107735,251.942199
-9.937347016,-69.42384845,221.9129112
-10.4497174,-68.75628981,218.7043903
-9.757102008,-68.98163189,129.4056603
-10.31103273,-69.37427794,212.4165897
-10.20008798,-69.00180872,231.6235279
-9.844273782,-68.20131656,152.079368
-9.565718686,-69.57853581,119.3391985
-9.786935599,-68.70439023,313.3847414
-10.32180844,-69.16458886,138.086756
-10.44237762,-68.67724177,144.6154669
-9.964101027,-68.26176778,10.25952313
-10.41997229,-69.12840559,231.2131484
-9.64427546,-68.08327421,128.8774826
-10.53650472,-68.94981592,245.3191724
-9.85211505,-69.05142176,193.7046947
-10.05520591,-69.19317283,291.8092656
-10.6938522,-68.87044801,317.1576881
-10.08950385,-68.38144967,189.6509574
-10.53294653,-69.5744657,193.5589323
-10.39126679,-69.54948851,190.7599639
-9.626082991,-69.15202489,183.68413
-10.63723011,-69.03881548,133.1671277
-10.36816334,-69.45261214,217.7173011
-10.17691712,-68.96345645,300.8217859
-9.588069129,-69.08128449,153.1528252
-10.25931561,-68.73084658,348.4543889
-9.811145965,-69.29487366,246.6049595
-10.07707821,-68.96551614,135.6503534
-9.566201385,-68.81227368,292.9323111
-10.04246505,-69.1913823,219.8805072
-10.34412277,-68.62914831,378.7441065
-10.16826862,-68.5350982,48.42617379
-10.058443,-68.39402949,191.6406731
-10.05309386,-69.17696653,140.2484483
-9.920847228,-68.78187558,204.6907873
-10.03650949,-68.20181004,188.0062556
-10.72842672,-69.36356821,214.7754594
-10.07863418,-68.1885454,234.7965278
-10.59375237,-69.39970655,338.9577049
-9.966126987,-68.52936372,192.3118077
-9.949506612,-68.3805586,10.3911284
-9.652634655,-68.3344271,201.2548307
-9.738290816,-68.63363637,206.8856847
-9.769424572,-68.41594745,132.6963344
-9.576811945,-69.07303162,138.30288
-10.68732138,-69.3405529,131.8008996
-9.574139806,-68.81808356,364.8284683
-10.59416752,-68.81367973,244.8117232
-10.65728375,-68.66782376,136.5627671
-10.60975958,-68.75843636,342.2463724
-10.53671744,-68.96451627,229.8433574
-9.848469561,-69.29393701,186.7301714
-10.21729071,-68.49747573,239.4007871
-9.627245919,-69.30244861,116.7839887
-9.91877575,-69.10034898,81.4625363
-10.02110399,-68.11321355,190.4453458
-9.774173009,-68.66718694,170.5369385
-10.66439599,-68.89443542,260.9420982
-10.36373238,-69.57972138,158.826753
-10.57322302,-69.53062877,172.9136729
-10.49848238,-69.20062374,96.627014
-10.63296624,-68.81824215,203.9730197
-9.754781908,-69.24651356,111.3278967
-10.50307209,-69.04739839,118.4196995
-10.27490849,-69.36243319,330.7256203
-10.00619067,-69.39016572,169.8928793
-10.54233607,-69.53777148,273.3877686
-9.815210692,-69.06204895,168.3742674
-10.50608839,-68.96276042,115.0871281
-10.12778411,-68.93461534,209.6763483
-9.692097934,-69.30565103,292.6240593
-9.785323169,-68.43753491,158.4541413
-10.53516018,-69.02370724,389.5240367
-9.914045581,-69.35675868,149.9033614
-10.09140418,-68.62148295,178.555239
-10.60847395,-69.41732869,159.4653409
-9.630990909,-68.51739864,307.9824581
-10.36914428,-68.69689073,83.75982157
-10.57759521,-68.99471036,263.6298283
-10.11680023,-69.3259223,176.3228517
-10.36599358,-69.10359933,121.2737433
-10.4742891,-68.665302,257.447701
-10.21068506,-68.5520279,152.9389075
-10.19745953,-69.31938829,158.5405528
-10.72575193,-68.85138391,154.9355566
-10.73885948,-68.82782192,232.9071147
-10.00293492,-69.176281,235.6715382
-10.30825935,-68.56456222,178.0618201
-10.74121287,-69.13667307,184.8704715
-9.80322336,-69.17336182,325.9815888
-10.63935563,-69.34266282,311.2373337
-10.39206835,-68.70673414,150.3604463
-9.82751008,-68.24880871,151.9893982
-10.52394003,-68.99813548,145.8305252
-10.68845526,-68.8651432,223.1744402
-10.67402214,-68.90863322,353.0408382
-10.01960073,-69.18855206,156.9540645
-10.35855784,-69.4315018,212.2381656
-9.839381743,-68.71507683,159.165318
-10.00463425,-68.23189035,14.42984282
-9.975768281,-68.82957401,206.5006002
-10.02183485,-69.44256677,158.8628551
-10.08616683,-68.18299604,266.9502759
-10.66701777,-69.36727087,209.8168957
-10.13776466,-68.50553189,126.6305028
-10.12915413,-69.22580084,318.3006323
-10.71974121,-68.73596925,341.7213661
-10.72745206,-69.44338964,368.6718441
-9.876014089,-68.24441406,174.0505142
-10.26619814,-69.37001828,156.4049156
-9.742131009,-69.58432749,197.6908818
-10.64366821,-69.02906207,167.8192816
-9.934390964,-69.37823668,126.1070066
-9.653226413,-68.16294656,201.2758806
-10.10253751,-69.31925265,156.8514819
-10.51934964,-68.79406811,344.1275736
-9.598545225,-68.55139124,215.7424693
-9.906466738,-69.06914458,156.2211365
-10.74036163,-69.12891031,148.5066823
-10.42800121,-69.53920672,38.06183854
-10.0312519,-68.84889416,192.5621391
-9.697957075,-68.13633599,176.5729484
-10.39658887,-69.11117828,270.5540871
-10.19689862,-68.70625527,200.3093589
-9.881548896,-68.29543788,124.4719256
-9.664763145,-68.96584621,135.6369488
-10.48368217,-69.50286405,10.3911284
-10.61620722,-69.49882377,129.1683746
-10.16052008,-69.27073188,149.4330082
-10.61992605,-68.88217733,253.3386666
-9.952148865,-69.13888067,119.8142998
-10.1593235,-69.27757498,385.9000983
-10.07848565,-68.38062541,223.0480106
-10.49559232,-69.47236633,193.6057289
-9.755798901,-68.40300746,135.6266961
-10.22609023,-68.72779095,162.0427797
-9.889323792,-69.46587063,185.384287
-9.6634743,-69.15817541,104.612439
-10.45793254,-69.17766837,187.4025358
-10.70480184,-69.30103873,122.215038
-10.07505555,-68.13242052,138.2122244
-9.712725911,-68.92681126,177.153527
-10.55111753,-68.98835547,292.2589307
-10.14356141,-68.49549953,306.8601774
-9.626109073,-68.30126693,200.7312241
-10.57935403,-68.83137252,198.5397514
-9.897153476,-69.47710784,226.6514708
-10.10245859,-68.39098768,302.2554142
-10.33485272,-69.13117971,202.9905694
-10.24311093,-69.19438249,213.5548717
-10.5480841,-69.22310044,237.2380223
-10.59939049,-69.00340507,28.30450135
-10.24188163,-69.20659259,352.3813543
-10.51935861,-69.0015138,226.6494404
-10.41560434,-69.06015103,115.5093512
-10.60136338,-68.95793955,220.5141722
-10.63685068,-68.7785308,164.0752684
-9.919791192,-68.78835213,213.8444606
-9.55640367,-69.36163553,156.0967422
-10.74306863,-68.90689114,222.8149244
-10.33085977,-69.11190032,253.9898103
-9.770242676,-69.22204181,214.4912616
-10.68426932,-68.86335193,134.6855527
-10.30409116,-68.56148792,28.55681563
-9.908372249,-68.76570117,177.1939785
-10.27384946,-69.03484056,127.0010317
-10.39685553,-69.56698451,310.0751033
-10.03386262,-68.61451186,22.23326776
-9.688703827,-69.21490966,208.3100473
-10.63969314,-69.38260917,130.4707253
-10.18031886,-68.71518696,174.7582286
-10.03533833,-68.42280015,94.09506733
-9.877858047,-68.74330377,218.9243119
-10.35798611,-69.12481466,151.0328861
-10.5237037,-69.25429693,29.08821232
-10.68946041,-68.92006968,202.5177902
-9.977585287,-69.5086192,247.0133163
-10.67309215,-68.91501793,202.2576969
-10.40669755,-69.55491739,200.0914712
-10.19554076,-68.71268296,261.0852338
-9.62182092,-69.30642004,191.5921265
-10.07251442,-68.20318221,234.604098
-10.32071766,-68.80496479,216.2038949
-10.05179229,-68.62057845,107.7300027
-10.21994893,-69.59575594,110.9908482
-9.62913022,-69.28734345,386.8071107
-10.65479564,-68.66598199,163.6258114
-10.15090653,-69.26668924,155.6527599
-10.18836232,-68.67855217,233.856259
-10.71830663,-68.86767992,160.0311246
-9.615197912,-68.07561266,169.8240137
-9.661503644,-69.17797079,25.32198666
-10.21317216,-68.87167957,314.4555074
-10.27279967,-68.83502057,195.149493
-9.76740229,-68.27221061,10.30304865
-10.71435868,-68.92412429,272.5060104
-10.145462,-69.30461372,288.5426033
-9.567140946,-68.22918304,293.0019743
-9.911046307,-69.07250311,191.5089151
-9.850477293,-69.05745875,179.6234689
-10.71944991,-69.40474146,153.1446219
-10.33972791,-68.60151941,56.30682181
-10.32791838,-68.586176,106.9944563
-9.632907696,-69.26321439,177.6770178
-10.45472441,-68.52524918,212.2902118
-10.27335531,-68.78377456,183.3376429
-9.836306259,-69.14268441,256.5862491
-10.09846403,-68.40240429,13.27586114
-10.15403495,-68.915282,99.21786322
-10.37800287,-68.62313896,180.6571049
-10.08639263,-69.21612186,151.0798195
-10.12865749,-68.9492049,204.5470288
-10.40768453,-69.11120509,374.9712066
-10.24170936,-68.5892426,224.3217115
-10.12897816,-68.67738985,157.7326312
-10.37022088,-69.44687531,154.1786052
-10.18870184,-69.31295621,127.4368803
-9.796927984,-68.41946608,177.0259917
-10.63497898,-69.51825692,46.23802007
-10.32826331,-68.81764937,170.2344195
-10.17752165,-68.98519896,335.5661644
-9.972069803,-68.39715633,68.84604268
-10.39459476,-68.86660221,229.1570133
-10.56562475,-68.9784399,169.2452
-9.603709416,-68.92104189,227.2456378
-10.05311223,-68.90012807,166.1556407
-10.31218551,-69.36764987,390.1556468
-10.18313514,-68.09381767,212.4716739
-9.77870155,-68.67751529,397.3721424
-10.46148694,-68.92978294,276.3852215
-9.559098514,-69.20121977,144.0803492
-9.787201032,-68.23341294,13.47632331
-9.742694079,-68.22856318,207.5341901
-10.16479596,-68.10738733,101.2711378
-10.41602099,-69.05984388,246.2645555
-10.69913128,-68.74234192,139.9277019
-10.34505891,-69.39192571,303.0684426
-9.846760009,-68.39235653,164.562302
-9.86024627,-68.73735769,192.6020148
-10.15908616,-68.47528087,252.4723879
-10.16182045,-68.95933917,199.1549166
-10.413013,-69.0971515,273.0288704
-10.58557603,-69.27209993,163.9362372
-10.25380431,-68.54518612,234.3951154
-9.765798449,-69.06114897,145.0494685
-9.781123586,-69.18956807,339.0121726
-10.21333299,-68.56831966,12.95496214
-10.00185958,-69.42786895,148.8628463
-10.04295494,-68.58588417,146.0917606
-10.03748523,-68.41736431,101.0408933
-10.19654074,-69.55001603,129.3704772
-10.53442856,-69.54663976,338.2558781
-9.935598499,-68.20059697,16.6095989
-10.54565455,-69.30877655,276.6241035
-9.79629587,-69.17203633,37.55382673
-9.923856464,-69.45750867,171.1532473
-10.25910019,-69.3647802,114.8547706
-10.04048832,-69.16054247,241.4009002
-9.913653056,-68.34326296,125.5166432
-10.46303545,-69.51328177,185.131579
-10.51368468,-69.56801032,177.6830948
-10.17826864,-68.48945516,103.7308935
-10.71742014,-68.84521151,34.95719909
-10.3533191,-68.63592999,306.3696014
-10.39932164,-69.07895237,213.3221671
-9.663234616,-68.32138947,210.7825779
-10.12708223,-69.27969954,110.834267
-9.88328218,-69.12179302,187.4271472
-10.75918929,-69.37941781,115.4201938
-10.6736755,-68.8346407,227.3049121
-10.52072388,-69.23844912,252.7573526
-10.43480346,-68.65055401,143.2667124
-9.727724368,-68.42886789,141.6088373
-10.05468965,-68.88768158,263.4857022
-10.40033418,-68.69914665,392.0776406
-10.23781077,-68.10463872,189.1800225
-9.880517291,-68.75947911,109.7038354
-9.829727969,-69.49169464,35.13982109
-10.64361468,-68.79056337,332.6684726
-10.12323532,-69.27211465,223.5945239
-10.03491423,-68.23081875,26.60253428
-10.39510286,-69.43642065,231.940636
-10.24167864,-68.07858654,106.0795611
-9.81305668,-69.53220234,280.4524974
-10.58030701,-69.01761491,189.7304829
-10.1444877,-69.32546604,277.3220038
-9.608173473,-68.52757073,192.1460451
-9.711906728,-69.21495775,155.3272217
-10.42512039,-68.65077284,356.8253744
-10.63927505,-69.33984085,143.2334226
-9.89100743,-68.233373,14.19835957
-10.29577862,-69.08600976,139.4209806
-10.64809317,-69.36955866,68.09272851
-10.23189089,-69.57610674,151.7349831
-10.19148526,-68.52353312,176.0553318
-9.688693656,-68.31833119,329.1155697
-9.986273296,-69.15726832,123.6663047
-10.26076459,-68.58895413,195.9431724
-10.30751883,-69.5019061,187.0701659
-10.566871,-69.23699046,189.7328067
-10.23481664,-69.19374088,183.9713119
-10.02819503,-68.58951368,159.5525703
-9.815282613,-69.25500921,196.6642412
-9.570541061,-68.57194076,212.5407417
-9.654352852,-68.07620723,263.7790594
-10.00255377,-68.59145578,191.9668565
-9.795350885,-68.71759918,180.2917708
-10.20107897,-69.29326968,188.2894875
-9.687869361,-68.47572303,323.2066239
-10.37628476,-68.49684185,141.7803541
-10.4392884,-68.7485954,202.5428152
-10.29506777,-69.05753168,127.4293013
-9.761189452,-68.40433879,325.0397342
-10.6559709,-68.8808714,103.2644589
-9.566361482,-69.06540603,215.736803
-10.70537781,-68.85811435,226.157262
-10.26603111,-68.62080409,204.5264958
-9.947693825,-68.52289625,379.0240224
-10.66765766,-68.87376683,267.5909683
-9.838746171,-69.08626376,120.4752581
-10.17441007,-68.9616097,274.8283355
-10.55694611,-68.74816164,102.4716539
-10.66346842,-69.4460987,186.3298717
-10.04658301,-69.37730007,169.7553124
-9.91982916,-68.29921407,99.96629792
-10.12184193,-69.33666896,207.5148986
-10.45630021,-69.15522649,183.7751283
-10.63472453,-68.85070323,219.1094255
-9.911017876,-69.44994146,228.6860231
-9.74347075,-69.19527631,359.2087203
-9.940660646,-68.18003083,20.55396482
-9.795459207,-69.53490889,137.291734
-9.660562433,-69.15604019,293.4411904
-10.45136917,-69.50686369,106.5284379
-10.24553895,-68.59864091,211.7860935
-10.10552538,-69.21554078,155.5654254
-9.783086996,-69.23888485,142.8965185
-10.39932735,-69.15529409,114.1637176
-10.50811195,-69.00982947,39.50602466
-10.08305102,-68.61535715,191.5263372
-9.783412936,-68.38081136,266.7470732
-10.28641435,-69.20748056,367.4607067
-10.19660573,-68.46770398,128.5537132
-9.939197111,-69.46630251,26.41817658
-10.07042677,-68.88499736,188.6497022
-10.68095423,-69.3636589,16.58599513
-10.53770368,-69.59015081,215.7450455
-10.71223073,-68.84075341,109.4128373
-10.40901656,-68.65976556,359.3153491
-10.2006656,-68.53031606,218.9601673
-10.41109568,-69.52805897,243.4957684
-10.69284995,-68.92916324,218.0803501
-9.874209278,-69.11959685,154.2038544
-9.983863678,-69.51322041,147.4444197
-9.782890187,-68.15619982,346.8616766
-10.54456791,-68.58440504,148.0488351
-9.743392976,-68.98554015,268.9166414
-9.594895696,-68.09238826,143.2179264
-10.55176638,-68.9756225,103.9981045
-10.23385012,-68.59001992,136.4579964
-10.58602431,-69.53790923,102.7397283
-10.02277253,-68.12989641,56.32046094
-10.65926536,-68.9151175,134.899925
-10.03345102,-69.40817267,253.5270738
-10.20602182,-68.48915808,32.8220014
-10.22822454,-69.59471178,296.7920561
-10.02850323,-68.22538865,154.0256029
-9.816142707,-69.07688139,13.85321869
-10.29423801,-68.56794198,151.7787081
-9.628583025,-69.15385394,300.6171567
-10.23912468,-68.73031876,255.3097444
-9.608170379,-68.09485019,180.2007672
-10.62038449,-69.49572968,274.6977118
-10.65300803,-69.34295946,10.3911284
-10.05714758,-68.8679534,265.6378393
-10.38007997,-69.5343866,214.5454506
-10.19827285,-68.12716833,169.9673372
-10.2806846,-69.0612444,182.9617689
-10.54122972,-69.26726659,252.219926
-9.699300157,-68.61924727,187.7236423
-10.46740865,-69.51492625,112.7413657
-10.3322156,-68.56776927,131.1709123
-9.668149336,-69.27970194,324.5408682
-10.41269035,-69.16517106,157.4376608
-10.45793187,-68.90627164,226.750484
-9.877747574,-69.33670231,213.3977351
-10.16512369,-69.51223054,254.0557426
-10.43972531,-68.88539971,293.5498808
-10.59299596,-69.54273738,167.8800239
-9.710801212,-69.59034236,320.1659053
-10.63473197,-69.51187394,116.7381959
-9.975327825,-69.04683788,243.5811009
-10.16326106,-68.53140773,189.2303694
-10.64664694,-68.67456922,184.2525863
-9.996331,-68.28235235,180.2681166
-10.18409587,-68.45846017,130.8332085
-10.5209934,-69.30968048,118.9859789
-10.04396074,-68.24733437,258.7532867
-9.679830222,-69.28245263,225.4508094
-10.11155084,-69.24950994,159.8081396
-9.849563502,-68.37377406,143.0341998
-10.01524858,-69.43118854,152.0983221
-10.05288029,-69.33879617,245.8523874
-10.3862909,-69.56309441,295.8951284
-9.886517986,-69.34310758,148.9983917
-10.70788604,-69.35562604,180.8478539
-10.21799613,-68.70037017,193.5367526
-10.34536345,-68.83027,250.0355363
-9.612808313,-68.91357666,168.4926017
-10.68750897,-68.72695265,148.5557328
-10.56302378,-69.41556715,161.0555925
-10.08038253,-69.28548768,256.6413922
-9.655706173,-69.2539909,185.7277104
-10.43333207,-68.89523485,238.7635133
-10.24185674,-69.03258341,188.0155439
-10.08611555,-69.26819071,177.9760533
-10.03940243,-69.37246728,167.6382725
-10.14714934,-69.26944711,222.001926
-10.24326427,-69.33909033,139.7853795
-10.37715458,-69.53654514,174.2422473
-10.54227703,-68.9845927,182.0600831
-9.56075203,-68.60222094,268.6759911
-10.03174732,-68.37437175,268.5827835
-10.20513142,-68.71975776,207.0625727
-9.766710253,-69.15765648,173.3728713
-9.800854092,-68.67263166,201.2900277
-10.30529715,-69.38487258,181.4935113
-9.834081388,-68.42498558,13.12267415
-9.778991233,-69.22848102,315.5551919
-10.46957965,-68.73593171,179.8546973
-9.559723766,-69.56720922,154.7326276
-9.850113336,-68.22953609,292.2352104
-10.58850961,-69.39673658,103.9306222
-10.02662277,-68.40936726,260.9841385
-9.779782123,-69.05017519,114.4378704
-9.614294698,-68.52971369,149.3772378
-10.16068334,-68.5081127,188.6439153
-9.647459507,-68.12364475,17.21897216
-10.09043774,-68.46339372,152.0373519
-10.09352269,-68.39170296,158.1931332
-10.57491173,-69.24989606,257.2870993
-9.883758916,-68.24460139,20.40606468
-9.868640903,-69.4142453,168.372562
-9.711245802,-69.57878425,138.8157041
-9.819568016,-68.7283672,185.5941501
-9.698725439,-68.08748491,171.9674203
-9.854274669,-68.75381795,294.6784458
-10.0414354,-68.08925003,265.4768934
-10.01236121,-68.40589534,199.9182936
-9.95980008,-69.44117834,273.5464794
-9.857184442,-69.51659534,377.6002875
-9.8171735,-68.70576186,14.76255367
-9.896191361,-68.74261955,274.2022496
-10.02744131,-69.34625595,183.3368862
-9.733222107,-69.31471454,209.3517026
-10.12673909,-69.51987158,174.0269281
-9.944526239,-68.54878014,189.6104965
-10.52886833,-69.01154234,199.7140873
-10.41842639,-69.09315035,115.5122999
-10.08749313,-68.61131119,27.61340046
-10.34444853,-69.60082656,171.8372344
-9.78003328,-69.17005767,183.3315762
-9.788691112,-69.57359636,168.7999185
-10.53917508,-68.93743103,354.8020106
-9.554318769,-69.07812652,126.2334781
-10.47149329,-69.46689002,319.0903168
-9.82516633,-69.52329491,320.7483366
-10.26688202,-69.04399547,221.8842124
-10.17997303,-69.26324607,383.1993101
-10.16699063,-69.2970424,167.9495445
-10.74786403,-69.41161728,180.3478092
-9.837581196,-69.53100555,161.4415707
-10.35790982,-68.63931701,253.4490789
-9.723714208,-69.57637886,263.6128754
-10.52751348,-69.55642001,167.6205786
-10.71667496,-69.33055054,57.2119648
-10.66644677,-68.80044681,229.458355
-10.74515698,-68.90843564,194.9005986
-10.65502991,-69.33080953,262.0291035
-9.876130069,-69.11978175,129.7815264
-10.07556139,-68.46676901,170.4414585
-9.7832141,-69.27442637,227.6531384
-9.783622683,-68.39445039,177.3212864
-10.48632484,-69.53269147,182.555488
-9.585628707,-68.54414302,211.9704057
-10.46618396,-69.60323639,170.8291527
-10.47004619,-68.92233841,193.0534844
-9.565544395,-68.59220119,196.0573065
-10.6422626,-68.78254766,383.9312087
-10.02393312,-68.33324127,91.89595999
-10.32424597,-69.49632621,112.8678505
-10.19746808,-68.55662478,156.3265622
-9.788323387,-68.16018956,13.90622159
-10.02794038,-69.21839568,132.4727592
-10.303235,-69.39735937,214.258071
-10.62390076,-68.95808865,159.625903
-10.1237439,-69.22181051,192.6130561
-10.75126499,-68.89919728,259.9041817
-9.835614928,-69.27734338,74.89666239
-10.73975565,-68.86567944,275.8144124
-9.970158944,-69.44020171,160.8396547
-9.573986418,-68.83250032,191.5655082
-10.27430198,-69.19965686,201.7584754
-10.58387357,-68.82739067,266.769013
-10.5616625,-69.54927727,299.0444571
-10.08544014,-69.44653742,174.2373165
-10.51848804,-69.20119115,196.8984786
-10.12214248,-68.63678518,318.8508582
-10.00167748,-69.1686161,116.0819017
-10.01137856,-68.43309703,149.0453273
-10.75831791,-69.42052664,105.2452175
-10.06346372,-68.12738054,205.1474195
-9.969033309,-69.39718996,212.9404341
-10.14944542,-68.9359622,138.6821028
-10.59277635,-69.50503267,158.2343508
-10.3338103,-68.57601743,230.9904897
-10.53734044,-68.95043135,157.1070735
-9.935755133,-68.81369663,14.99394773
-9.803459191,-69.53927003,165.4542212
-10.01027243,-68.40436218,162.3167158
-10.24358147,-69.1985637,157.896507
-10.68423797,-68.89662693,352.076425
-10.45859485,-69.52831235,138.7080438
-10.14382022,-69.24376607,181.0747652
-10.33840206,-69.38701136,188.0451333
-10.57141768,-68.73001855,216.6703271
-10.11338551,-69.31126552,201.29847
-9.977311861,-69.12116229,187.0905831
-9.905115949,-68.49160266,192.9418364
-10.14494714,-68.15650419,247.3767902
-9.996459278,-68.24232706,10.3911284
-9.78992152,-68.40091501,287.8715551
-10.27169644,-69.53497832,137.3105499
-10.06464627,-69.44575877,150.0605473
-9.764764644,-68.30931937,325.9460871
-10.54313313,-68.96591023,176.5665184
-10.4959086,-69.52575565,173.7341044
-10.24179149,-69.22366181,206.6538202
-10.15186925,-68.9449902,180.288222
-9.672674084,-69.26912519,211.7952975
-10.12030697,-69.2559512,187.4929237
-9.749616621,-69.19891486,380.7303986
-9.98662333,-68.40128678,165.7484704
-10.14906735,-68.95721206,223.8248253
-9.760797523,-69.58743179,266.0839883
-9.966862938,-68.55146323,36.79914901
-10.55283404,-69.26222191,178.1655912
-9.784218211,-68.23823048,27.17799073
-9.969324622,-69.38260722,28.4653172
-10.31479113,-69.37705495,276.6323631
-10.35356494,-69.42780392,186.7854792
-10.42404871,-69.51850635,188.8753558
-10.09117527,-68.38267869,247.5900113
-10.4455556,-69.50257003,178.0252376
-10.65984994,-69.32708371,323.9407323
-10.05034522,-68.21946406,202.3808403
-9.572983259,-69.19728846,35.90137309
-10.25423948,-68.59848093,166.3770663
-10.45741354,-69.47500837,270.7154739
-10.52868315,-69.57365592,195.4736717
-10.65726132,-69.4617891,215.6719127
-10.24363507,-68.52396273,153.7316197
-10.48041409,-69.35710951,260.2284998
-10.0653961,-68.44495393,222.9937119
-9.874884658,-69.12070152,186.8270715
-10.34182726,-69.39700876,336.3913822
-10.47424662,-68.76078476,201.2254616
-10.48234656,-68.70008148,217.6277154
-9.674806226,-68.1056692,13.56295712
-10.0828256,-68.3765361,212.0166835
-9.933277553,-69.08501037,211.9843631
-10.08547761,-68.95200552,132.3538767
-10.3775726,-69.53623668,300.9295964
-10.30203171,-68.56707175,145.8875391
-10.52579459,-69.55904,156.0012111
-10.56865006,-69.2452639,201.569181
-10.50802425,-68.92138965,156.3156018
-9.987158896,-69.52261444,195.8213217
-10.13800969,-69.25416245,183.2107421
-10.16043587,-69.53096841,115.2140487
-9.990827173,-68.08145304,16.05120229
-10.4164916,-69.55252436,193.3323163
-9.886788693,-68.76408706,270.3593389
-10.53824577,-69.25142006,200.5042309
-10.55414512,-69.55483201,217.2156027
-10.21160898,-68.50699298,150.0018194
-10.53329967,-69.26139756,152.4959522
-10.02295739,-68.42802014,187.9957543
-10.52906997,-69.42418669,30.59550605
-10.23854547,-69.58101744,398.4028245
-10.59412713,-68.64291829,277.3104006
-10.69102303,-69.34468149,117.1551724
-10.31415531,-68.79271757,30.94224364
-9.880851502,-68.73827118,400.8747197
-10.07305187,-68.37662392,206.665722
-10.24824255,-68.57972226,282.9609825
-9.92530972,-68.5346526,177.9272237
-10.15214767,-68.68070534,209.5953265
-9.574093671,-69.58466457,244.8989625
-10.17476445,-68.96888416,125.7943042
-10.12552205,-68.91140142,141.4701722
-10.52295085,-68.74384076,27.69184013
-10.43553317,-68.74582452,331.5353258
-10.69226184,-69.08665974,322.8031673
-9.819784169,-68.21210214,153.0449189
-10.52990361,-69.24524282,194.9823392
-9.722849415,-69.58823483,152.9154362
-9.934370887,-69.42153126,209.0671159
-10.59006745,-68.63267959,140.7976607
-10.15632639,-68.1203034,289.2680455
-10.15883555,-69.25643341,133.6187306
-10.69429031,-68.90599257,216.7510948
-10.21036724,-68.5590804,165.9848331
-10.4522988,-68.92300216,199.7303581
-9.943911715,-68.3485509,223.3407363
-10.10277514,-68.49337927,245.5381862
-10.43904052,-68.67478279,209.3722081
-10.44985401,-68.52908808,134.8208848
-9.988225652,-69.37512038,233.5786143
-10.03508098,-68.33448207,180.6747961
-9.680018253,-68.92502444,287.5867758
-10.13835414,-69.30981859,137.5010409
-9.929614125,-68.78832497,155.3797174
-10.20737044,-68.97170492,320.5034511
-9.802006424,-69.27446703,261.6887843
-9.85885216,-69.51537321,210.1056158
-9.597281075,-69.33164946,378.0980462
-9.618584603,-68.29575179,136.3519881
-10.072967,-68.44351175,167.4458508
-10.61233834,-69.27064734,132.1118229
-10.5439776,-69.55371981,199.6355663
-9.619461493,-69.301725,175.5589269
-9.717450963,-69.58097044,198.8568852
-10.21392094,-69.22719353,115.6361471
-10.43166099,-69.13703196,293.0815903
-10.31052446,-68.55176732,216.5439611
-10.33735528,-69.12932836,361.8825241
-10.0707956,-69.22622286,132.3064032
-10.33788888,-69.37947979,159.4433843
-10.00575824,-68.08137007,127.5747686
-10.18805959,-68.68534371,201.862195
-10.63241723,-69.04903492,250.8455053
-10.23023376,-68.74536226,177.685613
-10.06352805,-69.43742784,201.7828757
-10.4923223,-69.21039755,157.0249217
-10.31292899,-69.36105014,326.125403
-9.764485084,-68.38122675,152.2438901
-10.39333467,-69.42760846,176.7707798
-9.685925428,-68.95055807,141.100566
-10.03005061,-69.24112421,195.9063424
-10.30116987,-68.55933437,163.4934956
-10.56258454,-68.9836281,307.364129
-10.38040916,-68.70519489,207.4062936
-10.33994839,-68.79731053,154.0409219
-10.56246018,-69.52078543,233.6184748
-10.18771752,-68.97841873,95.14155209
-9.832594692,-69.05104773,218.0237803
-9.702810709,-69.20173189,147.0384021
-10.73570961,-69.30471278,219.7788252
-10.69973205,-68.69926185,349.9246515
-10.42663576,-68.71855566,268.1433093
-9.967205977,-68.81600757,202.6541731
-10.64823601,-68.89611258,230.1274675
-10.2893891,-69.17150798,178.6829945
-10.4351473,-69.05248237,189.1607282
-10.37121767,-68.58925703,343.0954062
-10.25863163,-69.20447607,63.66196162
-10.52196887,-68.72937284,116.0713113
-10.56473327,-68.96333201,278.3464034
-9.749220536,-69.17781187,175.9822461
-10.44898615,-69.18540339,168.2938458
-10.15722651,-69.25088954,313.8826168
-10.27515751,-69.2157874,217.159102
-10.10750503,-69.29856259,261.2066583
-10.47982794,-69.38142032,131.0342891
-10.46730409,-69.475155,240.4946716
-9.906377463,-69.14325292,212.1912403
-10.21001691,-69.54531692,166.6304809
-9.821059288,-69.06633479,130.0435486
-9.809934274,-69.00564247,276.3854505
-10.17562221,-69.26563806,283.1687646
-10.65631038,-69.33882021,265.083254
-10.70622052,-68.75486254,174.7184899
-9.784401669,-68.19274117,9.894627039
-9.918806274,-69.10761377,188.3328791
-9.741152358,-68.46342693,302.5666401
-10.65094615,-69.3484942,228.5964356
-10.0535079,-69.17727023,27.58049716
-9.646168217,-68.49960569,13.28355809
-10.06645395,-68.35748126,211.6614439
-10.09101656,-68.38985754,326.3523273
-10.1077284,-68.49045906,252.0746597
-10.17601368,-68.11685837,133.1948535
-10.10568263,-68.3863707,171.3540845
-10.46392364,-68.89618924,211.5803294
-10.34239316,-68.67008377,133.636292
-10.05396411,-68.57963888,147.6267859
-10.44148408,-68.65547117,265.6628908
-10.13448498,-69.26638695,169.9643205
-10.04249473,-68.4210526,334.8341035
-10.03358002,-69.39351346,215.8086895
-10.55786869,-69.59295361,117.5428445
-10.17656915,-69.53529859,114.0051239
-9.637725041,-69.30202074,182.06114
-10.59529696,-69.59937422,268.5896672
-10.6716087,-69.36387793,190.0230301
-10.41182285,-69.47088641,195.7175992
-10.15949333,-69.28475491,13.25735536
-10.41038839,-69.44023222,243.8681365
-9.995872974,-68.58654288,337.6673496
-9.663585777,-69.1795038,166.8923949
-9.666121664,-68.90717706,143.8056868
-9.868273494,-68.29296017,135.3397493
-10.60199734,-68.86886785,196.9796862
-9.738583114,-68.62692607,181.8560111
-10.22247771,-69.33099548,158.0309876
-9.753743947,-68.15651609,157.4919345
-9.992287903,-68.56307539,40.98374289
-10.08695159,-69.26880645,123.8607882
-9.958336328,-69.03168628,181.9436031
-9.763510974,-68.14924552,134.2153583
-10.13137975,-68.49354801,132.5959357
-9.554144012,-69.21878499,84.18174992
-10.62647547,-69.30238468,194.6137684
-10.04279258,-69.17682844,359.6297203
-10.28686475,-69.16207213,341.009511
-10.37004778,-69.54179251,188.0096914
-10.3751565,-69.09681943,114.7275334
-9.791529197,-69.25963203,212.4779824
-10.33339356,-69.58538562,177.1946039
-10.03582436,-69.53721584,174.5717598
-10.2370464,-69.34175666,164.8342965
-9.757162513,-68.44169271,18.82537266
-10.05149378,-69.36356291,183.1943695
-9.928972052,-69.3742618,193.7905656
-10.2293953,-69.19774057,230.6455316
-10.01548714,-68.86583434,142.9660482
-9.633565491,-69.26271151,91.2285312
-10.08079942,-69.28579586,246.3470745
-9.714078279,-69.21115137,151.3377358
-10.6446655,-69.33677961,160.9569791
-10.61057239,-68.6839917,352.2501268
-9.777524205,-69.53683882,139.2069155
-9.621183794,-69.28664494,141.4549357
-10.63598394,-68.90399787,169.2524365
-10.27105825,-68.57527313,139.2437276
-9.691098714,-68.49012482,174.2224373
-9.686181912,-68.46598102,119.2828895
-10.3966947,-68.71720153,152.7092413
-10.28411796,-68.59185269,211.7589172
-10.20179356,-69.00965869,249.0155448
-10.42701454,-68.7045136,245.8289249
-10.12163237,-69.48775043,250.5701137
-9.728437477,-69.20586419,213.3131732
-10.14521547,-69.34683959,149.5243691
-9.658449279,-68.33160575,247.0732642
-9.732402126,-68.94875403,147.964239
-9.666579512,-68.32383526,183.6371974
-9.921090447,-69.3756584,111.2755285
-9.69830138,-69.20785999,160.6185286
-10.04553098,-69.46010499,195.5122738
-10.14299866,-68.65215837,329.1400201
-10.22532403,-69.00609894,206.1151038
-10.59186443,-68.82626895,244.6515528
-10.46651332,-69.52245111,240.8732898
-9.702585668,-68.96282397,127.784333
-10.47619212,-68.74783919,39.1803906
-10.36912816,-68.84068057,128.97392
-9.94722269,-68.50814329,121.5831494
-10.06876885,-69.290509,305.3071374
-10.398004,-68.854571,219.4017428
-9.650675699,-69.17002494,240.9990538
-9.798380373,-69.53276707,181.9860838
-9.93063987,-69.37548043,200.8462669
-10.27066699,-68.7680446,300.6479624
-10.09257038,-68.14530229,153.7725468
-10.39144148,-69.45581877,142.9383798
-9.770490088,-69.56348471,259.0068482
-9.656027226,-69.14561825,172.7737616
-9.961212948,-68.56104788,330.4697144
-10.72078536,-68.76566045,128.2149577
-10.20142966,-68.48576836,163.3144452
-10.02247282,-69.17665991,308.1671773
-9.632612519,-68.86084517,174.3499168
-10.6693992,-68.89814032,275.2586859
-9.629753628,-69.11183194,169.6454667
-10.61796937,-69.36519256,198.8648621
-10.66493067,-69.36881023,312.1611559
-10.18919484,-69.57302423,289.114077
-9.84868113,-68.2124732,227.703655
-10.67700258,-68.91742333,282.9718319
-10.05262141,-68.39684083,274.036921
-9.82876067,-68.73511497,330.1532125
-9.71413661,-69.58789242,155.1215431
-9.878375996,-69.07068584,188.9586273
-10.32486392,-68.65713778,113.1371091
-9.844746594,-69.28408454,220.1709234
-10.17556935,-68.46666222,130.7437152
-10.08854493,-68.42329326,191.5174908
-10.29423274,-68.60660819,371.2182641
-9.915416717,-68.75672281,128.4792185
-10.27981061,-69.05355169,133.6811359
-10.10224481,-69.46587137,132.6056216
-10.189831,-68.53665188,179.8264868
-9.73312349,-68.94181708,269.8769558
-10.26731861,-68.06633165,209.7074021
-10.05345822,-68.39745537,141.7065587
-10.34904323,-69.59742993,160.8767336
-10.21343288,-69.29496439,174.8164959
-9.938528101,-69.4568228,240.8330647
-10.37924072,-69.58684303,156.0566395
-10.72875748,-68.88253302,162.4453686
-10.59937455,-69.38871313,210.2537093
-9.853216973,-68.23663031,171.8504971
-10.10932593,-69.47111089,242.4587934
-10.56856226,-68.95839557,124.9501604
-10.22294509,-69.55483856,139.2300078
-10.53369799,-69.58655225,129.7554513
-10.03966284,-69.41279786,205.0313384
-10.60394858,-68.84961664,219.3414261
-10.32164426,-69.0980541,189.0953766
-10.02437829,-69.17049831,391.3829205
-9.636927456,-69.26774373,210.035131
-9.649559044,-69.27237116,173.4060935
-10.25492617,-68.0920244,233.4543851
-9.683879158,-69.32040828,231.3906493
-9.962853601,-68.82711422,80.27622223
-9.68611313,-68.09952228,156.2048296
-10.47168783,-69.49302894,235.6858422
-10.01875218,-68.98725434,160.0085201
-10.0148966,-69.52187043,221.0834445
-10.55979585,-69.24598563,282.1558861
-10.1114104,-69.47265895,338.9671807
-9.851353087,-69.12429486,239.2621843
-9.758051684,-69.33979481,171.1315603
-9.880540484,-68.27038114,14.81951678
-9.914484638,-68.80508865,341.9473878
-10.09711647,-69.32324089,177.172731
-9.748131341,-69.22793588,126.7165027
-9.690585999,-69.01957312,113.672106
-10.28144272,-68.62511622,153.1186783
-10.75401809,-69.10335293,164.3271781
-9.965986197,-69.44326902,189.3592337
-9.931199457,-68.81737736,222.5296672
-9.757598928,-69.20569817,274.4779306
-10.22365554,-68.71890967,254.772458
-9.936174711,-69.09836686,231.731228
-10.11928499,-69.24036829,105.8410462
-9.894314442,-68.76961795,372.2908448
-9.895268445,-69.31373207,328.6681374
-10.47603924,-69.37744994,162.4810569
-10.35398227,-68.56953134,49.96306874
-10.71098318,-68.84167974,138.9536594
-9.656250593,-69.24609054,146.1208658
-10.73020287,-68.93586498,202.3635169
-9.966458558,-68.08049578,10.20045649
-10.22740316,-68.49752707,145.0888181
-9.763971175,-68.40893826,188.1242218
-10.04091874,-68.09976163,155.5303637
-10.23440426,-68.85603855,189.6922918
-10.13913419,-68.16119312,209.8830143
-10.39684051,-69.45254931,208.1271228
-10.03196677,-69.16886648,244.8316969
-9.811116234,-68.42991983,13.67169624
-10.27276332,-69.05539268,313.5841628
-9.998605254,-69.3742354,289.9705754
-10.62044877,-68.83314079,256.0694951
-10.21265644,-69.3089928,191.5233109
-10.60745896,-69.50531718,251.4230699
-10.08786625,-69.24603813,137.4984785
-9.795515689,-68.39013573,16.70955936
-9.711679521,-68.19925412,10.04450953
-10.19000464,-68.88235058,189.1164518
-10.55842836,-69.4189658,133.0806029
-10.46651603,-69.19834674,177.4316725
-10.33688674,-69.46316861,197.7331149
-9.817172198,-69.50768308,152.2618422
-10.37585316,-69.42940218,214.9659542
-10.00983768,-69.42717271,239.9852669
-10.22226444,-69.02472472,329.4528495
-10.27810221,-68.62265519,47.1646963
-10.63885404,-68.69089261,156.4173152
-10.2062863,-68.86298762,127.5741848
-10.56871855,-69.28056097,187.1726656
-9.582109535,-68.58658372,165.4787125
-9.853471163,-69.29760984,259.190149
-9.571908669,-68.83098732,226.5728658
-10.26253706,-68.782928,262.2686753
-9.94337096,-69.11843604,170.1544407
-10.07078391,-68.59903924,186.4016409
-9.945937303,-68.35705543,144.7823526
-10.17003707,-68.98627808,248.023586
-10.46662106,-69.37415446,129.9799243
-10.5484203,-68.80118248,221.0270805
-9.606856672,-68.51743823,160.935484
-10.70659362,-69.10390963,71.41093429
-10.03112347,-68.4054066,223.9958985
-10.0322572,-68.4484748,112.8184053
-9.909059224,-68.80109541,224.3039409
-10.51067213,-68.96615032,154.1450939
-9.839685642,-69.13285719,205.1097052
-10.05676561,-68.22137662,229.8355994
-10.06641692,-69.48253138,212.7556837
-10.28694466,-69.06586254,246.7847379
-10.33275566,-69.40515309,142.1881051
-10.56855081,-68.99235587,309.200993
-10.08718716,-69.31110443,225.5679945
-10.65685507,-68.79335332,373.2704376
-10.25981123,-69.57502918,230.5534075
-10.2577203,-69.22200961,293.9689155
-9.977794528,-69.39409693,161.1468571
-10.54266104,-69.01817143,131.9791165
-9.676655279,-68.98878128,173.27322
-10.48046585,-68.75832156,170.6477201
-9.585724764,-69.10869291,252.0138717
-9.911276157,-68.27213801,16.41673492
-9.948044475,-68.31136591,134.3781604
-10.524627,-68.95558433,187.0966591
-10.1131564,-68.4061561,258.7909919
-9.572218746,-69.06967592,257.7084743
-9.786540961,-69.18558861,136.5094051
-10.63825696,-69.05335717,234.0836225
-10.23080425,-69.59007663,165.7570674
-9.636493916,-68.30179616,147.1610157
-10.39426311,-69.43579795,276.6308381
-10.35752115,-69.60289159,224.6704164
-10.54827348,-69.531277,247.9359364
-10.51320367,-69.53093648,289.4069062
-10.34710547,-69.11681908,137.7537129
-10.13000665,-69.31594032,199.3466504
-10.50005517,-69.6015183,204.5232858
-10.1988377,-69.00088834,166.294214
-10.51511952,-69.34844775,198.6349005
-9.951403633,-68.30871887,124.5735302
-10.05925005,-68.5978758,124.7873757
-10.64868932,-69.06106984,164.2432417
-10.41090754,-68.72764197,180.6629903
-10.09119444,-69.30608152,193.8392948
-9.985119073,-69.5141403,134.2282477
-10.59976234,-68.66195265,144.2349902
-10.03043037,-68.57666095,149.1302915
-9.870034172,-68.2274779,11.84033768
-9.976553405,-69.40270734,214.5407761
-10.23635507,-68.59186848,174.0212861
-10.13159071,-69.3089722,211.7016561
-9.713783187,-68.44573479,185.1836946
-10.13033756,-69.30804868,216.6075739
-10.25863751,-68.53505014,154.4431215
-10.16433755,-68.15880183,293.0619295
-10.16777056,-68.9051443,142.8650727
-9.632716847,-69.30568893,302.2711847
-10.25444212,-68.52484779,143.7440973
-10.15419114,-68.53831206,292.795614
-9.86950879,-68.19713477,341.2152182
-10.09257018,-68.90131151,279.6334669
-10.11737705,-68.39498485,159.008429
-10.11381838,-69.51755383,201.7650374
-9.628613486,-68.54584308,288.6154247
-9.581859445,-68.84543751,163.109659
-10.22455353,-69.33252607,218.9179092
-10.63467365,-68.79126501,166.1072624
-10.11603941,-69.23075311,160.7793014
-10.63017119,-68.91958257,168.6170801
-9.864809069,-68.49018453,126.5334781
-10.50479583,-69.58126604,293.3530718
-9.659175429,-69.24394728,158.9564345
-10.70139629,-69.46918898,299.8387808
-9.928446865,-69.45413214,174.7719116
-10.52688896,-69.3294747,14.25742448
-10.63354393,-68.91031502,198.1663021
-10.46218976,-69.50810152,171.2946354
-10.2945884,-68.6138942,258.2207759
-9.56243679,-68.55674668,335.7700614
-9.812117352,-68.17769574,195.7796949
-10.74844797,-68.82072186,345.7839177
-9.982380585,-69.50494248,207.6730559
-10.43766028,-69.49673701,195.4352661
-10.30531453,-69.07942412,130.2088733
-9.981888138,-69.12452946,23.86282518
-9.641975454,-68.16175177,160.9252611
-10.62825881,-68.88836141,145.7026366
-10.54371647,-69.54575286,169.0398812
-10.63832563,-69.29684035,189.2564572
-10.00454538,-68.55761703,151.8459017
-9.737888892,-69.57721165,183.4197647
-10.00970886,-68.54706735,273.393106
-9.857136496,-68.25321265,225.4255271
-10.25066379,-68.76043313,140.343056
-9.957521525,-69.12886122,186.5801657
-10.71889185,-68.8539046,199.8415669
-9.575735687,-69.10854187,318.622826
-9.822385289,-68.1925159,334.7982207
-9.780595536,-68.42451408,277.2414881
-9.821275418,-68.73665229,179.1416886
-9.878966861,-68.77898131,157.4752424
-9.653416328,-68.08290984,125.3825892
-10.1921972,-68.51710622,385.2332579
-9.598698094,-69.13901799,63.47299652
-10.64044932,-68.84798169,236.0314554
-10.462258,-69.16657684,349.8433301
-9.634925327,-69.25437843,168.1982009
-10.06975143,-69.18921213,216.1308633
-10.10625487,-68.64692285,134.0482122
-9.756265941,-68.98101882,14.33736984
-10.45109454,-69.53386162,188.7579078
-10.44102025,-69.17244938,183.1679111
-10.25837941,-68.77986008,149.713993
-9.976266856,-69.14990251,387.0942356
-9.660978471,-69.15634537,200.687715
-10.06500322,-68.88100634,404.4130233
-10.70851091,-68.90542716,270.7673021
-9.744493921,-68.95761919,319.3277813
-10.70907959,-68.83902357,221.9705564
-9.883014675,-68.47535554,151.0939952
-10.03853625,-69.44838293,197.5851686
-10.58307711,-69.40075144,112.2965932
-9.842845339,-68.28855586,16.52206318
-10.26208536,-69.03318785,197.9908433
-10.03340665,-68.23856205,189.447728
-10.14634849,-68.17203631,204.3167501
-9.911440797,-69.43839565,193.4031382
-9.847743381,-68.22553008,147.2320498
-9.931481547,-68.79695823,269.6226777
-9.781044743,-68.69349796,181.3280853
-10.55369996,-69.52726658,305.7803813
-9.71422112,-68.09884465,106.6365989
-10.70358914,-69.41647407,128.3951724
-9.86837211,-69.51501063,297.4011499
-9.673868293,-69.00730177,236.3563942
-10.5877046,-68.99476873,219.8037482
-10.13134373,-68.93688136,273.0142538
-10.17531912,-68.11072485,185.8960452
-10.19061686,-68.10608509,216.2279692
-10.04132688,-69.24943468,194.025918
-10.74056853,-68.9050382,208.5984235
-10.124422,-68.17226002,315.9538938
-9.763861135,-69.21032171,299.0909909
-10.29277678,-68.78435862,184.1552477
-10.32041316,-69.36657332,289.5053624
-10.5640335,-68.97880686,192.3145589
-10.11188141,-68.15201792,371.3891325
-9.759789886,-68.41200549,10.3911284
-10.1045823,-68.17469953,398.7360586
-10.13103885,-68.42638197,279.7489094
-9.848516198,-68.26465407,176.8424239
-10.23734686,-69.57301832,344.0357875
-9.59584296,-69.60059527,189.4643245
-10.18490389,-68.10364289,263.4604731
-9.643183061,-69.26975999,242.413463
-10.18677838,-69.00564388,162.8694741
-10.22113723,-69.54647608,279.926311
-9.559251676,-68.55244988,209.5590872
-9.913144406,-69.36986901,13.36793693
-10.47467787,-69.52409206,185.3601834
-10.04784106,-68.13291189,112.9933949
-10.18386913,-69.24926729,158.8385202
-9.706215103,-69.59371416,108.8969072
-10.38945993,-69.12711106,151.4612636
-10.13005358,-68.64262256,406.2957441
-10.72102991,-68.92906531,272.8788636
-9.676265458,-68.3235913,350.0867717
-9.651740468,-69.30382698,155.3477819
-9.581512544,-69.60433624,174.7866271
-10.38500786,-69.53749467,136.0735026
-9.996784917,-69.1283598,206.8101037
-10.07332445,-68.45079161,159.9463256
-10.08966429,-68.45580711,250.560268
-10.15570406,-68.51877944,120.6096301
-10.26753705,-69.5380507,183.784304
-9.846898675,-69.31402829,155.0042863
-10.53146425,-68.97454485,135.2281337
-10.21081855,-68.11793785,333.2602743
-10.75766283,-69.09901236,188.8170846
-9.682228351,-69.01343668,183.3198515
-9.887623462,-68.76470075,183.4279384
-10.57239508,-68.76674614,267.6231803
-9.94095114,-68.50353241,122.1470205
-9.922522468,-69.0792427,113.9851289
-10.24345295,-68.59710345,117.8830754
-9.840512155,-69.13224673,255.6241182
-10.52712826,-68.78547236,140.3616815
-10.0124487,-68.83507074,261.2046222
-10.09820155,-69.3291929,215.2299321
-9.804876558,-68.40355507,110.3514812
-10.33422908,-68.57632609,124.3276111
-9.86226511,-68.2545343,218.1669585
-9.864348172,-69.46623661,201.1286044
-10.22291838,-68.75372216,178.387685
-9.894380268,-69.33527061,351.643685
-10.25982552,-69.51995011,184.4179011
-9.943204724,-69.37096019,222.7671051
-9.912406878,-68.17236573,17.3474102
-10.16627869,-69.29599052,205.6527288
-10.63009349,-69.0046356,196.0007021
-10.69158109,-69.35597253,10.3911284
-10.42806489,-69.16288054,55.70271446
-10.17757241,-69.55075127,267.7705987
-10.31780221,-69.41537194,129.5552015
-10.64133005,-69.33430536,220.8087073
-9.740349161,-68.39877996,188.7186824
-10.05521433,-69.24541719,184.4081391
-9.727499277,-69.5780862,124.3412375
-10.40809119,-69.4821422,182.7208462
-10.13117361,-69.3086648,235.8448534
-10.30235928,-68.53843162,278.279453
-10.73937443,-68.94266159,286.8214324
-10.44871947,-68.72054144,330.3716233
-10.07367044,-69.21433562,245.0238291
-10.63927543,-69.38291838,173.6327568
-10.42788526,-68.71947718,219.9575709
-10.10408026,-68.61650222,141.7932919
-9.761383827,-69.22303513,279.653553
-10.49857047,-69.31485223,116.9203425
-10.67587704,-68.87427654,396.2717229
-10.49298005,-69.60675727,362.7640364
-10.59662655,-68.63007748,150.7658176
-9.947859115,-68.33723753,148.902034
-10.3288338,-69.49296372,190.0115805
-10.04875101,-68.42566649,307.3569916
-10.47257751,-68.75954861,391.3855327
-9.744917869,-69.35861332,140.6200921
-10.20350653,-68.69671229,235.8486073
-9.784462822,-69.27534266,188.0660075
-10.23791665,-68.53350999,149.5544943
-10.49520884,-68.78991909,264.7758718
-9.654063106,-68.16355731,202.3733231
-9.770484957,-69.53527002,209.5621657
-9.613257418,-69.14974938,152.0734775
-10.40452585,-69.11702301,227.4059536
-9.692397398,-69.22707284,145.4718757
-10.47909725,-68.73566489,212.8502972
-9.781462212,-68.69380487,223.6874409
-9.90350109,-68.23779634,164.1617356
-9.934248102,-68.16082459,26.54603804
-10.12745584,-68.46939973,217.4527176
-10.62422721,-69.47510586,120.9916862
-10.54964861,-69.42545277,143.7076274
-9.958540234,-68.07466322,15.31894753
-10.05210273,-69.44366555,291.7971335
-10.22499266,-69.34686549,151.5778442
-10.27113753,-69.06075286,281.004422
-10.64391288,-69.04375122,293.2210597
-9.673730376,-68.98663333,139.1453167
-10.45926222,-68.65423529,364.3292991
-10.39488688,-69.13111057,141.2664368
-9.609179698,-68.91782131,146.5622965
-10.64366149,-69.30805115,348.0644636
-10.10893503,-68.48429892,264.8383041
-10.18939915,-68.52199012,241.1598686
-10.70036619,-68.93472958,153.5929413
-10.47645395,-68.9054386,297.4742671
-9.848231754,-69.14032492,131.460158
-9.841014192,-68.27017293,164.0086934
-10.52070472,-69.55163932,256.226606
-9.743920841,-68.43464115,164.7157058
-9.630222256,-68.86622256,110.3791156
-9.881033297,-68.33725674,161.6429421
-10.57769161,-68.83013957,221.5813608
-10.73361031,-68.93134823,241.5844924
-10.65907721,-69.48388095,207.7816676
-10.55579963,-69.27099858,193.0227408
-10.04302465,-68.61415032,239.4723885
-9.687566509,-68.94453179,154.2001162
-9.747530375,-68.98184591,111.6842256
-10.45057118,-69.51564709,213.3798679
-10.6384178,-69.33214235,331.5612286
-9.961965623,-69.40563606,156.15143
-10.6880387,-68.86545202,385.872939
-9.55307286,-69.58349907,159.550319
-9.813929214,-68.68915524,198.3581747
-10.59517498,-68.74760849,265.7662205
-9.993316209,-68.84247798,21.61731446
-10.20085976,-68.45651473,134.941193
-10.45270065,-69.04402551,173.7475556
-10.67393159,-69.06594013,171.4075772
-9.736067431,-68.9586468,260.1565018
-9.901949287,-68.24364131,130.5352467
-10.73438435,-68.85272339,210.3928327
-10.09855074,-68.91999321,257.9957861
-9.570354038,-69.21642295,166.0249926
-9.976478694,-69.12054898,276.5571505
-10.37146684,-68.66360925,194.4739059
-9.816600085,-69.01054479,206.8143972
-10.03068293,-69.41317196,305.8003789
-10.43947074,-68.72074429,175.2119624
-10.03026749,-69.41286713,275.2290416
-9.806514402,-68.1808653,13.52431314
-10.55023379,-69.30537574,141.2332672
-9.91851733,-69.47154414,274.8166347
-10.23833454,-68.53381747,204.5028572
-10.01705142,-69.17267625,193.5616525
-10.45007925,-68.87861667,182.798012
-10.6343494,-68.77667193,160.2641812
-10.45071796,-69.20030682,274.8335787
-10.18285191,-69.51824425,216.9977018
-10.72068729,-69.09313441,26.33858532
-9.746089117,-68.96599012,82.57641864
-10.27845585,-68.6163318,189.532663
-10.1984974,-69.22731547,257.7312489
-9.703407338,-68.96342818,280.4307035
-10.14552807,-69.52714011,152.2039648
-10.59560718,-68.92708849,196.1364378
-10.42143306,-68.50068286,355.6400822
-9.692393787,-69.19411499,318.931262
-10.1488561,-69.26214367,188.2805265
-9.990921858,-69.52537433,110.1425663
-10.05191106,-69.36325644,208.243654
-9.631371746,-68.90317026,264.6151365
-10.56735373,-68.73402117,233.1324651
-9.632515584,-68.53302147,188.7578796
-10.70892483,-69.09186709,18.37840488
-10.0962856,-68.46769941,158.4747693
-10.75247609,-69.42485225,101.9370587
-10.2213703,-68.58786593,218.0841649
-10.24991997,-69.60419049,187.3672126
-10.60653882,-68.78494285,237.9307011
-9.636942753,-69.14627349,200.3131855
-10.3637815,-69.54642698,324.2081765
-10.46020252,-68.71476548,227.825357
-10.05180214,-68.89259444,143.6614154
-10.49601239,-68.78345022,254.7000857
-9.724360008,-69.23116613,378.6948994
-10.71766231,-69.39086392,137.4225051
-10.69471649,-69.4741204,182.7505098
-9.598112546,-69.33103778,125.0537684
-10.62930502,-69.03296127,239.6718034
-9.70881351,-68.96740461,150.2633293
-10.64176249,-68.79650799,259.1461356
-9.828246929,-69.29378337,334.2913594
-10.73667987,-68.88839927,127.4757686
-10.64195214,-68.78933135,268.7136931
-10.35759334,-68.81767871,164.2399882
-10.01559893,-68.07018012,388.6875996
-10.21290722,-69.28743287,179.551704
-10.49930771,-68.92944194,150.5908048
-10.05548872,-69.17158663,214.6691409
-9.98170558,-69.16064863,124.3994773
-9.654846911,-69.15942112,169.5128165
-9.726626197,-68.14369104,115.5971803
-10.11674837,-69.51970414,183.2863605
-9.883683109,-68.25190476,186.8359378
-9.830297918,-69.09427578,387.9116395
-9.775011068,-68.42198918,333.7187997
-10.56475057,-68.95668274,158.8352842
-10.16391909,-68.15910904,240.7689568
-10.49299357,-68.76757098,159.8021009
-10.48268196,-69.49182706,281.7479858
-10.70586305,-69.44932996,183.6715459
-9.772447974,-69.16826051,112.8609855
-9.631489059,-68.29812268,192.3687686
-9.873877934,-68.76163439,237.8991313
-10.18738977,-68.52783229,250.8298996
-10.26229478,-68.56880467,309.7666443
-10.06962687,-68.61256509,157.1080654
-10.30408369,-69.40524169,241.1663626
-9.750335776,-68.64969182,187.3895743
-10.02835567,-68.34379087,202.0739897
-10.34255587,-69.39007525,321.8816179
-10.62203657,-69.52782019,14.29200476
-9.794514534,-68.71698413,208.9112739
-10.17018566,-68.15449515,172.9717588
-9.921329032,-68.17031614,13.12227304
-10.1204901,-68.92889153,245.9632925
-10.48521705,-69.05392863,395.2270102
-9.999909093,-69.36651832,146.335964
-9.746857107,-68.38983566,148.2290247
-10.74809807,-68.8595062,184.1771314
-10.03265084,-68.88505409,63.08948838
-10.6592431,-68.84481705,132.3296995
-10.0939851,-68.37775473,143.3717432
-10.13744585,-69.31711102,396.6603815
-10.31617555,-69.08743726,320.5022983
-10.63259174,-69.00648769,272.9189502
-9.686690076,-69.22374765,215.7872463
-9.652631322,-68.87548831,210.6452241
-10.4317965,-68.65569073,294.1725093
-9.66276662,-68.07533871,128.1390782
-10.19812778,-69.22082577,183.0895258
-10.09122137,-68.13338187,226.4821178
-10.66036858,-68.68472424,288.7167595
-10.74627344,-68.895498,398.0869675
-10.51773554,-68.79946891,188.1217308
-10.03617363,-68.60247895,259.9638173
-10.47033718,-68.72920479,216.7437666
-10.35399047,-69.09399826,143.5415498
-9.705095831,-69.18877312,201.9068998
-9.806905924,-69.28462824,179.0431913
-9.890230555,-68.34401336,15.78283249
-10.30924611,-68.78200936,190.6127032
-10.18827894,-68.49685277,143.3735765
-9.773638904,-69.26740075,156.1179163
-10.69349656,-68.85463614,228.1082409
-9.950959022,-69.43757114,316.7597362
-10.01880493,-69.41911746,126.1222623
-9.975423584,-68.35750776,249.7010017
-10.55579263,-69.58414398,124.6372425
-10.02860894,-68.12631145,286.6839962
-9.945459221,-69.06238513,350.0512722
-10.02447675,-68.41480301,202.7798106
-10.22166387,-68.85901657,127.8538293
-10.37444674,-68.58464216,129.0239016
-10.56113894,-68.8385855,160.8758855
-9.851767548,-68.75197366,270.5058419
-10.10843626,-68.4242174,176.6852872
-10.57271906,-68.98927119,164.2400248
-10.02350016,-69.43018408,160.796379
-10.04707744,-69.36007756,307.9110447
-10.40240642,-69.13665826,197.6740036
-9.689723307,-69.15583622,158.3462615
-10.02673352,-68.60214688,14.58520881
-10.54154647,-69.24680631,114.7358889
-10.16893303,-68.68567293,335.4740196
-10.0524254,-69.37300918,131.4172275
-10.66026515,-69.32739149,199.5852898
-10.70284759,-69.10113405,156.5530344
-9.847546279,-68.74230818,197.1439444
-9.914272299,-69.48129323,198.3180663
-9.788810365,-68.39507844,136.7354359
-10.49550012,-69.5327179,131.0987367
-10.12173559,-68.92532817,229.3596822
-9.828268327,-68.22750019,150.200758
-10.53609996,-68.98496654,194.8992324
-9.851179329,-68.21063405,252.7043068
-10.08186719,-68.41837532,260.4313834
-10.42213996,-69.45640987,352.5483718
-9.601524065,-69.2937161,212.3219867
-10.75572459,-68.79155486,32.26561316
-10.62700339,-68.80719477,197.8005527
-10.18869108,-69.29891698,246.5915782
-9.863600644,-69.33345647,128.4628425
-9.783312588,-68.39503495,131.3492747
-10.48864839,-69.22130785,221.7486274
-9.623884848,-68.90490585,164.4817761
-9.688454341,-68.46868554,257.393938
-9.554079777,-69.10630816,274.7685667
-9.769501803,-68.64961479,134.7062963
-9.693712945,-68.08380362,275.2672832
-10.04946974,-69.18173443,124.3223268
-10.51932098,-69.20180806,194.2898754
-9.986097359,-69.38344993,163.3770377
-10.07275579,-69.19887613,36.25560997
-10.23322522,-68.10801626,155.1605835
-9.892753849,-68.23689269,124.7358462
-10.18205141,-69.26477534,203.0912415
-9.965445932,-69.14193875,200.3424634
-9.685438609,-68.92901569,144.9498973
-10.60806581,-68.68213672,124.8452885
-10.31830737,-69.09558957,13.49513182
-10.60905638,-68.86703565,135.7929757
-10.55106162,-68.97133827,145.6959341
-10.09594917,-69.50434729,195.8711722
-10.57409251,-69.27089685,264.5104574
-10.62542607,-68.65885725,219.8823923
-10.54691352,-68.95753267,65.88822774
-9.63318611,-69.26969992,120.4627267
-10.0888125,-68.14253896,387.238689
-10.08710842,-69.4477577,143.5964466
-9.625976512,-69.10908777,293.0305558
-9.800111662,-69.23690132,325.8781794
-10.4534536,-69.50164766,180.9762322
-10.44383819,-69.07438499,258.5413248
-10.42724881,-69.49630252,382.8693989
-10.16594031,-68.43773732,133.1739286
-10.73979133,-68.94297059,139.0321236
-10.19660996,-69.31199892,230.4107059
-10.36060256,-68.62403751,156.0329705
-10.64834619,-69.32585978,147.3239873
-9.885946891,-69.32147432,258.6333421
-9.67142824,-69.15691618,363.3226953
-9.988359593,-68.40913843,127.7627085
-9.853931965,-69.29084623,228.7795709
-9.749210013,-68.98981333,173.1917659
-10.15714111,-69.25358207,155.8129033
-10.06481785,-69.2524977,224.267024
-9.771982484,-69.5691253,148.6135641
-10.72603372,-68.93277492,253.9175444
-10.16134472,-69.29298191,180.4205475
-10.19716355,-68.99965802,322.2470478
-10.10991731,-68.50568539,13.89177824
-10.57712375,-69.52107608,119.8090875
-10.34351826,-69.16534539,146.6213477
-9.999664856,-68.24661924,15.91259519
-9.946959063,-69.43377684,209.5346064
-10.34884849,-68.81121526,131.098503
-10.75994729,-69.40126457,386.3206794
-10.1436891,-68.41435785,16.04230934
-10.14362659,-69.30366838,185.1666181
-9.791272044,-68.22911657,54.46192025
-10.67204208,-69.07830801,234.5019335
-10.1736928,-69.3092089,235.5283793
-10.11018999,-68.48522319,167.4026209
-10.31623496,-68.79425325,116.0298299
-10.02412757,-69.01819735,333.6499623
-10.47508148,-68.76140274,242.675479
-10.28450741,-68.5541407,292.9459079
-10.68682718,-68.85957129,390.2180301
-10.26020901,-68.76034388,211.9025917
-10.06675985,-68.87504823,158.6002905
-10.35397149,-69.15093481,195.0089745
-10.26366671,-68.57677061,186.3107598
-10.60904097,-69.03175757,213.5406291
-10.61521683,-69.29403698,184.3280828
-10.21883098,-68.70098689,162.3237544
-9.73215957,-68.37197278,28.1796524
-10.14127086,-68.9182778,201.9957299
-9.987271977,-69.42760462,150.0783125
-10.62555226,-69.03018757,189.3678858
-9.871388735,-69.28915609,329.6439164
-10.05954955,-69.27716765,183.6323583
-10.18349483,-68.47251889,129.9971903
-10.09187009,-68.91507421,360.1748163
-10.31730346,-69.15088761,13.41547004
-10.62026594,-68.93720952,64.41584104
-10.64968141,-68.80236676,202.5758459
-9.65019639,-69.1413501,122.6319882
-10.39822696,-69.13357421,43.77623069
-10.26312919,-68.56942119,164.4851484
-10.24500878,-68.76287504,188.039709
-9.667095681,-68.98877691,195.6733308
-9.611304179,-68.52080606,118.6060385
-10.6875902,-69.36198259,30.07212818
-9.825434119,-69.12945212,125.5252539
-10.06512941,-69.26697414,259.5190145
-10.45219865,-69.50071923,121.9301947
-10.58182333,-69.40167866,115.3873482
-10.2949059,-69.38445784,136.602192
-9.821323807,-68.68765365,240.2798703
-9.797763819,-68.42007783,140.346236
-10.16949656,-69.29888178,174.6524652
-10.07659935,-69.22374317,140.4443131
-10.4607324,-69.20772598,327.9341432
-10.44561583,-69.04927035,227.2446465
-10.16414172,-69.51898632,150.4387018
-10.09343443,-68.18778986,261.0366488
-9.896402601,-69.48778378,188.0722276
-10.63431379,-69.51218369,258.0964747
-10.63723459,-68.90307939,251.5530191
-9.612701933,-68.51315788,191.2170751
-9.92531552,-68.80601598,144.4498469
-10.71179579,-68.8930449,376.9920339
-9.911094775,-69.46014723,297.4663368
-9.972922681,-68.84109148,132.1270492
-10.70933129,-69.39175231,143.9893008
-9.570402935,-68.84457372,292.5493783
-10.08249567,-69.31700902,101.5434865
-10.04632538,-69.16484618,111.332231
-10.01264635,-69.43586667,161.3518906
-10.47221115,-69.59424927,39.43681043
-9.737931898,-69.55916728,124.9726437
-9.674548885,-69.24753028,158.5846138
-10.13612419,-69.31931211,201.1738631
-10.59839338,-69.52212001,198.2259749
-9.833653348,-69.29774263,206.5267451
-10.05587514,-68.37104461,209.9629464
-10.41895597,-69.16978889,276.4410324
-10.37954208,-69.57491232,307.6736025
-9.838258416,-68.44985106,15.52543228
-9.963053334,-69.42867263,179.050253
-9.998367599,-68.23648782,10.3911284
-9.666006987,-69.27401793,279.3803901
-10.04592099,-68.88122417,178.1167877
-9.747944389,-69.55181561,151.8856373
-9.950623852,-68.52504916,258.6375974
-9.845662793,-68.28334864,15.65793046
-10.15586597,-69.52762515,306.4432353
-10.03822749,-68.41062345,209.4421946
-10.46020636,-69.07243259,312.5153854
-9.713741137,-69.60516887,294.3237286
-9.561062935,-68.82305191,127.4760434
-9.558075034,-68.8280608,129.6877561
-10.27404038,-68.74870459,290.514888
-10.3928036,-68.48698658,372.8577056
-10.0642841,-68.4584647,180.6382259
-10.05727366,-68.19320813,212.7116242
-9.834787159,-68.26807101,235.3673478
-10.11634334,-68.42294248,62.67688146
-9.777920602,-69.07003827,121.4830524
-10.63592434,-68.79219027,314.4814048
-10.6796363,-69.34903017,127.6688783
-10.55350748,-68.96500978,190.0155478
-10.39734475,-69.10197961,383.0031934
-10.75970122,-68.9363856,257.189681
-10.17459403,-68.89372043,316.0642834
-9.6511723,-69.26864974,145.2188468
-10.21853753,-69.25093891,125.557809
-9.920294562,-68.80232764,208.1025063
-9.624832403,-68.14917749,15.54551667
-9.61376042,-68.0608833,149.8625192
-10.52587053,-68.74599737,14.818832
-10.00549163,-68.42172094,198.7398536
-9.971137233,-68.53305095,232.0227313
-9.764865231,-69.26100502,107.3206723
-10.13606324,-68.17306407,231.1570853
-10.25674383,-68.60032932,166.5074278
-10.00544901,-68.09220656,260.2110053
-10.35192446,-68.67056432,56.7556702
-10.39530489,-69.13141876,235.9766788
-10.50225865,-69.50098618,333.6254782
-10.70391209,-68.8469303,221.3158003
-10.32182119,-69.05605739,384.3036822
-9.927723629,-68.79418929,121.5013108
-9.875917603,-68.21755792,178.0945465
-9.860114195,-69.42913246,190.7586914
-10.29992309,-69.08201891,238.2008124
-10.11280363,-68.50076353,213.9691069
-10.13535953,-69.31864362,342.3245241
-9.568581009,-68.57998202,379.0455708
-10.14030815,-68.95074986,254.8008338
-10.45222536,-68.523407,274.817212
-9.742216743,-69.19436052,188.7032719
-10.04992264,-68.41923124,139.6012206
-9.666001942,-68.34422655,146.0736813
-10.01663514,-69.17237021,247.4124077
-9.840575601,-69.48371713,190.2388655
-10.11875906,-69.21813937,196.3264209
-10.06120603,-68.38235918,119.4169494
-10.37369804,-69.57922072,199.6709703
-9.971570369,-69.04959737,216.0612502
-9.572839417,-69.5837473,132.278545
-10.22766398,-68.48332204,30.39309937
-10.06444834,-69.37080284,189.1492645
-10.14338337,-68.67425138,124.4976957
-10.59229957,-68.94081835,364.3217622
-10.64175991,-69.46212906,243.6499205
-10.43725753,-68.66681167,242.5619606
-10.47144104,-69.17336757,219.061643
-10.03950416,-69.26239563,140.6757048
-9.792744385,-68.41639694,257.5245941
-10.0957735,-68.3860622,287.1847602
-10.54245061,-69.56345682,295.9134805
-9.914217309,-68.76999735,369.7322203
-10.15789143,-68.42481077,141.338513
-9.881387146,-69.31102692,187.0949679
-10.39647429,-69.53882766,174.0842114
-10.07695853,-69.36159527,226.7796429
-10.08605701,-68.65286798,163.51653
-9.783506688,-68.24497934,117.5748828
-10.74234084,-68.85665222,169.4980208
-10.64203022,-69.06327452,178.3726345
-10.38307538,-69.09096734,164.2402325
-10.08577459,-68.2165992,241.9853434
-9.87511051,-68.2043456,121.1003606
-10.14550461,-68.65400455,118.5077816
-10.67558967,-69.43714837,226.2131875
-9.978166942,-69.4176099,243.58746
-10.06390964,-68.6294861,200.224699
-9.614091172,-69.15035877,286.2055771
-10.19418587,-68.45158472,215.941568
-9.973582848,-69.41423108,260.3665196
-9.871115924,-69.31811855,176.1847182
-9.811868614,-69.25990315,228.1849848
-9.934287363,-69.08243001,168.559907
-9.851544846,-68.23540325,177.7825151
-9.779424942,-68.14667985,200.8815591
-10.6132885,-69.27830986,217.0640485
-10.6655779,-69.33004901,203.6826053
-10.48765865,-68.777277,150.3207097
-9.97683777,-69.43529118,194.0064469
-10.36714558,-69.12496109,228.1680373
-9.989759795,-69.40903318,219.0106048
-10.52910117,-69.53545587,274.3764748
-10.52503733,-68.78393126,189.9547901
-10.2569953,-68.57184915,237.9101307
-9.845896923,-68.30439488,339.4945811
-9.956101745,-69.12022191,179.9219372
-9.760048929,-69.54292742,226.554219
-10.37198654,-69.10722151,252.7504903
-9.654140509,-68.06173325,181.8131923
-10.36976166,-68.86201811,242.0460123
-10.5722802,-68.96242313,186.651914
-9.919078956,-68.8084677,331.343785
-10.28463313,-68.56085835,25.88738196
-10.07807662,-68.40849294,126.6839742
-10.01055697,-68.87580898,334.6583846
-10.46443279,-69.59333702,50.24144709
-10.13397087,-68.17460028,211.3396497
-9.983644399,-69.40788763,256.8174608
-9.735044314,-69.58953989,208.9145342
-9.979416656,-69.42674315,159.9146408
-9.663712054,-68.89819577,129.0577435
-9.860164805,-69.29540944,140.4663339
-9.680490749,-69.3114136,156.8049592
-10.7063848,-69.38250297,221.8768317
-10.57265607,-68.99598149,259.4945115
-9.932807612,-69.07808739,236.1091871
-9.971527425,-69.17691556,261.9956733
-10.14042461,-69.28111433,217.0864276
-10.05527488,-69.37755282,137.1167012
-10.60198383,-69.03366986,184.6874365
-10.10255375,-68.47231669,119.6838858
-10.71872857,-69.36366166,253.1432374
-10.66889346,-69.44209256,167.9471282
-10.36686057,-69.14139271,164.0300805
-9.951332033,-68.34673095,354.4669745
-9.865878417,-68.25254513,103.1383824
-9.694726969,-69.32181392,201.1596955
-10.65118724,-68.82509871,202.3434883
-10.30161334,-68.56676369,133.7714348
-9.842798069,-68.71035848,162.8288098
-10.65809627,-68.9261093,187.7255941
-10.61972292,-69.35715283,394.2797371
-10.11515535,-69.47543756,242.1849463
-9.787811009,-68.7120626,200.0764457
-10.08416047,-68.44446209,225.4840019
-10.14103036,-68.13595857,144.3736403
-9.881761265,-69.31840538,163.8408981
-10.46789657,-68.88474563,385.324285
-9.785216676,-69.05416247,189.4483722
-10.13159726,-68.16634671,186.0649932
-10.16491623,-68.15183145,234.2267817
-9.771935583,-68.70041202,221.6651799
-10.55599032,-68.79973082,109.1645531
-9.98589412,-68.41436936,171.984081
-9.862014501,-69.09645383,216.5118877
-10.74829889,-69.1419194,175.9487171
-9.958189466,-69.40851562,129.4390188
-10.67712879,-68.87520742,378.8914415
-10.64243216,-68.89887798,132.016073
-10.23817809,-69.57362986,258.924818
-10.1463766,-68.44509691,166.305576
-10.44065874,-69.40357965,178.3773987
-10.20638721,-68.52758771,238.1578812
-10.13438957,-68.17429292,217.4131509
-9.768585978,-68.40578098,205.4142519
-10.32467237,-68.82163422,13.00594148
-10.47778227,-69.51411404,206.5864188
-9.818382,-69.15583117,267.4372262
-10.18170895,-69.26789581,174.602327
-10.65657262,-69.48573434,275.4890027
-9.977065925,-68.83756264,142.1399306
-10.70244809,-69.07251795,367.046171
-9.838906609,-69.48493748,179.4762835
-9.637774593,-69.14688326,247.377774
-10.6977707,-68.91915258,273.5173081
-9.959054017,-69.42488352,61.63877306
-10.45812143,-69.07397364,259.1413803
-10.28449681,-68.78536854,169.2389554
-9.863508267,-68.76763743,267.5130691
-10.20589391,-68.69145564,141.7132201
-10.2262308,-69.34052605,177.3896163
-10.74722218,-68.90284886,190.2727702
-10.67844957,-68.91772117,271.2879726
-10.13163129,-68.47247828,391.1899235
-10.63102278,-68.9008977,135.8396366
-9.967932262,-68.40115335,137.1200209
-10.46154067,-69.20126866,131.7811319
-9.688930716,-69.25718856,228.221104
-9.554525299,-68.83297614,181.4153224
-9.700029841,-69.21395503,185.5578421
-9.856488801,-69.32107735,186.4619246
-9.921197721,-68.48202485,203.5186861
-10.40200567,-69.43884729,186.2112506
-9.87718094,-69.11453878,211.0176611
-10.1088174,-68.47693275,388.7636752
-10.62003264,-68.83283231,135.9652383
-10.5810065,-68.73711139,327.4404437
-9.747061728,-68.64007022,280.4950718
-10.41982591,-68.89900415,259.7167201
-10.03452224,-68.24774002,209.5786765
-9.992936138,-69.16217739,177.7515514
-9.550451784,-68.55889453,378.6327047
-10.59248415,-69.38401345,278.981623
-9.667213165,-69.31516773,195.5537596
-10.30944697,-68.6528204,189.1341034
-9.804020548,-69.00849777,114.752978
-10.53909838,-69.54286598,321.4708853
-10.17003121,-69.55889834,215.1749647
-9.765842917,-68.41037309,172.3778415
-10.32394279,-68.54736464,313.6101387
-9.662565339,-68.91942817,156.3558095
-10.34682592,-69.14612531,295.3318986
-9.95318815,-69.37834439,248.2462558
-9.695526542,-68.45250508,109.2396133
-10.33214362,-68.57478758,68.8443431
-9.705571173,-68.44513126,38.00919586
-10.63530784,-69.30188214,250.7328321
-10.16433628,-69.27390251,138.8825526
-9.799632297,-69.53184533,197.1659109
-10.07873542,-69.30850833,193.1223091
-10.1750127,-68.98335264,145.9464716
-10.09311235,-69.28758801,153.6015559
-10.11520492,-69.23013699,164.3167729
-9.730278956,-69.23565433,244.4850497
-10.43266358,-69.50030298,209.6401896
-10.67707692,-69.08916745,151.3427074
-10.59931432,-68.66839271,126.0896383
-10.39354986,-69.54098014,251.4425497
-9.857376846,-69.32886962,109.5881922
-10.68295785,-69.32988983,267.6166556
-9.621634245,-69.27146656,251.8599863
-10.28574413,-68.78628799,287.3046109
-10.3984022,-69.55418297,249.2743311
-10.32401197,-69.13917393,144.3945802
-9.760826011,-69.56035247,43.63839377
-10.70954266,-69.34261745,186.0209963
-9.79843427,-68.26750324,96.45220418
-10.25492161,-68.5846484,274.6071496
-10.2057767,-68.55569648,384.3136178
-10.54686186,-69.53899691,13.66182446
-9.891144507,-69.35366329,171.544526
-9.761130355,-68.28358898,64.76260381
-9.851450873,-68.48036613,10.38737516
-9.948296097,-68.38670998,189.4301981
-10.51613017,-69.23505195,229.7979087
-10.47500496,-68.739934,114.241716
-10.42307938,-69.48596388,179.0540086
-9.966113586,-69.40268451,273.9286769
-10.58390556,-68.98765538,176.2125215
-9.877003715,-68.19840963,89.55896881
-9.99000857,-68.24263908,11.84933156
-9.609423917,-68.09577012,270.6279958
-10.09430862,-68.2038016,210.6885793
-10.09917048,-69.29345997,143.4374447
-9.620540112,-69.10512382,31.02537025
-10.34199589,-68.5676945,261.8903375
-10.20936542,-68.09221288,26.92730173
-9.769533843,-69.17040402,278.9307797
-10.47090841,-68.75831161,285.7100862
-9.859178471,-69.10853903,318.6010376
-9.797123971,-69.01101465,197.738423
-9.978837838,-69.50953664,164.5881579
-10.11603683,-68.91135241,222.4491109
-9.86637161,-69.28545408,205.9678442
-10.40552415,-69.14624046,179.3719521
-10.49155289,-69.5149334,294.8118817
-10.26669994,-69.01538036,50.33712091
-10.67743202,-68.69736806,233.0306498
-10.36236265,-69.10014683,131.0139358
-9.732167202,-68.35005982,187.1763584
-9.956425944,-69.36603883,181.8398279
-10.59977333,-68.98924231,121.8867006
-9.677865653,-69.22286353,184.3470875
-9.769268278,-69.21429875,185.0167537
-10.21646239,-68.7352238,361.9494832
-9.687935222,-68.93085367,196.2570426
-9.901344373,-68.18502409,39.26050891
-9.931510454,-69.428142,200.8944689
-10.55981466,-69.52941453,13.17117952
-10.7000618,-68.89219563,266.527298
-9.743572236,-68.23624461,36.39028205
-9.553543127,-69.57684097,235.3668218
-10.5881946,-68.7494471,266.7375564
-10.44991269,-68.65460384,201.4214783
-9.837328579,-68.25604169,176.4960055
-10.46556046,-69.07513186,354.8788371
-10.54769646,-68.98059086,199.5675504
-10.17553397,-68.44481485,111.1790296
-10.69282744,-68.7087831,260.8889983
-9.620257447,-68.29697716,313.8196549
-10.5152661,-69.22735559,162.7375538
-9.73783637,-69.00529986,216.4133426
-10.65821165,-68.80136877,241.2412409
-10.04619221,-68.20573257,200.0567575
-10.39419596,-69.11636327,236.9108629
-10.5372424,-69.21508003,105.0676793
-10.66855171,-69.0690867,198.5689532
-10.08572564,-68.17227062,191.2592246
-9.876502988,-69.06177431,239.073489
-9.603521383,-68.9421582,246.3425539
-10.1983097,-69.2767244,205.3625327
-10.11854134,-68.91319716,161.7891034
-9.845531221,-69.48682678,241.3254601
-9.863456658,-69.30492918,395.0721792
-9.602173907,-69.09166437,149.7451959
-10.39267968,-69.15743574,179.8292414
-10.50397752,-68.79639001,170.1645345
-10.43058263,-69.06713407,144.9668119
-10.19410462,-69.30290347,184.2594448
-10.71031323,-69.36445903,188.0831298
-10.62644973,-69.00896576,266.0349563
-10.66767425,-68.91902629,348.5531399
-10.01256773,-68.59882651,117.0805932
-9.982429291,-68.33815168,17.56889194
-9.798590452,-69.26483678,210.1137347
-10.44806515,-69.49766636,148.4970275
-10.27770781,-69.58825808,177.6883993
-10.09848266,-68.20073136,405.7767686
-10.09227639,-69.28697278,216.9079029
-10.57783548,-69.25206049,300.8541841
-10.0152898,-69.37321866,173.6247819
-10.4610401,-69.0718152,150.7666091
-9.882276495,-69.46430728,327.7682179
-10.2027175,-69.21744269,130.8655691
-10.66872231,-69.08298421,18.09858269
-10.51537784,-69.52530984,331.5365378
-10.6359194,-69.00895218,145.4647163
-10.73284213,-68.85663169,170.1076538
-10.23639108,-68.59894778,113.2423941
-10.65355342,-68.66506276,323.7311733
-9.771657664,-69.19004735,309.7847745
-10.25255309,-68.54426261,294.4701337
-10.61280321,-69.00624012,222.3922692
-9.889341489,-69.316859,251.1683155
-10.47233049,-68.93777012,199.9441473
-10.45427197,-69.51977369,249.796867
-9.807622375,-68.41456928,116.5173907
-10.1392528,-69.49321162,216.2839855
-10.02958467,-69.19589333,124.2960749
-10.65893333,-69.49396923,136.0575193
-9.629783191,-68.07923599,217.043655
-10.04909035,-69.33709095,101.2102773
-9.754160357,-69.56525587,155.4887259
-9.823460699,-68.25276754,61.7498036
-10.64093532,-68.69243369,339.7708421
-10.15691348,-68.66971668,31.44723175
-10.73723187,-68.73422907,231.1497243
-9.95074484,-68.54624554,65.0824446
-9.650747841,-69.16352978,192.5115488
-10.06037066,-68.19531485,193.2186654
-10.15393807,-69.2586635,237.8864295
-9.684985677,-69.23987964,282.0620909
-10.11871067,-68.95549487,252.5776018
-9.947764001,-69.40492135,119.0967318
-10.24354642,-69.58470411,200.0849087
-10.07307937,-68.90122938,230.4574179
-10.39740625,-68.69699842,255.9200329
-10.47077332,-68.69819637,208.4462151
-9.5992572,-69.08952957,271.0496531
-9.87322781,-69.41762744,138.6151298
-10.49236145,-69.35507997,130.8458951
-10.11612291,-68.93997497,248.7626094
-9.809480319,-69.16878605,276.663181
-10.12218177,-68.13877548,264.3738782
-10.36320644,-69.12723061,137.3279207
-10.17490162,-68.11103269,262.6914594
-10.33601739,-69.17088852,204.0716121
-9.822498773,-68.37689706,10.3911284
-10.72247326,-69.12280818,225.1470831
-10.55095624,-68.99523621,231.216659
-10.42588411,-68.86071381,193.5663579
-10.29939233,-69.16411502,182.4873996
-10.03198034,-69.38804595,296.4272966
-10.36977168,-69.13923744,153.9864533
-10.58844119,-68.81641035,184.1820568
-9.81994738,-68.72207024,173.7161715
-9.806951845,-68.20930303,58.4324974
-10.40825079,-68.60959675,302.2590163
-9.928434383,-69.14531986,193.6937086
-10.6063981,-68.67363646,158.3266385
-10.35418843,-68.82225301,267.9654231
-9.796521071,-69.00298676,149.5039853
-9.862367849,-68.23625931,284.010684
-10.31385255,-69.07139674,198.7339984
-9.595546563,-69.10837887,145.6559902
-9.707408772,-68.99711919,227.4388353
-10.2381397,-69.03641953,359.920128
-9.889834731,-68.78696273,371.53736
-10.12731188,-68.67615627,163.5576321
-10.41925683,-69.51225701,256.8070998
-10.34605752,-68.56368842,226.9621253
-10.36587773,-69.4220263,144.2166771
-9.985852176,-69.15695776,167.4936228
-10.58936381,-68.93170388,189.5706888
-10.05503375,-68.98177077,144.8514513
-9.585639065,-69.25533963,122.3251061
-10.39916839,-69.446656,144.1276864
-9.723841452,-68.48264457,230.2235909
-9.897100441,-68.26884601,126.3380378
-10.63520774,-68.85842338,202.9771413
-10.4141084,-68.84500911,188.0517744
-10.67974353,-68.88411626,187.894358
-10.07150129,-69.25742761,126.3394866
-10.03344394,-69.42271741,164.1447492
-9.95180217,-69.02898788,240.8326048
-9.893189808,-69.31219954,246.2719839
-10.27055257,-69.20242658,204.8561268
-9.779446413,-68.39753153,210.9234868
-9.630701503,-69.14169916,270.567361
-9.98317837,-69.421289,201.0621636
-10.55945434,-68.98219227,191.221508
-9.977749283,-69.41730062,238.2403021
-10.27815426,-68.58050587,182.3570045
-10.7559484,-69.41229294,142.9680608
-10.64382943,-69.33616039,245.6420942
-10.15753705,-68.8924271,135.0164386
-9.681673278,-68.99246313,224.7104524
-10.50102778,-69.01507452,149.4194856
-9.708334588,-68.94585262,312.2809746
-10.35505346,-69.39930942,158.2932133
-9.786747032,-69.01735169,187.5148713
-10.55224491,-68.96858598,202.4594506
-10.06713434,-69.18014506,237.5179979
-10.01862695,-69.39787638,242.1110686
-9.753426261,-69.22428734,331.2401634
-10.5119934,-69.23858754,175.7935608
-10.06616679,-68.11492491,294.1049453
-10.33994362,-69.09789116,198.2381125
-10.37237945,-68.81422028,332.9849963
-9.926511713,-69.09848887,212.0562785
-9.763656733,-68.97167741,12.70397126
-10.54736666,-68.99112676,210.7333262
-9.763092708,-68.14893856,128.4068027
-10.13474045,-69.3325668,243.7046036
-10.19671128,-68.68470221,229.981392
-9.779623734,-68.40184927,133.86141
-10.15724605,-68.49829084,162.0250711
-10.10961769,-69.30704883,251.0423649
-9.763152511,-68.42055208,159.3952166
-10.26944956,-68.77426299,200.4495768
-10.72998334,-69.35775732,321.7284616
-10.50354169,-69.58219707,185.7393606
-10.05971643,-68.12462321,140.0630771
-10.1361579,-69.28162305,126.7472155
-9.985092331,-69.39427933,217.8318675
-10.04014622,-68.44724709,323.8653193
-10.53878968,-68.75555712,10.3911284
-10.13224351,-68.93053251,256.5579778
-9.862058254,-68.44554856,159.6649965
-9.753118507,-68.37996791,281.4363705
-10.53998274,-68.72817085,108.2473431
-10.10006245,-68.15507946,221.8212706
-9.966848121,-68.80873671,215.8703483
-9.922562248,-69.34839947,183.4968402
-10.1530212,-68.68845927,157.5749253
-10.24611795,-69.2137015,159.5748731
-10.28368112,-69.07707761,126.2002579
-9.666234112,-69.26013824,256.9184586
-10.0024266,-68.82769378,255.4060593
-10.39792826,-68.86906651,133.243944
-9.67189124,-69.1719895,199.4962906
-10.47337256,-68.75307396,267.2301514
-9.678091818,-68.98259944,172.0439344
-10.16502493,-69.29690751,232.1616817
-9.673364376,-68.92013296,118.6464083
-9.858265283,-68.225899,184.0720598
-9.812080477,-68.72989765,297.5298644
-9.812607154,-69.15274201,255.8916735
-10.07327386,-69.35765934,260.8947483
-10.7480241,-68.92772904,242.749285
-9.623994574,-68.14856466,109.2291336
-9.99930552,-69.38306062,177.7543207
-10.23232133,-68.74690023,181.426096
-10.49113776,-69.51462721,291.1199066
-10.2174243,-68.54997591,218.0268678
-10.12535714,-68.15103783,271.9294873
-10.5272457,-69.30504713,111.765344
-10.1296749,-68.93565216,191.5169449
-9.669504499,-68.32597404,186.2547056
-10.57944346,-68.74296437,115.0267478
-10.50897814,-69.00241471,158.0092536
-9.913168571,-68.35383891,100.0999069
-9.878937762,-68.36870675,172.3896811
-10.03704131,-69.33920152,206.4123146
-9.751532302,-68.6364245,184.5032938
-10.30222811,-69.05580161,188.9589868
-10.49191596,-69.45172884,393.6799163
-9.744007551,-68.12766744,25.71372645
-10.68803907,-68.91061778,382.7700477
-10.60510286,-69.0150629,128.9752194
-10.73856812,-69.40840625,14.17622834
-9.68904473,-68.10167106,141.6470343
-9.800329736,-69.27323913,157.3570839
-10.08204201,-68.1266177,189.1623703
-9.959055667,-68.81728252,192.2918573
-9.722098418,-69.59903968,215.3912823
-10.55225995,-69.22618641,201.1296356
-10.56754121,-68.77686275,25.01749855
-10.40114604,-68.60435617,201.5524849
-10.63637296,-69.49402744,253.3321401
-10.36029513,-69.12938635,135.5676426
-10.07377757,-69.45953623,164.1230556
-10.54178077,-69.23968148,188.3371938
-9.79728149,-68.98893038,245.9687292
-10.36411514,-69.5529356,186.8017182
-10.669204,-69.31968934,332.3146083
-10.37419653,-69.42817743,165.1434244
-9.896785827,-69.30781726,14.18710231
-9.832371899,-69.31049223,192.6238372
-9.746690042,-69.20106327,277.2957791
-10.2693237,-69.22009699,34.32821218
-10.37324208,-69.10814615,133.1311283
-10.63889675,-68.94699599,365.2394089
-10.54934433,-68.96809243,191.5332141
-9.846925336,-69.30036092,161.1039768
-10.42757086,-68.73288774,266.4179013
-10.0846448,-68.19424269,188.6654379
-9.962643357,-68.54126113,175.3770621
-10.44930267,-69.4985801,209.6193569
-10.14663149,-69.32004423,240.4770796
-10.49053697,-69.03986926,144.8738372
-9.941909261,-68.17911288,13.98720891
-10.25225537,-69.33811535,224.245374
-10.38236917,-69.12188748,121.438488
-10.08412088,-69.32256281,133.0805749
-10.45182912,-69.0401646,222.5091412
-10.42556322,-69.05956636,353.4078411
-10.5580849,-68.96161841,172.1688084
-10.27523998,-69.34786003,196.2448963
-9.680398189,-69.24324404,145.9716307
-10.69218663,-69.44264369,14.36697796
-10.64592782,-69.45904065,302.4894408
-10.09386528,-69.50281458,248.5363873
-10.07771725,-68.36577899,215.2698474
-9.835950138,-69.10570717,71.88633589
-9.866037992,-68.24507343,258.6672764
-9.686263947,-68.18713432,62.33899492
-9.974545916,-68.56373001,123.9019934
-9.925668019,-69.43243397,195.0390187
-10.47818033,-69.38263729,212.1894792
-10.25793832,-68.77241794,128.7802799
-10.36400431,-69.44953135,28.51973951
-10.27982383,-68.52181391,141.7642015
-9.899440476,-69.07859996,270.4934454
-10.21370641,-68.5615427,203.3211441
-9.953617979,-68.81327831,289.4304037
-10.06015217,-68.62672333,186.1754083
-9.90382768,-69.4722082,26.51829365
-10.20870369,-68.47664528,140.2277238
-9.865018136,-68.22379871,156.3240012
-9.709450774,-69.00559686,167.020093
-9.784256293,-68.43098125,182.2584154
-10.02910757,-68.36581598,176.5786876
-10.13649787,-68.92643184,321.0501647
-9.992765828,-69.37853999,221.8563099
-10.4918072,-69.49193586,132.8848623
-10.15848384,-68.95687783,187.8041262
-10.58658942,-69.25854585,117.9122273
-10.24482638,-69.1863516,122.4741163
-10.48916112,-68.71885931,198.2235683
-9.970561232,-69.42315366,208.084437
-10.04116133,-69.34292135,163.8991113
-10.0614327,-69.257256,56.94980709
-9.788438464,-68.43404346,108.2963626
-10.35199567,-68.67717607,267.4733229
-10.20768515,-69.25894836,125.8440108
-10.3493735,-69.0763955,224.6587675
-10.09691016,-68.37990742,163.94565
-9.659939168,-68.32607285,143.3274792
-9.817215946,-69.27094186,200.3420695
-10.67113624,-68.81093125,240.3708563
-10.35477038,-69.11191974,248.5510199
-10.22133631,-68.58078865,133.2581966
-10.05068213,-69.38092286,216.5345583
-9.635240096,-68.14977337,10.3911284
-9.824671384,-68.6901127,246.2462959
-10.51589188,-68.94910249,219.0739034
-9.796763222,-69.16435741,193.2812611
-10.57611676,-69.00739503,142.2325902
-10.02865568,-68.5969616,142.2842484
-10.65340968,-68.70844469,250.7861335
-10.7422595,-68.86382744,150.1333098
-9.618236705,-69.26660753,203.0298668
-10.06512306,-68.21524941,281.664249
-10.6032313,-69.03459314,158.3766956
-10.09379039,-68.4063469,161.7578758
-9.944456292,-69.37188245,180.5627898
-10.13273734,-68.92366071,394.8853793
-10.73249459,-68.9656105,185.3202014
-10.24756171,-68.59355537,147.7297168
-10.51642226,-68.99240978,172.2585009
-10.16077002,-68.96582908,270.2995576
-10.71507037,-68.85787606,112.0779732
-10.44971853,-69.49888754,181.6774646
-9.907113732,-69.09179312,321.2824381
-9.690386838,-68.50717347,174.7167678
-9.712408883,-68.1332598,109.1785552
-9.8368683,-68.26653906,215.5442327
-10.07505943,-68.61656231,109.7132888
-10.23082196,-68.8522636,258.9692877
-10.19816111,-68.52846636,272.6816298
-9.777126456,-68.17370753,127.1571173
-10.56667881,-69.54556597,288.4224159
-10.04886531,-69.46255069,216.7369199
-10.63677557,-69.33798573,118.8305825
-10.73739756,-68.9555827,191.4658328
-10.09000569,-68.64206082,149.2786833
-10.15364099,-69.28724303,166.8327039
-9.944100744,-69.3787571,37.59828619
-9.92608533,-69.47779804,227.8329685
-10.11232623,-68.93013544,283.0033753
-10.28846228,-69.04562638,17.59401548
-9.701653411,-68.08963268,292.0927445
-10.17425892,-69.25631134,224.0813543
-10.15913505,-69.50080011,180.29682
-10.29238636,-69.60614524,338.9215983
-9.963488225,-69.37830135,173.9249058
-10.62144107,-68.90797063,206.7362737
-10.19035133,-68.46308239,59.83469909
-10.29689831,-69.04459083,125.1853851
-9.662138311,-68.94980003,182.2439227
-10.14103465,-68.6580457,332.5399674
-9.7328597,-68.62964843,127.2165191
-10.58727696,-69.53698224,57.95824789
-9.625714103,-69.11591142,172.0910173
-9.986013036,-69.50069767,171.2097296
-9.941094523,-69.1091883,189.7984164
-9.973479313,-69.38568374,183.0315216
-9.866307491,-69.06908299,214.8957209
-9.758619213,-69.35439843,169.7696641
-10.47478081,-69.17583597,208.509317
-10.01293776,-68.42063872,168.0888442
-9.682587038,-68.48974028,168.9431793
-10.12749954,-69.27939334,121.7384654
-10.23924654,-69.0021143,137.165478
-10.1664179,-69.24414992,333.8215934
-9.563275181,-68.55613163,158.2626827
-10.69957858,-68.72862418,164.2365736
-10.17325355,-68.45045089,117.4977035
-10.40812265,-69.16885038,217.2534743
-9.991114585,-69.4133986,209.073977
-10.02861444,-68.56799548,314.6924922
-10.6322932,-68.91123863,159.008122
-10.66696706,-68.80784472,194.0382296
-10.0854151,-69.31485349,199.2355238
-10.32807971,-69.0606771,281.9755568
-10.19075222,-68.7228737,163.307881
-10.43596414,-69.51654978,203.6839877
-10.09768917,-68.65433963,261.3549197
-9.996657124,-69.15767247,207.2098188
-9.904853959,-69.08257718,172.0862319
-10.26119621,-69.58309363,228.5184771
-9.57013004,-68.0669417,195.1629552
-10.40251137,-68.6123656,239.9856907
-10.27408577,-69.36182692,195.6225988
-9.979342442,-69.43344778,195.2990163
-10.14071072,-68.45462322,202.6513735
-10.46062667,-68.92202922,115.5743182
-10.26001686,-69.01045821,161.7226499
-10.41467883,-69.09591976,165.5368985
-9.829935192,-69.08702014,145.5746128
-9.852316344,-69.31800532,203.0042819
-9.591683749,-68.53526482,121.4800164
-10.27162395,-68.59695653,169.2174683
-10.09582985,-69.47582935,261.9471209
-10.2171899,-68.10321412,199.9473752
-9.749860058,-68.13196028,186.5974356
-10.4701263,-69.50801341,304.9692245
-9.93529549,-68.53489558,192.8693519
-10.49907195,-69.5955853,189.2985922
-9.997714011,-68.54526945,184.6291346
-10.35447272,-69.13370119,342.9456187
-10.12744181,-68.15257727,360.1780064
-9.999158359,-68.41049486,10.3911284
-10.16418885,-68.90140333,218.4413805
-10.25882092,-69.54452859,211.5945499
-10.43291395,-69.13795763,182.5516795
-10.71030124,-69.42260801,234.1382961
-10.40051637,-69.4404239,170.483614
-9.635985159,-68.91379023,158.9521693
-9.960052092,-69.05165006,137.6792624
-9.757276117,-68.4138449,69.77520832
-9.650970598,-68.87427648,205.4263004
-10.50923417,-68.95131642,230.6228169
-10.52007365,-69.58669006,395.0531055
-9.758203908,-68.37662847,254.3284334
-9.926962215,-69.3369999,194.8763906
-10.60836475,-68.80003447,167.2017531
-10.04410684,-68.20726949,159.3762904
-10.14710335,-69.27621564,185.1329734
-10.18964865,-69.2775087,294.2850971
-10.19241813,-68.89424261,243.475366
-9.885496615,-69.08990971,131.8849852
-9.94749792,-69.03966391,127.2908091
-10.25388434,-68.60479023,138.8694035
-9.9298429,-69.1009316,194.3062657
-9.883500524,-68.3320312,79.57031984
-10.55015758,-68.80975044,248.4685582
-10.72779013,-69.09839558,253.3738208
-9.593428803,-68.5450516,261.4067689
-9.979831625,-69.39797174,163.8735395
-10.23656182,-68.5711045,156.5419538
-9.567019078,-69.10211026,254.7041655
-10.106312,-68.47508633,160.242393
-10.32356789,-69.47298528,110.6000442
-10.15332199,-68.53061786,337.137006
-10.08656183,-68.17165627,183.8401484
-10.02404506,-69.5426668,129.7328606
-10.06790952,-68.62577931,168.0516722
-9.976784556,-69.11363275,175.9952014
-10.17121506,-69.50970269,341.7763135
-9.965697437,-69.3947329,135.8304984
-10.25400984,-69.04812313,145.3974264
-9.776623954,-69.16519629,119.1621064
-10.0991935,-68.64883033,366.2866885
-10.38654135,-68.68901419,218.7596562
-9.596022894,-69.24945112,190.6152104
-10.21505178,-68.85654321,172.5970894
-10.56182118,-68.96117139,173.6092055
-10.42660676,-68.85422683,196.6595285
-10.58920556,-69.41300515,14.08633978
-10.37135966,-69.13466491,27.36782614
-10.51130644,-69.54441272,200.6419296
-9.668506799,-69.27218423,199.3043679
-10.47364784,-69.21020344,196.0905442
-9.663091972,-69.27615656,325.0775843
-10.55968148,-69.41803985,223.2935972
-10.2858337,-68.76473391,375.4720257
-9.871022632,-68.7731555,401.4387329
-9.938172387,-69.41198191,206.4392573
-10.69571977,-69.07463061,215.4819781
-10.22967591,-68.58693972,179.3185665
-9.831074006,-68.70174472,286.2915099
-10.54101876,-69.54330555,244.7232309
-9.757797622,-69.5795427,274.7161192
-10.29031385,-68.76070318,191.6584856
-10.6702076,-69.35320289,172.6857747
-9.904419673,-69.46505038,188.3986242
-10.57652985,-68.96955334,260.0491973
-9.69181144,-68.90427284,194.0331715
-9.563141303,-68.58396619,159.0122096
-10.22020631,-69.24970485,131.4062709
-10.0172325,-68.26699238,262.4155686
-10.14923046,-69.50058415,165.5155221
-9.687368532,-69.16113169,208.0371211
-9.697648789,-69.17621005,119.2907786
-9.885738817,-69.33602797,187.4408697
-9.997268071,-69.4108478,192.942798
-10.7425065,-69.38130691,264.2815879
-9.982808481,-69.37911969,194.9108281
-10.25985069,-68.73825677,144.5150152
-9.809021329,-68.1827066,116.0719169
-9.658673561,-68.97559388,263.0224023
-10.2718235,-69.2182489,230.9755854
-10.19815169,-68.70718141,180.2113595
-10.09867237,-68.94073698,392.6061677
-10.14602364,-69.25284096,127.7941698
-10.62133238,-68.99814651,194.9872749
-10.43280483,-69.51204081,178.3162883
-9.88433586,-68.33264543,13.58744312
-9.993991854,-68.27752708,163.038706
-9.69657871,-69.1971596,180.1980544
-9.62193288,-69.27872684,118.96429
-9.782089295,-69.57181203,152.2677556
-10.23806265,-68.60018075,138.2865356
-9.825657385,-69.29839686,277.1706876
-9.890928143,-69.10113542,151.1177727
-9.834013501,-68.26778768,244.5624184
-9.773671361,-69.20226324,177.8267871
-10.02430954,-68.39345768,333.3294355
-9.921599851,-69.0935911,303.7587194
-10.32475086,-68.64343123,235.5254741
-9.991057796,-69.41991986,190.8377499
-10.22389076,-69.2536437,170.9709309
-10.2585346,-69.1829985,130.349503
-10.2877722,-68.52765189,128.6372664
-9.93078128,-68.81706993,203.6500296
-9.673702445,-69.22592488,184.8559168
-10.72093519,-68.71497244,212.9261865
-9.865111961,-68.21170618,15.20812947
-9.771698422,-68.99232576,339.0465107
-10.66897222,-69.48656819,218.5810784
-9.559056077,-69.09630601,173.0889968
-10.65489904,-69.48697356,129.4516939
-9.745863148,-68.98062157,327.6904014
-10.56936989,-68.94649134,220.3135383
-10.11052746,-68.91454399,217.7862693
-9.688834784,-69.00472131,192.6773776
-10.60339389,-69.51840712,180.8952398
-10.52063184,-69.02776577,217.3659606
-10.10668122,-69.20925042,41.04929084
-9.64451775,-69.24734238,281.0156428
-10.5164607,-68.69640972,322.8225648
-10.52375144,-68.76866835,39.99956485
-10.22732307,-69.21057202,184.0289026
-9.730271634,-69.59976866,50.40623003
-9.906081281,-69.32168625,220.8589139
-10.48080161,-68.67738935,256.0599655
-10.65517428,-69.46333258,262.6651173
-10.02151036,-68.39834422,158.4201258
-10.6847327,-69.3735207,138.3497723
-10.15556218,-69.28033112,205.7351039
-10.51530489,-69.33119042,234.1825725
-10.02526891,-68.58735815,111.9772173
-10.20518696,-68.48854176,133.7483489
-10.65894761,-68.89153798,163.2681538
-10.06219435,-68.21739705,297.122694
-9.691618462,-69.21276828,344.6045437
-9.856783663,-69.47854771,194.1829258
-9.962774813,-69.1251351,397.2952276
-9.924670793,-69.12591581,274.7525169
-10.36493901,-69.09483288,216.278586
-10.42862064,-68.71272787,388.7291521
-9.790906327,-68.18382829,135.8680204
-10.03963702,-69.43443668,216.0096338
-9.565204303,-69.59237901,282.1936176
-10.01877225,-68.36486728,110.5310009
-10.03636182,-68.11497799,17.60395938
-9.553962613,-69.57714752,110.0685992
-10.07409017,-68.98140723,134.0435013
-10.00825565,-68.08321571,384.3840807
-9.659569791,-68.98326127,128.7993289
-10.18527402,-68.96960776,224.8338403
-10.50657264,-69.5900292,130.8588198
-10.06782484,-68.98600408,176.791778
-10.0106094,-69.14568138,349.9974593
-9.713595336,-68.18634295,207.6065027
-10.44191771,-69.06904501,225.634552
-9.975038804,-69.15574184,177.8412941
-10.03363126,-68.40724846,225.1090831
-9.698238239,-69.22278094,168.9404569
-10.09821857,-68.4970721,184.0668982
-9.964141899,-68.15602112,10.38932492
-10.45011396,-69.49191563,360.8125414
-9.981542711,-69.5043276,217.5918006
-10.03203655,-69.01237119,119.3279281
-10.42308787,-69.07267884,152.143063
-10.05215087,-69.43659042,338.7095188
-10.16248529,-69.28197873,171.729549
-10.09588578,-68.15815227,249.9314599
-10.58295171,-69.53352505,237.231334
-10.38062753,-69.45457412,116.9221569
-10.42121977,-69.46296215,193.2895227
-9.844983795,-69.40370319,215.2437971
-10.30084296,-69.35213141,280.250443
-10.47441559,-68.93931254,305.8145477
-10.75820841,-68.78612754,111.4128705
-9.736680852,-68.96663809,185.8120304
-10.1288286,-69.29992366,338.8621739
-9.959011557,-69.3963054,153.5901084
-9.903786548,-68.34397154,20.53985445
-10.04745073,-69.00102941,165.9027368
-10.22957076,-68.75150817,222.1705633
-10.71815869,-68.86476099,114.7769994
-9.768211063,-69.26344747,175.5111571
-10.00733226,-69.42534043,228.2870341
-9.79048832,-68.42844946,280.4318133
-10.21973778,-68.47746301,163.9316436
-9.918421486,-68.33323791,137.0675793
-10.16150837,-68.12087374,326.4936304
-9.727771325,-68.47322216,228.7706919
-10.07457271,-69.32283598,206.0327405
-9.790409742,-68.38278381,130.691759
-9.993912247,-69.37906545,213.4228197
-9.754096617,-68.65245056,162.0807962
-9.650850501,-69.29617425,135.2138285
-10.57468821,-68.82058944,12.89909745
-10.62425546,-69.00031032,232.0340563
-9.677896468,-68.12162407,149.7241571
-10.03161973,-68.58461296,263.2632884
-10.4511462,-69.52695779,178.7863165
-10.41467306,-68.4885442,214.046795
-10.30207764,-68.60509781,185.7349059
-10.60354066,-69.2854012,155.0122369
-9.609027954,-69.13954239,157.1161067
-10.03266921,-68.39959863,136.5345947
-9.587689922,-69.09549369,186.0604515
-10.22766093,-69.02211452,138.3873062
-10.55942151,-68.96677558,158.95253
-10.45018526,-68.91431744,154.7969495
-9.92594324,-69.45597198,138.6071079
-9.627299708,-69.3096593,201.6964972
-10.74221186,-69.4024883,153.834473
-10.11284289,-68.50784074,209.6108862
-10.2349974,-69.00620716,219.4630224
-10.11501742,-69.46829159,190.9876232
-9.983099382,-69.43068332,282.5081472
-10.08346783,-68.61566225,124.502803
-10.48271634,-69.18169882,214.8803867
-10.50073517,-69.23025819,161.0849138
-10.7271645,-69.38427995,265.2054089
-10.08769272,-68.64696459,221.2228849
-10.11726026,-69.33328824,113.7379192
-10.4765283,-69.04347033,179.8705814
-10.21451957,-68.74041509,138.8468419
-10.11382582,-68.90278315,245.6524433
-10.61971317,-68.85396253,251.9937287
-10.07541048,-68.87448959,230.6556376
-10.17046652,-68.55033565,80.46083988
-10.43798676,-69.38844023,122.9297762
-10.61264511,-68.96641447,238.5176734
-9.726357079,-68.92970299,214.0156475
-10.44079281,-68.86471344,403.4213218
-10.57564168,-68.83568738,258.4490628
-9.792678389,-69.24589022,180.6542301
-9.822872663,-68.72421397,322.419545
-9.733480801,-68.17972141,10.03422359
-10.08244532,-69.35091064,57.25420757
-10.68338867,-69.35180811,116.2097985
-10.13464892,-68.14732704,143.8140285
-9.869734059,-69.03500942,346.7853385
