latitude,longitude,AGB
-10.75254411,-69.97741322,334.6230012
-8.292266517,-70.64219947,177.5930317
-7.898293949,-72.61397319,159.4965709
-9.78088447,-71.28635669,227.2053745
-10.27329471,-68.59818886,187.7282535
-8.708366091,-71.42961286,255.5140649
-10.07371859,-69.9939596,156.385458
-8.210404138,-69.73619672,393.0691552
-9.282371853,-69.92103938,108.1069462
-9.347267241,-72.9747527,236.8364375
-8.505123144,-71.06301022,356.4979144
-8.394571609,-71.02771918,14.95856739
-8.98966372,-72.85408657,164.913515
-9.188583026,-70.5306733,48.60595244
-8.894482253,-71.69541233,241.5649604
-9.586158293,-70.05805598,199.0870612
-7.985724956,-70.49185247,341.7877704
-8.746780117,-69.91817868,156.3435631
-8.405331555,-73.34934874,160.3142621
-7.661198901,-72.83907011,144.595417
-10.56111095,-69.83392392,130.9963192
-9.878313229,-71.21498116,165.1080798
-9.053696493,-70.54795308,178.065567
-8.56564592,-71.47678849,133.2534001
-10.9231605,-69.83360232,119.0601159
-8.476226511,-72.60710145,268.2034926
-9.489826972,-70.78074593,277.8942784
-9.21869536,-69.78899522,270.1392291
-9.077455903,-70.50063891,146.835299
-8.132773416,-72.44852221,144.1640025
-9.623664244,-70.81601442,339.9863018
-8.837732175,-70.71697745,118.5665701
-8.417014131,-71.9379517,311.6552293
-8.372406651,-71.1317139,182.8201778
-10.486132,-70.19806575,305.3744435
-9.77884764,-67.42309678,184.6917228
-9.586611041,-70.2737599,247.8755226
-8.97682803,-69.78535058,162.0151476
-8.084172978,-70.77605412,216.7326924
-10.03088762,-69.24174037,186.7890454
-8.196088944,-72.38935849,409.4706487
-10.68891212,-68.89090674,399.3278363
-7.457286811,-72.96021044,136.8035111
-9.031626028,-68.94939511,329.63342
-8.91748262,-70.17721813,120.6732148
-9.07716662,-71.68437807,208.094303
-9.43586451,-72.51113898,344.0048079
-10.38254572,-67.98125093,143.1273436
-8.278380069,-73.35473176,316.8661273
-8.81890366,-72.16989203,285.3430802
-8.530025268,-69.6019361,277.8607458
-8.913481608,-70.38832272,220.7185092
-8.289494184,-71.19207383,155.772234
-8.147412904,-73.54909013,245.030797
-8.582137553,-71.75170128,358.7338099
-10.2843016,-69.73295309,214.0124471
-9.743539993,-69.23828304,190.6205804
-10.48064045,-68.93680054,223.8579662
-7.827042567,-73.30311514,183.2913167
-8.566996107,-72.16646454,160.1009554
-10.49354004,-68.78868633,114.7953443
-9.66040244,-68.48920571,192.8396871
-7.866594136,-70.55704406,251.5718753
-7.944165375,-72.58513568,261.5124454
-7.773573683,-71.15832866,147.961091
-10.17393329,-70.47534663,119.5703585
-10.52262187,-70.32511606,239.2484606
-7.53864193,-72.76408165,136.3212449
-8.457490884,-70.52212217,185.5337065
-8.723978106,-72.80081929,122.2592828
-9.664259376,-68.15019682,25.83925011
-8.832393701,-72.21937573,205.890579
-8.242791856,-73.27366644,248.9486101
-9.774056182,-69.7598442,175.2753694
-9.355366903,-72.59369521,190.2119893
-8.11376882,-72.5589436,186.5662198
-8.735869386,-70.36389607,247.9239633
-9.114108657,-70.58508781,154.896089
-9.963896928,-68.5421813,259.3124183
-9.161388362,-70.56157439,166.101375
-9.291270404,-72.50031617,165.1636457
-9.462814288,-71.47523617,220.8500079
-9.765136781,-70.21030017,207.1636644
-9.1668136,-71.79863159,389.6920156
-9.756171416,-71.02577041,215.3084336
-10.86676453,-69.30667932,133.5014407
-9.392895195,-71.5541694,105.7866384
-9.020662649,-69.64434936,153.6855062
-10.56348401,-69.93330926,183.67594
-7.762508055,-72.17080979,169.7424415
-8.357119401,-70.20891891,188.3278146
-10.32123883,-68.58123933,279.9307945
-10.36560625,-68.59241965,187.0979297
-9.763572964,-70.18814452,158.3478017
-10.66279993,-68.8047623,133.2693666
-9.41523969,-69.49681679,17.3663893
-8.309018028,-71.26943038,329.2066028
-8.531323646,-69.30933948,29.76899102
-10.68995635,-69.93574294,132.3736401
-9.687726109,-69.19725622,232.1211111
-10.30281563,-69.39029824,280.2682216
-10.00497143,-67.5536308,223.2700023
-10.665952,-68.92696147,194.9247947
-10.56693739,-68.73371305,190.1753219
-8.796894056,-72.0292243,180.7589105
-10.57730412,-68.98707815,228.2768996
-7.879240984,-72.08630559,139.1271832
-8.465462581,-70.15035455,140.8193148
-10.20682483,-69.23240076,198.2802976
-8.403948111,-72.3317934,385.6212388
-8.683911073,-72.05038185,352.3637957
-8.64600185,-72.11558377,204.8566674
-8.07852495,-72.52100151,212.6938256
-9.965709906,-68.5290571,352.2475468
-8.782795716,-69.9057702,170.8617728
-9.524952656,-70.21498442,48.05394265
-8.198167519,-72.04502234,229.8413087
-8.418997152,-73.35234435,192.3532343
-9.786906505,-71.25873438,341.4986298
-9.094250681,-72.76759757,155.5091731
-9.837700428,-68.26592619,251.4155269
-7.654051687,-72.01788535,112.4689179
-8.818467356,-71.88196784,375.9862781
-10.43454874,-70.25291693,118.873033
-10.64833225,-69.9050477,221.9112866
-8.04321296,-71.09749311,145.692042
-8.472353115,-70.13901441,205.7054722
-8.559774148,-71.60951733,326.5036689
-10.40464445,-70.22440556,240.0889256
-9.942376144,-71.24629165,131.4682229
-9.43042236,-69.52151805,199.7791726
-8.990474713,-69.60778878,128.7140369
-7.84910147,-73.38870099,125.4762068
-10.14755212,-69.52149507,153.2889468
-8.991681208,-70.58596518,234.1264015
-8.539778614,-70.92699583,123.3843581
-10.46979,-67.91678676,39.69212715
-9.21486692,-69.80713176,201.2997564
-7.838814214,-71.51196373,196.8723965
-9.694624009,-68.19326005,14.47844937
-10.7453665,-70.53058207,132.5748554
-9.297381212,-69.42416251,27.28660365
-8.508397216,-71.66349947,261.844475
-9.227241015,-70.75789838,195.3850914
-10.183224,-69.80746471,190.5904966
-10.56682783,-69.93577657,234.0713166
-7.530705209,-73.91075239,330.7495822
-8.352134019,-71.19044097,214.8026882
-9.491566622,-70.32006762,219.1991179
-9.017394917,-70.43539662,278.1948095
-8.303644111,-71.52887746,286.4726542
-8.48002563,-70.49556574,17.53717488
-10.49241445,-69.78964427,132.1933301
-9.635767913,-71.37622923,280.5051282
-9.154686845,-71.7897535,213.3993727
-10.75803227,-68.9351461,195.7392406
-9.56619637,-68.59824018,204.6147482
-10.36700786,-67.8591897,273.2883842
-9.316055665,-72.94478676,175.5011399
-10.05598269,-68.89567499,121.1137973
-8.902708609,-69.53647147,87.73171172
-10.60937109,-68.9621701,200.7112659
-9.409807277,-69.81097134,39.48426937
-8.013486154,-71.31563513,241.6858798
-8.35267044,-71.30842065,182.9533822
-9.731277559,-69.88700992,187.1951396
-8.218740161,-72.39882763,145.6567007
-8.516599423,-71.60055869,242.8212849
-8.272893281,-69.91508953,152.7399499
-9.038020723,-68.84146135,176.5688604
-8.929416707,-69.05719237,167.7576289
-9.35467827,-70.68879428,121.5877966
-9.867471946,-72.09159968,137.2219942
-10.33348936,-68.60401241,232.0765651
-8.49764725,-73.23561507,229.2738491
-9.184249743,-70.55150546,186.2213743
-10.26416311,-70.35526483,190.3009734
-8.853591562,-71.65135468,322.1146629
-8.862095597,-70.35084283,108.7932827
-10.54417744,-70.29163912,180.4370072
-7.802574319,-71.44979812,238.5658956
-10.28542769,-70.29431233,127.084999
-10.98541163,-70.26752604,214.858324
-7.834417784,-70.94631686,130.1033717
-10.54177568,-70.33221389,132.1475043
-9.049398796,-69.22236055,37.27496896
-9.044227969,-68.81082132,190.7135275
-8.098831884,-71.91042306,374.6280396
-9.456658172,-70.23670158,260.9081784
-8.737205771,-71.44675857,260.5389537
-8.080945211,-73.51509006,204.7716197
-10.52495413,-69.25522224,189.2215519
-10.46548138,-69.62716586,158.3392696
-7.556207986,-73.16347111,182.7393817
-7.781100513,-71.5712262,344.309728
-8.65513619,-73.08092052,223.1328574
-8.224301813,-71.07790986,265.472832
-8.71219668,-70.21304815,313.1530762
-8.083687167,-70.41359717,207.4669229
-7.815697315,-72.71128811,14.61320515
-9.365972071,-68.37502329,268.8865565
-8.773658699,-71.48413634,393.3571235
-9.941351495,-67.66738742,132.1086065
-9.280830444,-68.76280507,13.68385275
-10.09812518,-68.42325261,112.8436199
-8.969674904,-71.31099687,238.1284918
-9.290968183,-72.61707842,164.3581609
-8.107296592,-71.93781664,316.0183615
-10.37874487,-69.83195223,172.7561561
-10.37911102,-70.27717784,308.5029138
-10.23133251,-67.42552493,37.03202849
-8.381602676,-71.13604455,260.8223083
-9.843195192,-69.27544636,119.9150061
-8.071886472,-72.5793053,169.2221567
-9.086299645,-71.77828681,39.62852265
-10.95530285,-69.08127256,305.424923
-8.858341486,-71.34056345,165.483888
-10.22437547,-69.24662637,313.2411397
-10.40893586,-69.72137442,403.1020119
-9.236262072,-70.61652897,355.0441271
-8.527330165,-70.47134935,237.0036755
-9.921694053,-70.58019704,112.2043586
-9.704141929,-69.58399435,249.8659339
-9.859146172,-71.19562576,324.2607794
-10.26477966,-68.61988,188.0645576
-10.25039555,-67.09450143,133.955382
-8.862687753,-69.52912682,195.3877832
-8.559752629,-70.4544516,235.6441209
-9.358881049,-72.54274111,199.2501868
-8.252718096,-70.26985998,193.7607728
-7.973796049,-70.47203206,234.5865204
-10.25416059,-70.36263152,199.3929772
-9.470542241,-67.96253069,124.9249383
-8.501875456,-73.2091706,220.7808204
-9.034443202,-69.9693495,141.8842782
-9.440783005,-68.05806965,166.2794844
-9.800131868,-71.01527997,386.1517457
-10.15467363,-69.50457541,222.1571335
-8.583271395,-73.00784375,194.2771188
-8.899209438,-72.22143393,392.6065898
-9.034320856,-68.81049186,340.9250923
-9.464746165,-70.77670178,165.0553259
-8.308918445,-69.9199675,224.2276522
-8.871407665,-72.87353609,315.6834468
-7.539483788,-73.91710724,340.8520483
-9.415872196,-68.14014896,152.4732455
-10.3086222,-69.07481558,137.5543924
-7.747387719,-72.72319919,247.8757677
-10.33024392,-69.40329239,308.415208
-8.52724025,-71.6772239,281.1658956
-9.011282129,-70.57884526,161.4521907
-8.536699588,-69.26311372,52.27872177
-7.954477586,-71.30718214,252.4550728
-10.12420443,-68.15501379,215.1902816
-10.45013512,-68.7565979,132.485873
-10.83369818,-70.16852277,266.2076043
-9.264735298,-70.63029435,265.806243
-8.631282985,-71.37350647,289.0743218
-7.768717941,-71.61302505,337.9635126
-10.1461842,-69.82809472,191.5227387
-8.718690856,-70.76862603,253.5279659
-8.682091214,-69.39758617,340.5837946
-9.222321835,-71.81868822,314.6399967
-9.015543561,-69.65440455,207.3073676
-10.84401841,-70.16259959,183.7702173
-10.82866809,-70.53647864,191.3872924
-10.21928683,-68.58632918,189.8778098
-10.02758728,-68.10851873,164.5151696
-9.213351836,-71.66207398,307.4202788
-10.48246418,-69.7685537,209.9922886
-8.925498812,-70.24198898,193.3471942
-8.369726222,-72.82457288,175.1922297
-7.998221043,-73.47556724,228.0020002
-9.728599238,-68.43926459,10.31543796
-8.425248692,-72.23632825,284.5636916
-7.875894729,-72.06516656,103.0990576
-10.17825269,-68.95718607,188.6806945
-8.325701758,-71.15914287,271.961984
-8.668422985,-71.42167273,390.7527936
-7.327091663,-73.60564155,141.5057159
-9.104146825,-68.88265767,202.2518063
-8.466067316,-69.39434037,324.2733402
-8.395517501,-69.46862219,248.0104086
-9.144987018,-70.69779763,267.2183904
-9.261147254,-69.5641248,84.38434354
-9.665543178,-69.31394317,148.232498
-11.00415459,-68.64245699,16.01908588
-9.408998011,-68.97919508,218.6706603
-9.977315866,-72.1137393,297.330237
-7.7914681,-72.94671603,131.392538
-7.988298046,-73.46157767,138.3486419
-8.198937434,-70.68852219,309.3952933
-10.65534541,-69.0376975,203.6489061
-9.680839443,-67.83039873,141.2827222
-9.496147472,-69.06386894,218.2597715
-8.180686261,-71.31484766,189.7809696
-9.392886935,-70.96135608,160.7922985
-10.76287253,-68.87886755,124.4075091
-8.604677599,-72.17581699,159.3353353
-10.11525943,-69.8952827,261.1177669
-10.49112559,-69.49991649,378.9754615
-9.483101384,-67.97172545,156.4957557
-8.962281936,-70.5814987,308.6243597
-9.522844706,-70.96041665,158.1255455
-10.2613092,-67.4101679,169.9067567
-10.39382781,-69.13759971,281.0763012
-11.03030695,-70.32369916,333.9825815
-8.684069578,-69.38450388,101.3279918
-9.042010279,-71.70051034,262.0767192
-8.552653679,-73.14415842,166.1586761
-9.512475022,-70.29369965,326.3708
-10.33304838,-68.59658226,117.6948452
-9.748978678,-71.11160254,26.81492285
-8.883994184,-71.89142131,153.9260047
-10.98799853,-70.15012336,227.2798701
-9.114443403,-72.18357961,197.8761564
-9.051064318,-69.96322523,135.4395566
-9.198099656,-70.59602052,398.3536225
-8.345098177,-71.28863271,179.750317
-7.98329515,-72.99896319,120.3245142
-8.699442039,-71.5012654,206.8010771
-8.072036812,-71.27311333,168.0032349
-9.275128508,-72.08348257,295.3506413
-8.756897533,-72.17152438,162.0449316
-8.652997565,-69.97172324,170.8525581
-9.708167185,-68.18234836,128.0408101
-10.95805972,-70.60524055,341.4890248
-10.11574421,-68.14396326,187.1862083
-8.81503841,-69.10715084,173.9265012
-7.804213648,-71.5435343,237.236008
-9.969554621,-69.86785598,134.8058189
-9.167629314,-69.32932851,102.6867312
-9.32262688,-70.44387932,316.2869977
-10.74047432,-70.52750353,190.4810042
-8.003046206,-70.87491759,217.0608206
-9.600329269,-68.09636826,154.375151
-8.021112705,-73.58127164,193.4350296
-8.446576059,-72.59206714,186.5756135
-9.842112925,-68.73831206,335.9451397
-7.929015505,-72.58510542,137.1299399
-8.478226779,-71.64155624,270.1322924
-9.944297839,-68.50599213,323.2690395
-8.31513709,-72.36838562,150.3524279
-9.482877732,-70.21069398,223.0685058
-8.748061029,-70.73087997,336.4887341
-10.92391574,-69.10741493,133.0689439
-9.772531271,-68.17033206,133.4902967
-11.02112005,-70.39360089,133.4150952
-10.45188048,-68.92269215,107.5569582
-7.941203192,-73.03459674,142.5574605
-8.389945209,-73.2803521,58.48997701
-10.60446839,-68.86363212,190.9010887
-8.337897068,-71.16037138,299.8522117
-8.81379366,-71.91332265,257.8659497
-10.04697512,-69.90779697,152.3608847
-9.172501869,-68.85304486,281.9423134
-9.903380761,-70.29797243,191.6788862
-7.996032398,-73.42529697,195.9232644
-9.439415081,-67.9260678,164.7135515
-9.4030889,-68.68446592,295.2780656
-10.30513695,-69.63019291,214.3069399
-8.908476977,-70.64700811,356.5594036
-8.023535364,-72.57990699,278.9332633
-8.661448156,-69.24229279,201.1562858
-9.903889073,-68.25231964,211.7625867
-7.69234528,-72.01782348,203.422732
-7.941916567,-73.02078973,160.9532186
-9.267977842,-70.49032504,145.4848159
-9.464811165,-69.77733815,113.1106194
-7.803236274,-71.43281296,265.7683238
-10.07511856,-70.40252788,169.729204
-9.846393762,-69.27076415,187.9063336
-9.481847367,-68.00443534,146.3410425
-9.369096978,-69.49875822,166.2551976
-8.085791702,-73.5390885,194.4438902
-10.31816186,-68.7742111,132.1069756
-8.873520482,-69.81847193,169.5906282
-9.237300351,-72.45379899,384.3570558
-9.682587158,-68.32115233,171.4931876
-9.991500672,-70.56256405,376.1374428
-10.02779824,-69.9329756,186.6612727
-10.81432367,-68.95254694,10.22211269
-7.952127566,-72.5793673,264.4992202
-8.610849574,-72.1536189,12.58430874
-8.969743459,-70.12787372,342.7818057
-10.85288196,-70.18980766,181.6353825
-8.036652431,-72.29465999,119.6090271
-10.32651097,-69.47081314,165.657787
-7.879323943,-72.1458176,204.6799696
-10.73140136,-69.40256097,263.8491609
-7.818550716,-71.42846726,278.4370723
-8.038328853,-72.29587161,161.9521897
-7.723927283,-72.87001154,116.643279
-9.051399325,-70.48897718,154.2594346
-8.371642549,-71.89154669,209.0439848
-8.919700283,-71.92859574,139.095686
-8.803351424,-69.05654578,106.7979122
-9.662586685,-70.21144954,340.1514317
-8.994239159,-71.66569073,178.6204178
-8.323970527,-69.93091169,168.0069767
-10.54063726,-69.01300499,328.0000981
-9.976214874,-68.25282142,10.04026187
-10.80341978,-69.92260951,329.8683075
-9.191069766,-69.7897259,184.1518402
-8.587872826,-72.11366143,332.7860768
-8.347285703,-70.61886753,189.7601594
-9.064001357,-68.71243463,266.6155053
-9.762575047,-67.77039295,14.37731014
-8.996567922,-71.80930847,181.9439599
-9.518081398,-69.98618206,198.777874
-7.635171908,-72.83182528,240.2536866
-8.238860146,-70.70420866,161.8272159
-8.378772792,-69.98500328,270.6539659
-10.62622744,-70.00842064,131.8229215
-7.809785087,-71.41846781,262.4210499
-10.05409907,-70.50989358,238.94821
-8.473170621,-71.41653322,213.733224
-9.708759813,-68.94616622,206.4906018
-9.124675342,-68.90476735,221.0585395
-10.20622254,-69.5856201,217.2396932
-7.534760594,-72.89769979,31.49726758
-8.624884559,-70.0069489,81.47274382
-8.240364252,-70.679823,358.6366825
-8.899387208,-69.56966109,224.6211771
-7.890205841,-71.20804431,340.7529347
-8.161861533,-69.84190042,344.5223585
-9.752978922,-71.27349278,390.5700749
-9.086058054,-70.6335547,138.2842804
-9.247948879,-72.65534367,209.3519007
-10.37446233,-69.80792755,323.7659658
-10.73554613,-68.8942014,15.69966613
-7.69951773,-71.54264653,217.7602598
-7.583831599,-73.94914541,304.691472
-8.518952553,-70.072456,255.7131399
-9.017089886,-71.79436829,186.1406727
-8.590138913,-71.55385279,227.3564805
-8.637807402,-70.93899117,10.75729663
-8.951112034,-71.40610342,217.4343624
-9.285637153,-71.83666242,187.487459
-9.408915832,-68.9644572,230.5919984
-10.80234322,-70.5627215,121.4172845
-8.163275892,-71.32098181,267.4690649
-9.996654547,-68.35571451,119.4494485
-9.611033843,-70.80825976,211.6429212
-10.66862779,-69.37293518,202.8494086
-10.33472185,-68.8361605,266.7392254
-7.772608806,-71.46176465,390.035595
-10.75302105,-69.99404331,110.6954015
-9.924458835,-70.60524355,179.9109951
-10.50999984,-70.28061202,160.7151754
-8.377457637,-72.54181714,203.4937602
-10.52015627,-67.71753792,141.0423207
-9.750278132,-68.13226736,177.1505029
-9.830314803,-70.06060113,16.27690596
-9.711452664,-69.24064243,207.1797233
-10.12368509,-67.55007515,130.6567634
-7.87000216,-72.48386006,155.6731247
-8.387230895,-71.18210302,353.7768738
-9.610003375,-68.05812615,123.8079656
-10.54943769,-68.98767496,228.9369404
-10.00368913,-69.93298192,217.1308651
-9.412345359,-71.60342624,273.6258645
-9.597849951,-70.06662357,210.4550501
-8.691207732,-72.09572241,326.8361484
-8.887637987,-71.33043007,207.8320931
-7.988184866,-72.21776345,283.8297727
-8.146922046,-73.20409019,191.4351956
-9.331570426,-71.58225216,215.8982038
-7.575151721,-73.75649614,204.4564654
-8.75401538,-69.45708326,133.0482164
-8.705429393,-73.07547795,191.5837731
-9.929061375,-68.53741318,239.5801771
-10.30289156,-68.0232734,330.3731262
-9.450534654,-68.02132758,283.0625767
-10.46576218,-70.20644132,346.4406646
-9.303162674,-70.68665397,188.9830536
-7.932718104,-73.60520762,350.2582053
-8.636545731,-71.51329812,182.5976733
-9.528424493,-70.85089027,205.0648377
-10.33671394,-69.48715014,180.6050462
-10.00522381,-68.57259232,121.8201706
-8.052091966,-70.82279877,205.804506
-9.738761105,-70.14101008,399.3202934
-9.955366212,-67.68068004,149.2420829
-9.685897332,-70.09690148,212.1450818
-9.978510103,-68.32154946,67.14001467
-10.72119821,-68.76596741,139.7362323
-10.41922088,-69.86189256,276.4345166
-10.11290021,-68.14933716,240.2487663
-9.376291711,-70.28866847,209.9757794
-9.007196206,-70.58663558,137.2851559
-10.85119848,-70.02678053,204.6468873
-10.37395096,-68.62678128,342.4962472
-9.25926468,-71.64521566,204.7478616
-8.570412032,-70.42311399,182.4765289
-8.862491058,-71.69299161,160.2203914
-9.694877367,-69.60874072,179.9295082
-8.548134179,-72.63806284,242.5082853
-8.942509706,-71.97230561,130.9928398
-10.84205383,-70.51215518,268.3471785
-7.183195874,-73.67454308,346.2899445
-7.766010679,-71.13227244,257.0243132
-8.230227229,-73.23658485,200.0992754
-10.64427175,-68.69490223,192.2293348
-10.92626419,-69.26921631,201.6516734
-10.65408316,-69.34834147,330.1621823
-8.256682292,-72.42186681,186.9822318
-9.903115508,-69.32694317,162.1881909
-9.550247467,-71.51237385,316.0376064
-10.83838946,-70.12984928,116.7970223
-8.139731641,-69.83293605,167.9070231
-10.83814912,-70.49982402,187.5833083
-9.431015093,-69.11442549,287.7061505
-9.838630943,-69.14736585,229.147832
-10.45140751,-69.89271631,152.9481901
-8.612051507,-70.00150531,184.7201272
-10.8687296,-69.34525064,236.959135
-8.470522196,-72.61648246,213.3784987
-8.424912616,-71.11464301,192.0040824
-9.596336305,-72.09244729,169.2293468
-8.552756307,-72.21360561,218.9132694
-9.364896228,-72.28805511,264.6026296
-9.094674424,-68.90998408,29.35988686
-9.5754911,-70.82306924,277.8836467
-9.580436192,-69.69251708,175.4682793
-9.028575227,-72.84251501,121.7710926
-8.918316794,-71.7057964,236.4710306
-7.862682004,-72.99834005,103.9181126
-10.26047071,-69.75049758,392.1355562
-8.302493201,-73.26787799,196.2312183
-10.0883612,-69.44867344,199.8333958
-8.287111884,-71.85061222,335.9186566
-9.436130757,-69.94057641,179.5545218
-10.44059312,-68.66926778,273.9492888
-9.090479682,-70.49765753,213.2561231
-9.85607641,-71.28801481,383.9433591
-9.39475234,-72.61141192,223.6449439
-8.459052299,-72.27502927,365.7050718
-8.866756047,-72.23292132,208.9542769
-8.406097528,-69.4213019,142.1104864
-10.39325057,-69.82180686,37.7393357
-9.158807681,-70.58010678,178.1499189
-9.242516901,-70.53548597,243.1019837
-10.13320922,-70.00975581,308.6659914
-7.42854369,-72.95339451,54.39916663
-8.687884177,-71.48265594,153.7914086
-10.03851213,-69.23311095,180.9073088
-8.904765619,-71.3068091,180.2907637
-9.488104169,-70.94886121,183.8045445
-10.49843817,-67.88901931,339.7619987
-8.864071473,-69.86751371,199.338561
-9.790108972,-69.35640821,154.5674968
-10.5126659,-69.91001572,276.8243101
-10.4511204,-69.63112647,31.05982422
-9.221888328,-68.81698621,16.34219014
-8.663111065,-73.06398645,309.234687
-8.788770772,-72.05198081,244.8847022
-10.33646196,-68.55661063,176.9899108
-7.791470813,-71.15781568,162.1329137
-7.645255267,-72.23869898,179.5090087
-9.877075731,-70.60623864,158.1549691
-9.216381021,-69.32284657,208.7186305
-10.80882429,-70.01009698,169.5392279
-10.88839509,-70.58897046,175.5345133
-7.968029094,-72.62668583,213.5681637
-7.754543122,-71.13112224,204.4333174
-10.44609021,-69.53755941,135.8929444
-9.901055172,-68.34492523,10.3911284
-9.563185491,-70.96802678,180.5039904
-8.876540305,-70.76504734,203.7600542
-8.329833841,-71.87464709,387.8255375
-7.964724294,-73.41666287,207.856716
-8.973670733,-70.69422226,191.0983003
-9.498356435,-71.49356961,229.2903107
-8.836183936,-70.43694241,353.1721328
-8.402068259,-72.25981607,153.9574882
-7.80875565,-73.29676222,174.1680094
-7.99530561,-73.44572335,187.7738741
-9.837918211,-69.78536446,116.1010094
-10.6490116,-70.41867787,228.9914236
-9.514929004,-70.96180648,228.5366322
-7.99035386,-70.46747676,362.2992764
-9.320859427,-71.88347088,118.5701951
-8.962112517,-69.13035455,50.45420949
-9.869447592,-67.50351258,111.0223189
-9.000662416,-70.42318406,195.2897742
-9.486199668,-69.05652516,228.4201067
-9.818376398,-67.75764575,128.0919731
-8.911699933,-70.66307044,310.8994615
-8.746284592,-70.11136318,257.4429513
-8.097488291,-71.39981233,240.5053131
-9.994518327,-69.39876576,293.3561711
-9.981221271,-70.36190086,227.8407541
-9.866011697,-67.49384601,338.8866047
-8.559136121,-71.32805011,363.7169268
-8.523148329,-71.0157622,167.4854892
-9.734642787,-71.31371546,155.6436074
-10.2263689,-69.01411651,188.3001275
-8.93477176,-72.91282557,220.6963332
-8.830751952,-72.03797362,288.4806999
-9.489980231,-67.69528176,10.38557168
-10.41224941,-69.47795774,360.5864225
-10.67242663,-68.8337137,128.8694212
-10.89798252,-69.0007778,15.79500473
-7.872750662,-72.45679103,195.9704319
-8.468189104,-71.36394025,192.9211371
-9.321906606,-69.89891417,256.2746913
-10.91295106,-69.51476225,126.7597309
-10.65484425,-70.42300249,148.9720835
-7.753536398,-71.49209328,355.0015749
-10.36201088,-68.68458426,198.2443406
-9.382489421,-71.64188997,168.430813
-9.063361577,-69.24611071,114.1759063
-9.139260804,-72.12314535,138.6754256
-10.30343083,-68.54653001,213.0588185
-8.709908686,-70.1060112,215.4554837
-10.4954458,-68.93401888,224.4434771
-7.206238641,-73.69108767,323.9040836
-8.906264782,-70.75437894,341.4029186
-8.644868983,-70.38587466,338.3079259
-8.802405148,-69.50613015,108.3442666
-10.35485764,-69.68145279,148.0074348
-10.4528574,-69.38428948,173.3303641
-9.356754172,-68.11057395,189.3603972
-10.27889209,-70.58128628,371.7856769
-10.41812231,-70.21276652,164.9974433
-10.40476001,-69.47241843,263.3549656
-10.83002143,-70.02584014,247.9045495
-8.907958345,-72.93544534,285.8219132
-9.994168282,-70.52677285,179.2628496
-9.266309941,-70.35277194,158.5656556
-9.482003308,-70.35034612,246.6501188
-7.865014804,-72.09659563,210.7778836
-8.053218103,-71.40728565,396.0390293
-8.472653128,-71.07002625,366.673892
-10.39691983,-68.61553009,20.27417158
-7.856151655,-70.57187556,158.1193275
-10.12276084,-68.6799059,172.8091415
-8.499269719,-71.27038412,188.3510728
-7.824722837,-71.53966498,176.0717641
-10.0846448,-68.19424269,188.6654379
-8.424996886,-71.59568296,336.4033832
-8.466682345,-71.39827745,123.6024443
-8.65619199,-70.09483062,222.7550225
-8.729715476,-70.78398557,217.9681621
-11.05613753,-68.58570129,65.56141127
-8.455889313,-72.25377584,351.9236516
-9.586425287,-69.24891757,162.6438316
-9.34390349,-70.70978929,162.2912842
-10.62961738,-70.0174539,148.6865816
-10.02708919,-70.37431582,328.8941822
-10.69829391,-69.34852343,26.65438254
-8.998583664,-70.46417234,113.3477077
-9.581972114,-68.03050376,186.7250932
-10.11308198,-68.63745692,257.4117243
-9.67842281,-71.40175844,159.9978495
-8.964287223,-72.96889231,150.4757036
-8.26599839,-70.63322546,218.552914
-8.262309087,-72.80354068,155.6908432
-8.79846221,-69.80771715,289.6618978
-9.272527814,-72.50099202,389.4404222
-10.62916674,-69.31164547,215.6072342
-8.874959755,-70.45809102,207.7900811
-8.459656793,-72.65341903,173.4625842
-7.892522277,-73.62987001,201.4532596
-8.399460762,-73.38734897,238.5763587
-10.437128,-70.19360158,170.494965
-10.55057324,-68.79573675,221.9704707
-9.302285182,-68.87901227,186.5073011
-10.68932678,-68.90558311,200.9965672
-7.439630378,-73.69385443,108.273935
-9.989145446,-70.36773537,153.6186519
-8.628160628,-72.12202761,205.5056408
-9.425937346,-71.53002502,183.0083937
-8.637294372,-72.51327882,201.0048493
-7.837056155,-71.4364002,252.7081306
-10.59833336,-69.37968995,264.3794514
-9.672521746,-68.49708536,165.3029391
-7.463352435,-73.90445784,223.6624085
-8.71271457,-70.12888836,258.3299787
-9.068925511,-70.54165979,166.0090738
-10.2896996,-70.30246985,177.0764422
-10.19395516,-68.48734814,119.1859697
-9.758235179,-71.02015374,185.3850648
-8.70275835,-72.10639188,190.0815564
-10.31940347,-69.60257236,200.6138407
-8.21196382,-71.08307562,186.3867277
-8.519381172,-70.45577988,295.7926473
-9.913940385,-68.7840511,190.9162941
-8.73220668,-71.59142309,229.1630105
-8.921693301,-72.25220119,216.6569789
-8.883319754,-70.18424265,187.1289601
-10.50074165,-69.59434925,142.0899436
-8.792639,-72.44538752,197.9529242
-10.80201201,-70.4967563,126.8011266
-8.026230403,-71.99662667,126.3580631
-8.491805648,-70.94047631,323.1865989
-8.889595093,-72.91020303,265.4253576
-10.63096987,-68.84791574,140.1755398
-7.937439806,-72.02070703,335.2460304
-9.301610414,-70.78385459,342.6952497
-8.718318954,-70.33918085,286.8175157
-9.527357648,-70.98476197,179.2007947
-9.971491418,-69.40547717,184.3942597
-8.873377268,-70.77182112,122.6503869
-8.132473411,-69.84135146,318.4736024
-8.705169712,-70.12340205,207.7452002
-8.707042058,-72.73949431,164.1121581
-10.33499327,-67.98851234,129.3860605
-9.944964246,-69.87838051,224.5760622
-10.73156252,-69.97367449,176.4399048
-10.38846276,-70.19090331,146.0417012
-9.735236196,-68.95803755,42.76928375
-10.27656571,-68.77951428,269.7067871
-9.678862132,-70.13317628,168.5414812
-7.59304007,-73.16879489,236.7770485
-8.841200945,-70.44058943,185.0023961
-8.758197089,-70.84472732,259.8438663
-7.916518207,-73.37466037,224.0947556
-9.560746463,-69.60348514,140.0984819
-7.853288056,-70.95997633,186.6324215
-8.960655863,-69.90489281,17.37038288
-10.03726116,-69.46116473,203.068887
-8.980289746,-69.92228792,228.7601946
-10.30682601,-69.49215767,114.8272076
-10.20679832,-70.48515766,159.7193725
-9.274560215,-72.48808666,342.992205
-8.566679953,-71.33354274,242.8281353
-9.876198124,-71.17210767,213.9159302
-8.812076306,-72.15060975,268.4271516
-8.579286532,-70.01837032,268.7584177
-9.717736592,-69.60896141,120.6282599
-8.980314815,-72.29849389,223.4486134
-10.64960589,-69.91315831,270.3549796
-9.64348013,-69.64632754,231.4687217
-8.805983789,-69.8132131,238.577001
-9.893571313,-69.8190296,200.7259775
-9.730431412,-69.56469007,149.9452642
-9.52554015,-71.53048186,170.9681812
-9.28967487,-72.61357939,207.2638469
-10.86542191,-70.19910704,110.7007291
-8.104126753,-71.21501502,172.4008327
-8.770748428,-70.8465933,269.0069336
-11.04265071,-70.33066726,57.41101071
-8.786049982,-69.4587534,112.7065988
-8.589301447,-71.55446418,53.46906079
-9.369149761,-72.57157214,369.6267794
-8.140532364,-71.20523149,160.7758659
-9.305463316,-70.44538729,224.7856292
-8.540723107,-70.09564423,187.1216081
-10.17234622,-68.45684903,184.7920814
-9.113923246,-72.11880753,176.7069414
-8.121675614,-73.53703114,141.980587
-8.937052318,-71.96051965,216.3843913
-7.661796865,-72.8251979,133.1579576
-7.871311406,-71.50599883,128.8877877
-8.294814585,-71.9749872,164.3325638
-9.701535686,-71.36788993,184.0596739
-7.674382704,-72.86685353,128.3532824
-8.156331938,-71.21211043,169.5247642
-10.38579643,-69.80928788,177.2111846
-10.18813091,-69.28378692,189.5254203
-8.11096022,-71.01687204,336.2993636
-8.73142781,-72.0937477,316.9011424
-10.44091982,-69.52965223,193.8353133
-7.398473881,-73.02835564,146.6353984
-7.697780642,-71.62485852,252.6044958
-9.009643038,-69.19333456,11.80487465
-10.23502516,-69.30365475,240.1297195
-8.705127752,-73.08281038,345.3706249
-8.662218832,-73.05868532,338.0081269
-7.82588538,-72.10027468,202.4186239
-10.03529719,-68.57291339,201.126036
-10.24621383,-69.02148292,240.4990764
-8.279871808,-69.92753375,126.7228708
-8.508551236,-72.95350303,216.7226606
-8.893768752,-71.96506791,165.308176
-10.77935614,-69.7060683,116.6389884
-9.333233926,-69.43679913,105.3070918
-10.00371896,-68.26037339,242.3727095
-9.927531638,-71.23550659,307.2629962
-8.024099521,-70.85309393,410.5911256
-9.724602001,-68.95777863,360.6526239
-9.687452968,-70.95437506,285.146837
-10.5610621,-69.82672583,182.1087894
-8.200321612,-70.32252274,18.15315847
-9.443267786,-69.10232692,203.8575177
-10.16916966,-69.81116753,178.2878297
-10.39996479,-70.25507093,177.6940059
-9.157956584,-70.71444136,185.8873774
-8.681022077,-71.51464026,183.0902788
-10.49159553,-70.25272729,151.6905382
-10.1808675,-69.80254659,228.1966817
-9.220819246,-70.50711787,196.7480705
-9.905784935,-68.31324234,267.8707923
-9.924099716,-70.32705515,251.3067679
-9.907709878,-71.23331502,188.4603497
-9.302408628,-71.05128117,176.0828342
-9.806545435,-69.29149744,132.2621416
-9.183566974,-71.67280067,201.4486373
-9.750069491,-67.51505814,343.6368086
-8.415691014,-71.01718927,221.5775997
-10.53317303,-69.79133129,246.2861261
-8.69849946,-72.45763473,197.335303
-9.395377031,-70.39059248,197.4735592
-10.00601464,-69.41725557,112.1492063
-10.49597454,-68.92696671,188.576296
-7.452450274,-73.03709687,203.445786
-10.47106821,-69.90720159,192.5921129
-9.90403521,-70.05720479,213.3930801
-8.381180272,-72.28507451,19.91772628
-8.07985302,-73.4860189,153.9512637
-10.10428451,-68.46657387,224.3675872
-7.770837152,-72.80717854,207.6524367
-9.051071877,-72.83274181,330.167314
-7.600150195,-72.30472713,143.6119757
-8.259216404,-70.29362971,33.88903387
-10.06044714,-68.43429059,160.814959
-8.760037356,-70.16334383,208.9017559
-9.501774527,-69.98155088,156.9599839
-10.96169484,-70.13727436,176.9539616
-9.475121985,-67.99029525,92.18733775
-7.950655873,-73.0198911,18.98313777
-9.83602378,-69.81899323,159.9327048
-8.898091292,-69.82185174,89.03460063
-10.65912206,-69.06876877,167.6706764
-8.594289847,-70.39453195,201.4646433
-10.78263718,-69.94482654,103.5915607
-8.517748941,-70.11952404,31.35129416
-10.2780353,-69.73756768,126.9087838
-10.60960806,-70.08991402,383.1041238
-8.561994096,-71.3442978,240.5847501
-7.4592697,-72.9988794,187.131764
-10.34296783,-69.48252738,181.1162688
-9.001325322,-69.64405224,106.3733009
-8.960896426,-70.55682581,135.6979171
-7.759183334,-72.89544964,173.8846974
-10.2890967,-68.55752989,243.4856549
-7.797580712,-70.606967,182.1504305
-8.430928334,-72.53878521,288.5762308
-8.829699927,-70.18630333,397.6493565
-10.62799383,-70.37494834,233.0493215
-10.28784084,-69.61906711,192.7813364
-8.699110566,-72.503373,172.1471222
-8.724324448,-72.14067417,215.3350747
-9.199118368,-71.10975435,159.0308981
-8.685495674,-70.79281611,301.1582963
-9.884885919,-69.84785332,142.634814
-10.27604406,-69.58702701,224.7152398
-10.49250098,-70.28916768,195.0018831
-9.689668418,-70.09412925,136.7982621
-10.50867681,-69.78796234,157.0226114
-9.290459773,-71.07013684,158.4881679
-10.73809808,-69.9777518,237.7837257
-8.843682694,-72.84599339,137.506845
-8.388193532,-72.50775116,231.8295014
-8.243250918,-71.485071,222.4293422
-7.649820582,-72.78709314,157.0871002
-7.864341246,-72.67606769,192.2018398
-8.347925838,-71.32551838,117.3879792
-8.307079667,-71.75941587,230.901902
-7.895950893,-73.00180318,215.9987025
-10.79024082,-68.96597336,311.9578551
-9.871586956,-70.59900984,148.6107116
-8.83901413,-72.17751719,127.2861586
-10.22644089,-68.73545468,217.3363228
-8.053607484,-73.51757006,204.9552231
-8.971490014,-70.40892624,163.2530325
-9.274518755,-69.82233905,188.3705348
-10.91054907,-69.86007834,162.5717076
-8.736503416,-72.42998475,180.5679952
-10.72115962,-69.93036519,140.6136222
-7.783045485,-73.32736711,124.1163078
-9.212828255,-71.6513678,246.1664603
-10.64558972,-69.98714102,108.4123685
-9.366383607,-72.59772199,301.8416339
-8.213880039,-71.80915167,167.5061119
-9.095008711,-72.39233379,232.1901716
-7.994121104,-70.46474648,289.0710979
-7.269596821,-73.53610352,156.3276642
-9.053647558,-72.76825827,131.5603879
-9.978085964,-68.80281398,256.8163432
-10.23561277,-70.0851435,145.9175112
-9.687151139,-68.94422633,189.964364
-9.259177299,-71.84559121,174.7605417
-10.09173865,-70.40036811,196.3705015
-9.669175869,-70.19657069,159.0717639
-10.08717889,-69.47703896,193.2429749
-7.857075541,-73.39444812,246.8251975
-10.392003,-69.82088204,196.1927209
-9.779809252,-68.18936615,13.58604631
-9.481967357,-69.01053047,140.9374004
-8.490859103,-72.17756485,137.4907142
-9.292764698,-72.22124201,160.293185
-9.770782584,-69.35635297,259.4692122
-8.755516679,-73.00795071,333.2015576
-10.20557394,-69.23332151,192.602725
-8.677164775,-69.71935651,121.7074756
-7.45894375,-73.86591352,202.866261
-8.950372042,-69.60687093,250.2516928
-8.74569673,-72.04307756,298.509518
-9.893048184,-69.30506244,163.2806141
-9.270537366,-68.76371905,194.6942917
-8.104572632,-72.12960579,151.9410906
-9.702491169,-68.09024698,255.5912442
-9.237436683,-70.39027474,333.4762266
-9.434748329,-68.99046668,324.3660476
-9.454827628,-69.51145793,24.70708316
-8.892900713,-70.79062585,332.4479079
-9.452873075,-69.5244216,160.349702
-8.575201097,-72.16701708,48.86380102
-8.732276241,-71.46725057,252.8048605
-7.976847682,-71.30731021,230.9449026
-10.16394891,-69.26603748,274.0612749
-8.540678659,-69.59907667,240.9263598
-8.071384654,-73.51513984,200.4604586
-8.117208838,-73.56187095,191.0487344
-10.71069625,-69.07125039,173.0191976
-8.902237959,-71.57777904,401.0893134
-8.598429441,-71.75654919,160.8867375
-10.37441342,-69.09487362,255.6010054
-9.618444432,-69.65345046,138.186237
-9.733850023,-68.93522035,149.9952323
-8.504314748,-72.00827933,260.6539638
-9.030872426,-70.07657812,131.8466802
-10.7538613,-70.5354457,152.5556462
-10.81201507,-70.58930063,204.2275971
-9.365828789,-70.73250649,24.67833812
-10.81724377,-68.81508872,264.5827617
-8.187658482,-71.06544514,376.1223981
-9.290177283,-68.15147442,130.3652421
-8.606247317,-72.20799614,199.8585038
-10.8782234,-70.49516552,115.6623912
-10.63880647,-69.8842504,217.2152052
-9.662009816,-70.12749967,215.0221254
-10.29337648,-69.51233492,133.6291495
-10.31170505,-67.3731407,10.3911284
-7.919312342,-70.93551973,291.5572044
-8.149669486,-72.51633395,149.8638369
-9.407964038,-69.83598258,53.5960977
-9.131907156,-70.02077494,253.5007497
-7.288157406,-73.58451329,212.911013
-8.582535116,-71.72434463,219.5934866
-8.299518563,-71.53285347,118.1922478
-10.26975903,-69.61589047,123.6981255
-9.724963748,-69.70951172,186.1746423
-7.549419331,-73.1515558,314.9288379
-8.334544384,-71.15078127,270.7673864
-9.985924326,-67.63457027,193.6256928
-10.26021513,-67.09860239,246.4333284
-9.364626105,-69.48839661,162.3060472
-10.68310791,-70.59807719,152.2818442
-8.839747043,-71.98685873,337.0911598
-9.136344392,-70.05112711,267.9922247
-10.41754921,-69.63469915,182.2743684
-9.765598535,-68.30870738,26.10897624
-10.46151855,-69.05457732,191.1435525
-10.03790144,-69.19526846,246.980877
-9.418705804,-67.88223468,188.182651
-8.57801594,-71.47222519,313.30983
-8.214844056,-72.45230881,295.9270838
-9.876717725,-70.03758231,161.4019467
-10.3700076,-68.64825488,396.4720766
-8.177135958,-73.57758185,162.2576935
-8.281054672,-73.39298622,212.9213843
-8.660774079,-69.38207688,326.2862064
-10.16615045,-69.2964253,338.4186885
-10.19457804,-69.57701294,57.50596625
-7.682200026,-72.85461969,269.6356044
-9.467503695,-71.56299575,219.0602957
-9.354646789,-70.56940506,197.5950164
-10.4609384,-69.52119961,157.9017348
-9.431468082,-69.40355535,140.793681
-8.952332244,-71.62156166,157.6741934
-9.457196677,-68.63826513,279.4948128
-8.701472755,-72.09871885,259.6576006
-9.292446893,-69.81400054,184.6325795
-9.576081989,-72.06337191,268.6680063
-8.469091014,-70.1341024,173.1163236
-8.594184498,-71.7469383,277.760788
-9.951936009,-69.40185457,192.0813001
-9.69221334,-69.17225385,183.370763
-9.822819313,-68.7171479,391.4644228
-10.28034736,-70.11107815,27.82367815
-8.527566055,-72.21424621,158.8207905
-9.072034875,-68.87272546,49.00805889
-10.43547888,-68.86780544,326.9790839
-8.982313399,-70.5363487,200.4529365
-7.920912283,-71.45924226,206.9750377
-9.601802272,-71.37766812,219.9996473
-9.198520177,-72.45420094,323.8947544
-9.14540907,-69.65506807,151.7121292
-8.618782622,-70.18080319,204.5098159
-9.853273375,-70.07152223,165.7936067
-8.425469849,-71.33285201,192.628784
-9.197226678,-70.54203475,124.0399173
-9.942807103,-71.26111981,136.5689506
-7.950009884,-73.44070161,300.1321963
-9.788682999,-69.1912786,225.1256931
-9.649426822,-69.16910669,156.4210645
-9.435261679,-69.50446316,32.46594982
-8.196042799,-73.21911631,197.739054
-9.00896092,-69.63580671,208.4156736
-10.55437135,-68.81993448,10.1101839
-9.067113042,-70.6636056,229.4080135
-8.167302337,-72.47575438,210.4097752
-9.546225909,-69.71085324,195.4475796
-8.482093345,-71.9921423,285.4365998
-8.897210371,-71.57411159,187.3575648
-8.796258919,-71.90755533,196.7117487
-9.024515357,-69.73693591,281.1011595
-9.970137396,-69.97540587,176.2625951
-9.930288723,-71.28048273,227.3781919
-8.8255393,-70.83985542,151.7710151
-9.062506595,-71.81214271,151.8778416
-9.154007734,-72.43539787,182.8877559
-10.42107957,-70.22932786,133.1680454
-8.556903228,-71.71985589,186.5794928
-10.31032685,-68.80441869,145.6976174
-10.71928661,-68.8821654,249.3664793
-8.027180597,-71.28730118,133.6079717
-8.939982769,-71.5911679,155.1000923
-8.098645631,-71.92072394,189.7423961
-8.600254314,-70.95971032,280.60413
-9.239245992,-70.41240559,285.2837251
-9.223638758,-72.45080455,326.3951689
-10.34161554,-69.09911855,149.6693623
-7.578745977,-72.84497153,191.7555041
-7.928845249,-70.53304107,366.1771959
-7.71688382,-71.51858904,217.3765668
-9.159646825,-70.57949349,405.3271841
-10.48518184,-69.88272582,166.7369629
-9.850527746,-68.2224434,248.6919492
-9.919454532,-68.29466474,38.39942375
-8.362167014,-69.83915645,299.3899538
-9.883018274,-68.32510949,19.02767892
-10.83926785,-68.83218118,115.6840326
-10.28972955,-69.3657737,220.0847493
-8.746975729,-72.07224489,232.5914926
-8.78106371,-70.83469778,204.0006002
-9.533628591,-67.67373609,142.7267594
-10.7143671,-69.99529426,359.8677156
-9.641931345,-72.12588415,267.8959918
-10.78335805,-68.99620255,10.3911284
-10.9717062,-70.39075614,129.433795
-8.442349849,-70.14334696,141.6012438
-10.21473524,-70.54109049,232.0499895
-9.710818702,-69.60730878,112.7047565
-8.757805727,-70.40894606,171.8913278
-9.964820687,-67.30508379,184.6138392
-8.677593338,-71.80761902,283.0992633
-10.73035259,-70.54170948,194.8858928
-10.69244134,-70.02877734,205.8562395
-7.989028952,-70.8515995,402.5187031
-8.702201432,-73.06362888,394.6289554
-9.284652483,-69.51828099,382.0639429
-9.559077281,-69.60226075,44.59341813
-8.224827367,-73.22567221,386.6521988
-9.537041045,-68.59642358,194.4087535
-10.19529879,-68.69799779,394.0861061
-9.656901071,-67.34791929,10.3911284
-8.075899623,-70.4328493,398.5026411
-8.626164625,-72.05068536,36.01159988
-9.945801218,-70.34299381,218.1103023
-7.686498427,-71.51724472,68.07037129
-9.089807025,-72.21190037,138.7197859
-9.549735887,-71.45583254,118.0869686
-10.69505541,-68.88848672,257.2356366
-9.677778829,-68.1673215,16.90913273
-10.18360447,-68.89346108,340.342771
-8.181519611,-71.04689766,163.5161154
-10.4791331,-69.87103081,129.0840451
-7.991923373,-72.57373334,181.6429728
-8.951665514,-72.3205346,259.3999026
-9.379492294,-72.55238575,286.1079298
-8.35072667,-71.18375369,142.5205879
-10.12705276,-68.96164383,325.870392
-9.136414426,-70.54364025,123.5852917
-8.632593056,-70.41153875,237.5502707
-9.018087205,-68.96587381,10.85428409
-9.592330548,-70.04798485,119.4274053
-10.04719963,-68.39285014,158.3847612
-10.46682744,-68.54883506,109.4785594
-9.86631756,-68.74905514,198.2911947
-9.477686427,-68.62323922,222.603978
-8.688253552,-72.10756349,225.8126607
-7.959878136,-70.85489318,120.1340558
-9.191763394,-71.79634473,195.8989999
-8.442527634,-71.38725042,190.3010486
-9.893663697,-70.58952937,157.6107337
-10.10743946,-68.94719551,198.2524781
-8.649723484,-72.09640616,220.0848876
-9.317537485,-69.3898437,102.4834261
-7.792608322,-71.57942112,315.2687131
-7.840628539,-73.32687388,233.4696682
-9.647306192,-71.36112081,172.506937
-8.082248925,-72.63751363,130.0573157
-8.482118639,-72.5698012,115.7211965
-10.70496836,-68.74666808,212.7787381
-9.185198657,-69.61962924,326.8985538
-10.72874242,-68.96283056,26.27717962
-9.288210161,-69.89981654,166.3724705
-8.795300461,-71.39765417,249.97429
-10.25184725,-69.75019768,58.22864706
-9.997117291,-68.85231105,312.9936862
-9.049235407,-71.20129467,223.5401424
-9.244829681,-69.34364857,19.97462839
-9.965223786,-69.98908498,132.5049622
-8.653615374,-69.39776199,189.3953512
-10.9813711,-70.34884195,174.9308539
-9.728867837,-70.14079245,292.1224747
-10.68648093,-70.01593452,130.9386068
-8.150439192,-72.65089228,249.1767933
-7.838338078,-73.33192607,403.3436574
-7.75381476,-71.59092794,256.5013824
-8.293682243,-71.53514059,226.9695749
-9.50529565,-67.99505152,166.562212
-9.9569855,-69.06032083,183.7363882
-8.53170209,-69.60315454,130.396368
-8.042141796,-73.45866155,197.1953947
-8.765660668,-69.13218967,18.32413226
-7.56563804,-72.93887316,92.10705557
-10.00068292,-69.41107278,207.6947944
-9.866352022,-72.13808605,162.4072738
-10.84895399,-70.14461588,238.9023003
-8.684654069,-72.04331198,203.604301
-9.410216903,-69.49314679,13.33538175
-9.24225541,-71.09521488,228.6644882
-10.46271442,-69.02534937,150.264408
-9.007305302,-71.80811326,360.365181
-7.883888486,-71.23818129,169.0320176
-10.06686764,-70.41824562,176.0791702
-9.998936108,-69.40226198,112.1119675
-10.59969585,-68.95916974,196.9906849
-10.43541418,-70.26061849,198.8370314
-10.44999447,-68.56526417,10.3911284
-10.90889127,-69.19490179,331.181003
-10.15530425,-68.70388532,161.1873534
-9.69313544,-70.94406816,127.2016394
-7.984427343,-71.26945092,294.5145193
-10.69511165,-70.04350296,241.9715988
-8.217778272,-72.45017742,144.4922851
-10.06450105,-68.14520123,199.4638455
-9.376528749,-68.08964569,193.3191918
-9.552341704,-68.07544377,379.4607901
-8.975236363,-72.31660355,264.4534536
-10.85464722,-70.44282544,189.2067946
-8.938926798,-69.87159673,210.5724027
-9.998734784,-69.15920259,282.7640644
-10.85850826,-69.17375527,228.003131
-8.614137432,-73.0166764,187.5361402
-7.790098149,-73.3115731,30.28042087
-10.42978516,-68.52149818,10.3911284
-8.437382517,-72.22750418,260.6475938
-8.352843131,-71.15718605,377.3039641
-8.43176391,-71.08211283,218.7935667
-10.33275566,-69.40515309,142.1881051
-8.957779045,-71.26805312,252.4162446
-7.882332719,-73.00554428,232.9591024
-10.58622161,-68.63706921,142.9460318
-8.435682887,-70.01207528,215.5655535
-8.535629813,-71.68331641,213.8062686
-8.057169623,-72.61936099,131.4482325
-10.36669999,-69.11758232,181.6509277
-9.945579936,-68.34977982,187.4378604
-9.486502158,-67.97957748,156.7817443
-8.423250739,-71.37325838,218.7183854
-9.183996406,-70.54508033,199.6841235
-10.34058256,-68.60925638,144.0701686
-10.55346628,-69.8135152,21.66154804
-8.545926708,-73.16020384,234.2531038
-8.606136541,-70.98965139,211.9425666
-8.742177401,-71.42515293,164.4446412
-7.956266777,-72.53170656,98.91907416
-9.494906683,-67.98459811,159.2914161
-9.340461799,-71.62805596,197.4740441
-9.521427436,-69.57468348,263.5914956
-9.422179677,-71.5895713,169.4072554
-8.146557415,-72.68420685,339.7544293
-10.5193604,-69.92227767,338.6226989
-8.544109998,-72.00958843,312.8994929
-10.26549397,-69.62577016,240.5752321
-8.777373287,-72.43960273,395.2103538
-10.66201293,-69.34247814,130.6133203
-9.42995199,-69.92163179,322.9303993
-9.14249672,-71.73203666,295.8471325
-10.16156955,-68.70849445,249.8098277
-9.559206486,-69.71830172,241.5910321
-9.655610956,-69.66457592,196.3295765
-8.978794041,-71.61259582,294.9284046
-8.772438824,-72.06389247,170.7703957
-9.489090282,-70.92479586,351.4119772
-10.34240611,-68.82097408,168.3352493
-8.851070736,-71.37397974,332.4813933
-8.300488114,-71.85335098,162.3601395
-9.279190509,-69.39026487,147.7148233
-9.054347735,-70.50765258,208.1789269
-8.273581761,-71.20360475,323.6963921
-8.39840672,-71.59764991,312.9544931
-9.132816127,-70.00215651,37.71219528
-7.718323648,-72.80077842,384.4869927
-8.223112156,-71.47046513,165.9109348
-9.797211672,-69.25632479,243.5167207
-9.784903411,-68.43784406,160.9752693
-9.526797419,-70.03546439,144.4162403
-8.689448871,-73.04485492,212.6547091
-8.321846307,-72.33476674,215.391709
-9.346920991,-70.98376867,198.7891948
-9.111936645,-71.7318321,133.5527604
-9.761606497,-71.36401963,191.4630681
-10.2170946,-70.34467576,239.7511235
-9.032888901,-70.35583241,125.694983
-10.26731491,-69.76663938,310.6799335
-9.933524043,-69.46050056,174.4643242
-9.492746034,-70.19375692,216.4811489
-8.747183559,-73.03759208,311.2895387
-8.102586483,-73.56524626,236.6791332
-8.152941805,-71.0537988,234.8246746
-7.657858156,-73.26814565,144.4740262
-9.440243476,-70.26539363,265.8473129
-9.990894548,-68.28636417,186.4635829
-8.246662362,-71.49451853,221.368203
-9.731940155,-72.16351814,223.5017373
-8.672687673,-71.77575608,327.9774367
-9.446465942,-71.59504611,375.5769239
-8.925308424,-70.27733891,217.5909543
-10.24361609,-70.0840052,147.2666225
-9.677322763,-69.64868271,181.465937
-10.11740556,-67.56135531,94.05761916
-9.582648801,-70.8557838,196.8079438
-9.846384582,-69.01785705,253.9786931
-9.684529065,-70.95223289,147.9085179
-9.966418563,-72.15565622,279.689369
-9.024284577,-72.33836015,385.4420542
-9.871526143,-67.74223117,155.7765005
-10.78817576,-70.1069011,120.7743849
-10.78846057,-69.96567248,121.2912274
-9.710585417,-71.37818726,257.7892512
-9.589040918,-70.23764298,96.52002931
-8.557555871,-71.46437104,308.4697627
-8.66549414,-70.06678908,247.3352437
-8.541073993,-72.59000664,154.7066318
-7.844568584,-70.55825918,349.955931
-10.50976104,-69.50653402,220.6133248
-8.880296417,-70.67916942,152.7897067
-8.419748691,-70.0218027,180.9872943
-8.610446698,-73.02109956,200.5300172
-9.845918579,-68.74767678,134.768212
-10.38834397,-69.11205553,394.6251833
-7.828251865,-70.91409836,162.9598816
-10.72350375,-69.39519946,130.6839081
-10.16056726,-68.16156648,223.7796973
-7.484190701,-73.69783703,158.6517717
-8.504565435,-71.26735589,216.6758189
-9.775900934,-71.34690468,262.5913383
-8.087783269,-71.3493163,193.8966938
-8.572065488,-70.07284857,205.3779331
-10.19806434,-69.29827806,302.070421
-9.487598508,-69.13479468,231.7811362
-10.05378967,-70.48295059,286.112262
-9.369066916,-70.40990513,197.4928937
-9.207303325,-70.44731014,224.3761917
-9.091131017,-71.70862308,209.9715544
-7.847071442,-70.55644516,305.7896052
-8.867324172,-72.96015642,321.6102741
-10.9717349,-70.27803779,259.324296
-10.49448569,-69.22563246,146.7103676
-9.385144873,-72.60434724,243.6179623
-7.882245658,-70.53832374,273.8738905
-10.19144935,-68.1054698,153.9070079
-9.471124046,-70.3583151,158.013816
-9.111638525,-72.0958345,215.1852076
-7.945405748,-72.50942037,177.390986
-7.879259338,-71.38453067,226.8008316
-9.988879119,-69.02313354,36.34534021
-10.05728574,-69.46210114,153.713594
-8.942808073,-69.04743546,42.94747693
-8.435399391,-71.65503095,160.5923919
-9.690095469,-70.1342592,262.7194244
-9.300252353,-68.75299207,139.799975
-10.01440673,-68.39312133,141.864974
-9.796282089,-68.23280668,147.6243564
-10.62164561,-70.0050208,161.1350684
-10.30596881,-69.04433687,138.1697424
-8.651069338,-73.01453281,286.3472591
-9.921095964,-69.84647206,145.5905688
-7.983008651,-73.60884417,397.1307219
-10.06095242,-68.39587512,180.772828
-8.387411704,-70.14611376,222.6626081
-8.379133648,-72.54303503,212.2309126
-8.807560217,-72.01033191,318.3921521
-9.781049432,-71.26303719,168.9122674
-10.27124057,-68.02889186,143.9568852
-9.242143644,-71.85371094,150.1372758
-9.102735843,-71.74480053,155.9371462
-10.58646545,-68.84371799,234.5160262
-9.524445214,-70.29156107,119.1723592
-8.926336797,-70.24259989,302.7974725
-10.43739727,-70.24840912,174.4463606
-10.44478873,-68.91745454,156.2189748
-9.328370692,-68.09690255,50.6242593
-9.597502473,-71.46772333,354.2600619
-7.981458711,-73.46343995,253.8315384
-8.337784765,-69.83564644,217.5019578
-8.346607551,-69.48107968,186.4090224
-7.997138079,-73.46095161,408.2338349
-7.968500156,-73.47513006,240.2263195
-8.578840674,-73.1699605,394.0051156
-10.57711202,-68.77685509,263.389341
-8.787417243,-70.72539627,186.6205791
-8.990184478,-71.63501552,238.1547107
-9.811078288,-71.21309808,183.6315005
-8.292258291,-72.80366758,145.9793572
-7.390687611,-73.67191025,109.7956857
-8.792429737,-71.51195601,295.5532523
-8.168880024,-72.68579074,256.3062949
-8.495546718,-70.49445481,252.2690464
-9.282931839,-72.5230713,289.0728709
-10.63080808,-69.52134021,198.0086766
-8.556081309,-71.60559473,249.1428785
-10.52613184,-69.54762868,274.4130395
-9.712070236,-70.18176129,181.3726742
-9.932355331,-69.48240684,126.7796925
-9.402458588,-72.53558358,286.1342763
-7.577886965,-72.91989437,156.5744462
-8.699338117,-69.19811777,25.24416498
-10.4534536,-69.50164766,180.9762322
-10.9559942,-70.4190621,234.628488
-9.846306704,-70.08326779,186.7551908
-10.07221155,-69.25102421,149.3976117
-8.74719511,-72.06104887,188.8425589
-7.98564816,-73.46647167,238.362388
-7.698793496,-73.76334098,236.741644
-9.157169503,-72.43110951,306.0892032
-8.63280261,-69.36885134,143.6978911
-10.24726661,-69.78140837,378.0967474
-9.132298087,-72.73309396,163.5802645
-9.395257789,-68.9691214,216.042177
-10.92010337,-68.6980926,167.5926852
-8.068252837,-72.60567245,169.367636
-8.195019905,-72.47330712,205.4493448
-7.800067736,-72.76947454,166.9622391
-8.794572735,-70.26679237,362.5765032
-9.36138523,-72.60605072,238.0820573
-9.63669414,-71.0363228,236.2072983
-10.01101999,-69.93406903,263.8787868
-10.13192471,-69.2950383,108.4960302
-7.802381749,-70.97562222,160.5248264
-9.090191034,-72.78747891,193.8937763
-10.17213367,-68.5515656,119.8260836
-10.93722163,-68.71940531,182.8591615
-8.352559762,-69.85369309,129.1001456
-9.715010729,-70.17355795,181.0747592
-8.431559605,-72.58814379,205.0939571
-10.19636284,-70.49902642,187.4332101
-8.36533375,-69.9822753,312.4017687
-8.757538784,-73.01317274,145.9909005
-7.796924336,-70.60001616,136.8776571
-10.27163839,-67.07885076,118.1531923
-9.787507517,-69.36864032,138.5373823
-9.552377626,-68.00144221,90.45819681
-8.368202367,-69.99875918,252.9957534
-7.543294069,-72.91451422,276.9133063
-8.500116843,-72.26870883,348.0235048
-10.22933113,-68.54450242,111.7802402
-8.079564458,-73.49985335,200.8801733
-10.66310585,-68.88844667,201.7359808
-9.144872458,-70.57088928,251.7415226
-8.549446941,-72.02064307,228.610624
-7.752190241,-71.58116143,222.0848978
-9.232647561,-70.74052752,185.720786
-8.671340971,-72.1206531,277.0794319
-9.4345479,-70.86676452,336.2856534
-10.72771303,-69.4497695,313.0924261
-9.31536441,-71.64638468,187.8402273
-8.845440933,-70.26333084,228.9432362
-10.23348635,-70.52637593,393.5285349
-10.66508733,-68.84913567,337.8615756
-9.630997982,-69.299698,227.7580093
-10.71347934,-68.83983236,238.2810494
-8.89449047,-69.0449382,15.02622119
-9.317915866,-69.8951125,28.36565793
-7.80464872,-72.09178562,133.7453387
-7.817364124,-71.53840892,371.0309131
-10.61710087,-70.08437354,38.78968896
-9.358769104,-68.39054069,266.616594
-8.597725706,-71.34200215,203.236207
-9.197639829,-71.66914113,198.4462374
-8.327340163,-71.85220179,224.9371923
-8.356606289,-72.85031497,165.166356
-9.614638715,-71.45517953,337.1425236
-9.833514394,-69.81714761,107.6971105
-10.74981219,-70.56535209,162.3745239
-9.779424942,-68.14667985,200.8815591
-9.448559271,-68.00057329,110.3721208
-9.433411147,-72.60422883,405.114659
-9.888676645,-70.03542424,135.5774775
-10.65051378,-68.69225528,158.2027232
-8.250471279,-72.37993374,151.6641
-8.096323028,-71.23720944,214.601715
-9.729791937,-67.84630897,326.7409964
-8.672531813,-69.2066479,169.9119257
-8.921436933,-72.94505827,260.2897265
-9.305017725,-70.67425547,185.8731749
-10.11209097,-68.65120857,149.0370936
-8.080044977,-71.92408944,202.0218715
-10.45614121,-69.20432537,335.4827663
-8.324435678,-73.32584947,167.3219466
-8.279585601,-72.75906314,27.77969313
-8.308991288,-70.63004097,304.2697547
-9.628080096,-69.30183737,130.0866788
-9.955098664,-68.80707862,182.2691759
-7.881680218,-72.14064211,131.0003039
-8.391437803,-73.31280837,189.124161
-10.84386162,-70.46866037,298.918218
-8.618524178,-71.51520408,280.4435217
-8.501152418,-71.29307184,176.4748873
-8.825144409,-72.22127313,209.3702702
-9.234203394,-69.80746744,313.0054777
-8.388896536,-71.91103869,200.1358897
-10.51635658,-70.27801387,333.623626
-9.430279555,-70.92947398,127.3566286
-10.87437978,-68.74367154,177.5659435
-9.007189976,-70.5750289,144.1324432
-9.49464267,-68.65059093,325.7062304
-9.948202874,-66.63913716,147.0972484
-9.320712821,-69.53414331,158.1656813
-9.378540888,-68.68480412,101.6768519
-7.865077751,-72.11320186,277.2498486
-7.410316426,-73.85971771,293.2735496
-10.40373517,-68.86624678,275.6980779
-9.765017149,-68.16480997,222.2030181
-9.179368476,-72.43286566,198.4160605
-9.108273496,-70.60043782,248.0991828
-8.955749794,-71.93022638,240.345881
-8.479437716,-70.94269587,397.2986381
-8.533125412,-71.41112535,372.840752
-10.68150095,-69.4773204,282.2593412
-8.431984621,-70.16111383,130.0056526
-8.973927383,-71.87016329,204.1602463
-8.483488687,-70.08904044,166.6985774
-7.356617226,-73.64038512,141.365753
-8.303033827,-71.82764965,390.5720171
-10.18119148,-69.53156927,340.8726669
-9.254052987,-69.37190782,61.68527134
-9.139018133,-70.00434696,158.985608
-8.379102867,-73.35188235,159.6939433
-7.813091358,-70.76613338,337.8655527
-9.465539062,-69.9695729,381.6272805
-9.872758579,-69.83894927,322.7495141
-9.332969382,-68.08527308,220.732432
-8.281927001,-71.82642306,168.4065265
-8.328030648,-69.84937665,105.8924858
-8.67391222,-70.80803863,211.4362565
-7.869038299,-73.37512428,230.2542735
-9.968367555,-69.89559994,299.9914449
-8.482391096,-72.22797004,246.1982699
-8.000488529,-73.45673591,263.9956985
-9.49856896,-70.96369744,124.5980964
-8.589341313,-70.02569092,186.4934758
-8.54760288,-72.96078769,140.1945597
-8.827884904,-72.20455531,210.9370876
-9.8160994,-69.01738348,204.0027478
-10.07929552,-67.54429619,63.68614548
-7.713454199,-73.75276868,128.0086715
-10.26579795,-68.08402352,157.9172459
-9.5190566,-70.81649447,249.7834609
-9.783482287,-68.17099225,101.1749062
-8.597139889,-70.39915548,200.8347073
-10.44000806,-70.26399766,159.8214764
-8.337471761,-70.58122791,13.82482283
-9.605950316,-69.66707094,193.8704834
-8.389432099,-71.20466592,301.2444689
-8.020528663,-71.43098992,257.2712598
-10.17168026,-68.89587097,200.1246686
-8.75952397,-70.30254545,273.3246285
-8.367166563,-69.96932182,217.0665082
-10.12340636,-69.3171992,178.2476904
-10.26324292,-67.45397043,140.48303
-9.335975916,-72.61799052,227.1276821
-9.289949633,-70.78992185,187.2673606
-8.189237052,-71.4594017,190.2372563
-9.541556989,-67.64429246,163.6030211
-9.929628106,-68.7671649,401.8755921
-9.882063771,-70.25318408,126.9181302
-9.260773327,-70.40149461,155.9672512
-10.00887274,-68.43125198,14.53977673
-7.957968873,-72.63395704,206.4818967
-9.131979865,-70.00276997,367.4469726
-10.22836228,-67.74685044,108.2818097
-10.98754191,-70.14260429,189.203649
-9.427091541,-69.44914281,274.7785603
-8.929828252,-72.92341727,91.73414361
-10.15775374,-68.44607705,152.4025288
-10.82759222,-69.0289293,130.189965
-8.095358056,-72.63244566,248.2041152
-8.899687461,-72.35739573,267.0813904
-10.89087439,-69.06213548,56.64095552
-8.400581263,-72.27755466,209.1467723
-9.933595491,-69.34192484,100.9958424
-7.203554637,-73.70357446,279.531928
-10.54146716,-68.9671473,172.3159835
-9.204229149,-70.62137212,176.9581447
-8.082583915,-72.58804121,225.6528511
-8.879900656,-70.77367211,133.6343261
-8.752703896,-70.3835243,235.3928327
-9.40727626,-72.97634426,171.2868009
-9.640030479,-68.52748995,264.2207552
-10.40239845,-70.23627402,321.0313456
-9.015524121,-71.66766246,330.1158862
-8.787725396,-71.88084153,162.9147301
-10.19369218,-70.41382743,376.3150148
-9.483381455,-69.40794649,268.1637163
-8.823480693,-71.89968032,191.0689256
-9.888007873,-71.17450326,210.0273086
-8.252225496,-71.51203391,229.8532232
-9.78172083,-71.2857428,396.4490874
-8.335560456,-70.61742248,185.6513385
-10.90063083,-69.8844218,180.4146161
-10.3277639,-69.13640662,111.9172947
-8.423493041,-69.53507439,275.577103
-7.439315549,-73.03000995,246.6557969
-8.538278925,-71.99840992,243.8540473
-10.31454543,-70.32482941,290.7320088
-8.304683375,-72.46120285,285.0474422
-8.455874908,-72.63408015,228.0294531
-8.746486838,-70.88749024,338.5385192
-8.458547013,-73.39528288,374.9199673
-8.150640605,-72.68009185,147.8718121
-9.313538016,-71.01498154,15.25369316
-10.05057192,-68.62678754,318.8142808
-10.1788424,-70.50747859,158.4884252
-9.911100898,-71.25918928,229.2659717
-7.871454316,-73.36997263,140.2684964
-10.88735674,-69.52380535,66.72650125
-9.753576409,-68.97147547,138.2414669
-10.09032477,-69.23386226,214.1413946
-10.48883599,-67.89610856,194.5705266
-9.453400433,-72.00120016,183.3883863
-9.480148182,-69.00219358,241.5215927
-10.31283815,-69.08497479,194.5795122
-8.553236521,-71.34445678,332.0585686
-7.956891549,-73.59433367,255.0532971
-10.07063093,-69.97102128,186.395042
-9.251691806,-68.31216578,380.1085456
-9.607593715,-71.02964034,142.9136581
-8.346460668,-71.3109211,210.5349803
-8.685526073,-72.74491,279.734706
-9.32491224,-71.66736566,258.6634299
-8.282498568,-70.29031171,310.5056833
-10.68445492,-69.34530763,387.5839218
-7.536098593,-73.1489355,196.0352833
-10.08433196,-68.14274111,212.3940351
-8.017243842,-73.47551665,178.5095986
-8.887469577,-69.85455682,113.3296387
-8.57849064,-70.12272957,161.1296707
-8.983735645,-70.55887214,366.5423047
-7.704174437,-71.48821767,404.51346
-9.179519939,-71.91068872,232.4680633
-8.71459263,-71.45202208,166.997474
-8.257058247,-70.6575368,251.1008652
-10.01718865,-70.35255646,56.99471844
-7.895182624,-73.00827142,211.7584696
-9.448487636,-69.40592218,269.4027756
-8.67325369,-73.03060214,75.91231197
-10.21915141,-69.58145254,185.9663597
-9.046666559,-69.24092911,126.1289032
-8.602554423,-70.05062679,157.5083617
-8.715580009,-69.92614086,196.1185924
-8.193153808,-71.86905121,224.2026226
-8.523373451,-70.48091092,147.0954006
-8.631749573,-72.05241475,303.8210234
-10.03419062,-70.35801558,353.1050559
-8.583691197,-71.58552986,394.8268591
-9.52653078,-68.02800842,236.3689221
-9.500192503,-67.95616511,44.93643273
-10.24193401,-67.12926031,161.2782184
-9.445674056,-69.42185095,268.9238051
-9.067903006,-69.99373633,263.2041883
-10.97378533,-70.2725104,140.0480396
-10.71979942,-70.4503622,200.8886833
-8.076110574,-72.55283679,221.7506559
-8.010556338,-73.06332506,160.6535545
-8.672609232,-72.0731597,212.7807146
-9.006377887,-70.58284329,166.8485492
-8.201828906,-73.20895266,245.7061297
-9.864072726,-70.60452264,245.6400184
-8.463606967,-71.38169906,213.2017907
-9.841543098,-71.2014447,192.0762387
-9.045963922,-69.96713307,258.1174663
-9.771447985,-69.73656233,211.8280989
-10.10078347,-70.43707621,233.1368078
-8.619024241,-72.08439682,184.164483
-8.993567176,-70.70736012,366.755591
-7.988578959,-73.46859235,169.558435
-10.41308303,-69.56187498,206.6336703
-10.21751606,-69.79327788,185.5225415
-9.820891572,-69.02846729,162.2110593
-9.846906688,-68.22491654,13.86368783
-8.059431597,-73.50892678,222.7710149
-9.134461829,-70.02911367,282.4659595
-8.628449041,-72.14082922,115.8020191
-8.382880745,-71.30885792,229.0318468
-8.080821294,-73.50076395,280.0184379
-8.983784638,-70.14573429,336.1500162
-9.425194787,-70.40840593,186.0205365
-8.501356613,-69.28709513,258.4268779
-8.299360459,-72.73090786,29.91274386
-8.202022328,-71.08934645,157.981068
-10.196524,-67.48632497,39.1714881
-9.800946765,-69.7931951,128.6877254
-10.70830398,-68.74913722,219.0283513
-10.17221893,-68.70259305,179.7427216
-8.228142293,-73.26301839,242.551805
-10.57719501,-68.80810168,186.6857624
-10.04114515,-69.96285636,160.5302328
-10.16153364,-68.90975086,163.7987158
-8.592242109,-72.02603303,193.3865682
-10.516966,-69.77936588,166.6650093
-8.843710935,-70.44241391,195.6912445
-8.484587548,-71.3899617,175.8893188
-8.946751163,-70.42633324,319.5129451
-7.870758545,-71.21521792,199.7859315
-9.149320618,-72.12332186,322.1953308
-9.290877874,-68.88518858,272.7004303
-8.240050279,-69.7435933,150.8369047
-7.519800141,-72.91507172,163.9296932
-9.926184849,-69.09022259,241.0277517
-7.99612103,-73.47404876,343.9962285
-9.401516013,-70.75197935,144.4644125
-8.713443433,-70.92790725,244.9308217
-7.966934722,-73.4460931,248.7446552
-9.306341596,-71.63394617,368.1134782
-10.92623729,-70.60338597,195.6497677
-8.861060369,-69.53506823,88.5086894
-7.902050249,-73.08160666,159.1252236
-9.339681415,-71.0408128,284.358244
-8.56132981,-72.04973395,199.6584992
-10.48566541,-69.45636365,190.2903588
-10.36766063,-70.16828321,207.3768513
-9.608455335,-69.66524226,187.0208233
-7.71052068,-72.85336254,179.8389143
-8.124501342,-71.20702401,223.1870211
-7.60138962,-72.86612141,189.1720162
-8.895647254,-72.35358932,170.2141598
-10.11593413,-69.49820952,218.1291219
-7.782644499,-72.91240056,188.6644241
-10.66894656,-68.80229618,354.5882716
-9.205785976,-69.5759613,220.4838432
-7.830752135,-70.92287029,216.0382897
-9.27029477,-70.38973569,273.8607026
-8.591040112,-70.96642189,221.7448998
-10.23979726,-69.20812935,114.8463592
-8.201900472,-73.22336622,279.5035745
-9.547480518,-71.41756274,330.4534888
-9.825572401,-69.2770783,282.0763709
-11.00431983,-70.13273415,270.8176639
-8.709465834,-69.71410197,224.1267627
-9.036160499,-68.97930433,307.6159167
-8.607415343,-72.04871493,358.3800309
-8.270007827,-72.44556581,216.3742004
-9.148007535,-71.74320101,215.6925253
-8.829466216,-69.85797046,353.0590875
-8.15934343,-71.42425548,190.9202986
-8.665144481,-73.06726711,162.0816337
-10.44278864,-69.65389572,337.969715
-7.781466907,-71.45535462,269.9175741
-10.67060478,-69.45191215,268.8267744
-10.39310056,-69.45704487,182.2932306
-9.080665485,-70.53308868,62.00529926
-10.34030291,-69.57052349,184.7385533
-10.6980723,-69.38340305,272.7188553
-10.69129321,-69.93018713,22.23539662
-9.408515043,-72.62145944,390.4946913
-8.310769287,-71.53405188,395.3335138
-10.75299301,-70.00074926,223.3335689
-10.48234767,-69.86647761,233.5753393
-9.820995654,-68.28486045,138.5015365
-10.53525268,-69.79286666,188.7897924
-8.852011561,-71.9063469,256.6459357
-9.257636657,-71.06026552,337.5289593
-8.899492465,-72.93671485,247.8145425
-8.025496287,-71.28852851,207.7302803
-8.389238769,-72.2625418,194.4406982
-8.109197805,-71.70108267,267.4552979
-9.734383456,-67.84293996,142.0172718
-7.737484505,-72.79355794,242.4077067
-7.502066974,-73.11009902,72.58593988
-8.555735842,-71.69078604,387.4453429
-9.981257235,-71.29686423,219.4778158
-9.117534518,-71.1795349,198.1619104
-8.679695693,-72.73368229,179.6220974
-7.890329138,-73.36949342,339.5603352
-9.517502575,-69.55744502,186.0193994
-9.746889024,-67.47205273,351.7815124
-8.066960252,-73.49767317,255.7093505
-9.902122175,-70.052068,133.3856452
-8.891500731,-70.25920449,196.6966326
-8.663905033,-70.39541306,164.2101103
-9.365262971,-72.56951848,351.9435694
-7.502012658,-73.91137097,234.3689151
-8.57592074,-72.0533928,200.6142225
-8.234413839,-72.44473395,178.747029
-9.151250068,-70.43678539,326.488245
-8.689774579,-72.09694492,345.4302223
-8.660185832,-70.2109632,176.2007422
-9.781168029,-69.76506279,156.7310316
-8.039618534,-73.56128288,251.6843615
-7.910670176,-72.71244821,69.17998396
-10.23106342,-69.19651386,189.5676061
-10.0329353,-70.35709051,271.2884298
-9.914100605,-71.24751519,146.6372306
-8.316427089,-71.0513517,356.1903397
-10.28231037,-69.20386124,162.6554946
-9.734417332,-70.14868789,325.4732396
-8.812846211,-71.38487713,251.8430753
-10.32539773,-70.13010416,261.4132921
-9.852502799,-71.18281422,200.3123071
-7.88717968,-72.62639014,129.9755765
-8.133624549,-73.53191169,168.1378399
-9.09581371,-70.65526807,177.4902029
-10.17497811,-70.420941,211.7598275
-8.349982013,-73.30925569,152.9833463
-10.54149315,-68.9818248,190.4734687
-8.529910304,-71.97835722,194.7457637
-8.580128648,-71.37096863,243.126923
-8.830044803,-71.64140851,130.8921604
-8.791594044,-72.1755299,341.8502726
-8.862627179,-71.95138354,300.3224658
-10.94171751,-69.08549637,130.8734036
-8.793262425,-69.11202866,220.0976299
-9.283140592,-69.41375212,26.23205762
-9.099195584,-72.79102215,113.7005083
-10.29732898,-69.14759283,158.1546266
-9.727509984,-67.80289424,30.24516465
-8.879746881,-72.24695595,172.7142527
-7.794003562,-73.3067965,172.9004536
-8.328152967,-71.08063081,200.9615253
-8.087585632,-71.38233574,269.9153043
-10.7777222,-69.44245854,179.8674956
-9.008852706,-68.96162774,52.95802572
-7.794412536,-70.60183673,143.2768693
-10.61791941,-69.86120104,363.2929678
-9.470657262,-70.90760652,213.3828679
-9.717197452,-68.92296715,336.2008183
-9.29780686,-70.5422162,204.439324
-9.843969993,-71.29690552,251.3092965
-7.961815571,-73.01004491,128.1723027
-8.665901359,-71.53225933,246.2774039
-9.005503306,-70.14658076,152.0108105
-10.32776254,-69.57980123,155.585234
-7.980701467,-70.86781094,334.9338194
-9.150228501,-69.60921889,93.90934307
-9.450497913,-69.53625325,139.524739
-9.04811584,-70.52858673,384.8909726
-7.579218445,-72.93566241,194.0866785
-8.885854282,-71.58655619,184.8332522
-7.33744514,-73.81361828,201.8862712
-9.169774339,-69.63089984,152.0964147
-8.96609935,-69.77958269,161.7154827
-9.188417534,-68.83160308,169.3496312
-8.055545149,-73.46838615,359.6124582
-7.94556026,-70.87641497,183.1440166
-10.13668436,-69.27266509,149.1138328
-7.977563219,-71.57780885,180.1199654
-9.031471416,-68.95611806,23.15240134
-10.93031041,-70.22669641,176.329635
-7.89473891,-73.35887762,178.8112271
-9.389957352,-70.29533218,233.9503592
-10.53137012,-68.70041542,26.50626662
-8.443733707,-70.15138088,216.7091048
-8.81883792,-72.97872728,209.8674347
-8.360977329,-71.72020109,216.2859466
-8.083982673,-72.29402147,250.1540885
-10.11842249,-68.90616982,104.9859218
-8.097597203,-71.01368754,218.0187863
-11.03739363,-70.31843369,297.5594668
-9.10639935,-70.03936529,126.8080857
-9.059719478,-69.99833377,282.8322825
-8.886497528,-69.0820699,136.1743751
-7.463884848,-73.67632327,137.5185049
-8.57228685,-70.44532513,179.9904772
-8.584337922,-69.60574013,134.4939103
-10.47486061,-69.04470535,138.2699003
-9.473543573,-67.71872028,367.1486987
-10.75678317,-69.41167463,131.1849588
-9.423578175,-67.92153669,113.8879138
-9.228937183,-69.332024,38.4423718
-10.89349443,-70.50532646,211.3105604
-8.753213441,-71.46866451,217.729056
-8.092734955,-72.65869553,151.2632498
-9.005494842,-70.60318868,206.4155323
-8.810577785,-72.85691765,142.4394141
-9.012607935,-69.93517506,206.1213359
-7.519350662,-73.13686468,209.4551372
-7.415756811,-73.00657746,266.1182201
-9.690495083,-72.17502233,386.4823937
-8.993912584,-69.93979641,240.9142361
-8.716793926,-70.12533982,323.9905932
-7.807464932,-72.67311294,43.52691258
-9.235296336,-70.63033153,241.7512785
-8.085808535,-72.1365831,330.837109
-9.826384861,-71.16118771,194.312757
-9.387200698,-70.28068875,183.5586178
-9.60668674,-70.78898257,254.8170246
-8.722098637,-69.16392716,32.24423301
-7.752050991,-71.02314295,244.1434078
-9.648952506,-71.37654103,188.1214506
-10.13301166,-70.48086999,198.0660099
-8.863825847,-72.23079313,213.6220973
-9.432360415,-72.53066143,146.6074016
-10.57879657,-68.78522093,118.3276953
-8.894958795,-70.39569295,196.0171936
-9.877686667,-71.17541305,140.7479281
-8.66744774,-69.38693733,128.9380733
-9.385688877,-67.96677463,138.6585553
-8.639248796,-70.93134884,125.7937593
-10.30080461,-70.12619,135.1891968
-8.732709234,-70.136921,273.7727293
-9.459140132,-70.90163325,263.7440959
-9.526886603,-67.98275908,340.2360951
-10.8071476,-69.99413115,172.2909357
-8.943780354,-70.54434459,195.6003799
-9.127974651,-71.17192391,206.2056367
-8.615876984,-72.177816,70.43974126
-8.536511728,-72.01820765,308.1513692
-8.453952674,-73.39192915,219.027258
-8.552276418,-72.24732139,174.8863789
-8.599764991,-70.17359897,184.8138472
-8.337177358,-69.9691756,191.9294115
-9.983915291,-68.82831889,122.1210021
-7.849600783,-70.9525433,328.6277606
-7.756698272,-72.88666757,256.1529493
-8.996091051,-72.28477198,404.5955902
-8.351789685,-71.29348672,272.4859982
-8.21565297,-72.47514054,288.8437347
-7.44629988,-73.89919996,290.2378335
-10.15178213,-69.26429921,259.2627842
-10.04494547,-68.6089142,143.8019105
-9.259624997,-70.73874288,191.0989276
-7.713286621,-72.19971878,120.6545526
-9.685179275,-70.21141713,218.385034
-10.09665832,-69.4764404,269.2868129
-9.712531107,-70.97994487,150.6023872
-9.559835182,-70.18262264,183.4745519
-9.934121042,-70.03509003,129.7958805
-9.31069422,-70.69217294,206.1160907
-8.831556316,-72.95254697,229.8537724
-8.743703661,-71.45217708,274.1054653
-10.37589238,-69.78778398,244.5174678
-8.6446752,-73.0524539,198.4889751
-10.48306634,-70.18348265,179.0651036
-8.145256628,-72.50271688,187.5241709
-10.00434359,-69.90043826,197.2514791
-10.17856438,-68.52834342,163.542713
-8.027663513,-72.27464263,142.8810109
-10.29417658,-70.28787877,174.5602304
-8.142384418,-72.68116576,188.1499006
-11.06196142,-68.58136978,271.0241303
-8.51171918,-72.18003637,164.6137083
-9.58043682,-68.01496543,133.9108666
-7.808850704,-70.88603989,255.994683
-9.498619889,-69.1497707,233.5187153
-7.72194243,-71.51492709,188.4781438
-9.178518097,-70.45508675,153.2038167
-9.679079566,-67.356966,10.3911284
-9.121864174,-70.033097,185.2441157
-7.309458538,-73.59294632,173.7793765
-10.13413628,-68.4743243,196.0341248
-8.446949305,-71.68480203,263.7067541
-9.427320986,-69.43526577,288.5004104
-8.737220053,-69.75247975,89.47947876
-8.700700829,-71.48353949,269.4078128
-8.051667148,-72.27066938,377.391386
-9.410461821,-69.85086382,191.1210711
-10.8109502,-68.80292112,189.8355183
-10.50988351,-69.33520644,205.1553861
-10.81203413,-70.50417426,125.749846
-8.496591118,-72.57056953,128.7582596
-9.904214194,-68.49831745,119.7455415
-10.15036981,-68.41927447,150.9747475
-7.837340424,-72.74245829,109.247579
-7.764495863,-71.48415853,400.3274951
-8.510510599,-69.58021449,115.6449583
-7.975797697,-71.29842478,266.2717592
-8.438675811,-71.59876299,400.5037795
-8.917499793,-71.6910531,213.1227902
-8.425709913,-71.13053168,198.3263123
-9.85263056,-69.78891765,220.1770244
-10.75897303,-70.52496017,186.8756923
-10.18562695,-70.06937559,153.7930469
-8.97473358,-70.13542302,187.4486426
-8.209036524,-71.48070643,165.68214
-8.680411261,-70.20417264,298.5573865
-8.20279208,-71.76181134,224.3691614
-9.294777881,-71.03988085,10.63372707
-9.162065232,-71.73945903,266.7569393
-9.911593937,-69.08032491,116.8247148
-10.43304526,-69.51870666,146.5696092
-8.021315205,-72.24177749,138.6159521
-8.559124037,-70.08227648,264.4006877
-7.517590581,-73.12858565,168.628436
-9.317844226,-69.88492146,229.9784753
-8.796757486,-72.84683744,129.5541682
-9.529099718,-68.57451113,344.3396995
-7.726870412,-72.89298696,186.6610452
-8.816196932,-70.21130564,216.219238
-9.314877665,-70.32396123,399.6735941
-8.807197685,-71.98187666,192.7934386
-10.46016699,-69.64761427,283.9325213
-10.32618226,-68.81611408,201.8613261
-10.44293229,-69.14536364,248.0995118
-9.348454124,-68.6894531,198.434615
-10.46265866,-69.89397757,50.82122509
-8.437880231,-70.14713241,103.7737239
-10.03906935,-68.12645317,78.50931486
-8.263212174,-71.21551024,209.8709275
-9.710292394,-69.20726345,202.6998083
-8.354568026,-72.32750366,257.6341033
-9.979364884,-72.11899143,285.6348832
-8.232610201,-72.41590819,168.5544341
-10.62368347,-69.04970201,174.8804599
-8.760247592,-72.17396509,192.4569521
-10.17269166,-68.68843628,183.5548891
-9.037383675,-70.6853031,187.5159143
-9.574565319,-70.12707992,141.8535351
-7.834685409,-70.94551156,183.9762672
-9.291894239,-71.62136297,386.5355734
-9.453519812,-71.56660022,389.972744
-8.897589337,-69.82951247,112.9758473
-9.295547761,-70.35461388,123.9613689
-9.975255644,-70.55093563,195.4877858
-7.18470832,-73.69002675,191.0933275
-9.984063327,-70.52292809,179.7776257
-10.18893536,-69.2388132,201.3790499
-8.15209177,-69.70089481,268.6877534
-8.768634591,-71.48048021,290.8768165
-8.489134296,-71.37915332,187.2870615
-8.151033322,-72.65830585,252.7351525
-9.696257734,-67.51377789,204.3537062
-8.401587905,-71.21348976,224.4389313
-9.833105968,-70.21019243,392.5600176
-9.052373717,-71.25065488,270.0939298
-8.6984981,-73.05586047,266.7255037
-8.16700604,-71.17627139,213.4085275
-8.932391726,-71.29788702,257.9087838
-7.979657753,-70.87523549,158.2816634
-9.020407597,-69.72615169,251.0975358
-8.058019524,-72.5993298,126.0642561
-9.503589763,-68.63752081,220.8754887
-8.080325326,-70.40958226,159.4729168
-8.055097449,-73.13755671,251.823644
-9.78634319,-68.38296362,133.1260559
-9.208846743,-69.31733627,136.1158905
-8.385097768,-72.28883965,147.8958717
-10.0983564,-70.01211982,184.2023705
-8.211120362,-69.7226063,293.2336079
-8.406179329,-72.24578449,252.5597875
-10.8627574,-70.51791578,201.8987512
-9.373594373,-69.88037528,175.8820134
-8.62523004,-72.12415914,207.2407446
-9.513160426,-70.31088144,205.1236821
-7.872849028,-73.64851905,227.9630319
-9.441182592,-69.00987967,261.4166666
-9.138973609,-69.64609272,157.1614429
-9.395148095,-69.4821203,200.042011
-8.072419551,-72.29278007,157.5525351
-10.67451309,-69.31666481,173.0431049
-10.06407403,-70.4856438,205.0303774
-10.71644079,-69.45808269,229.1919785
-9.183396071,-71.72386661,405.1203978
-7.849263816,-70.94610344,168.7346772
-9.675087253,-67.8526526,128.9920932
-9.304933043,-71.59508477,192.5763905
-8.06850301,-70.82097674,198.812212
-10.75250946,-69.38872594,314.0626579
-9.871420325,-68.34096536,18.77735522
-7.713847685,-71.53231105,175.271729
-8.468554254,-72.25719586,356.7561122
-9.456984093,-69.14071663,193.3008703
-10.65783897,-70.59548472,127.2242292
-8.559151293,-71.00059107,185.8985164
-8.962489211,-69.01650598,118.8209451
-8.411025098,-72.57320987,22.47642121
-10.6010397,-70.37605569,153.4701637
-10.90792991,-70.56103115,215.3686145
-7.988863255,-71.28898126,333.000533
-8.258812481,-71.80461614,398.3296564
-9.000104764,-69.65029484,224.0050084
-10.36806092,-69.14717458,159.9441435
-7.920040531,-71.3716506,249.2113101
-8.401215967,-72.31695861,150.809345
-8.445019566,-70.50313789,148.6043728
-10.97818865,-70.37926693,183.1332654
-9.199750115,-69.76767386,175.2949424
-10.08021508,-68.3676208,316.8416457
-8.861138793,-69.84595177,232.1130157
-9.907989636,-71.19318489,183.1479574
-10.94584049,-69.28798395,224.5579582
-8.19694291,-73.22680438,262.8402472
-9.679720346,-71.42411619,383.2001403
-9.128781796,-71.75725459,402.3732855
-10.34520962,-67.985386,208.6911191
-8.810156234,-70.33380465,176.8908575
-7.421647624,-73.65982459,263.5375269
-10.03521277,-69.833633,187.2445252
-8.612955394,-72.15208382,90.52532042
-10.55925248,-68.80917438,232.0476921
-10.69004899,-69.33514159,283.3015518
-8.665813299,-71.51561692,194.9820936
-9.729850646,-71.35381296,128.0183972
-9.389999445,-69.86582904,185.4053198
-7.935951346,-70.52790128,253.8498953
-10.24278833,-70.0977783,324.2267254
-8.935141752,-70.72233818,215.0707538
-7.685190459,-72.01960665,120.7972875
-9.691098714,-68.49012482,174.2224373
-9.018336726,-71.82120496,205.9240133
-8.406830232,-71.69712715,222.4594209
-8.468885291,-69.90974708,181.7284748
-8.201131491,-72.45786056,184.539666
-8.740885342,-70.3675582,217.636326
-10.57458664,-68.62845812,14.21461918
-10.03154623,-68.12091241,190.4178364
-10.73576766,-69.38333722,271.2130885
-8.246274774,-69.91681195,248.6034594
-7.773612876,-70.86060751,191.2529484
-8.672086131,-71.51105479,180.0363728
-7.460885882,-73.02105714,150.5911811
-9.139445388,-69.62443902,144.3857527
-9.598889596,-69.24455342,333.4391137
-10.5126805,-69.91733751,227.156718
-8.642555535,-72.13720278,245.3813299
-10.6807585,-70.02013701,130.8067635
-10.2167718,-68.10352183,135.5144322
-8.493865311,-72.18640187,197.9974258
-9.878404501,-67.46095214,231.5196848
-7.571657658,-72.86104264,48.27797353
-8.738126438,-73.12045707,242.2591375
-9.386806405,-67.95402863,126.1577617
-10.35685575,-67.96569014,119.8712269
-8.265141481,-72.36928984,251.2344834
-8.523475461,-71.67448446,280.2032235
-9.244366548,-71.95806164,171.4194365
-8.218250484,-71.08763939,173.0568273
-8.60102254,-71.54593071,153.6931055
-8.097839605,-72.48043686,214.7831604
-10.67500702,-70.03015398,239.4369686
-9.92900973,-69.10032054,279.3218203
-8.940504288,-72.27724776,222.0397933
-8.217499967,-71.14941924,236.7923053
-9.389717368,-71.59644305,165.0671261
-9.796982641,-68.71176962,199.533584
-10.73565959,-70.46208393,272.9498615
-9.126503782,-71.15603218,221.5763022
-9.630017703,-70.82811607,202.4319664
-9.832948696,-71.15894543,213.9160907
-9.582878766,-69.59109241,176.173905
-9.933651867,-71.2040032,181.1565409
-9.895346661,-67.98172004,333.1115002
-7.966201549,-73.07333068,227.3618599
-7.263730533,-73.55994318,125.9363898
-7.864999868,-70.9682615,385.5791846
-7.932835532,-72.02403034,303.6991164
-9.092127317,-68.88734995,66.04387794
-7.895500345,-71.23313812,270.1316911
-8.078755232,-71.37241379,267.3310151
-10.70298541,-69.36633257,27.48033524
-7.660177201,-72.85374023,182.4344245
-10.75246942,-69.14500779,187.2273216
-8.296934573,-71.52400899,188.0539017
-8.827188383,-70.18447053,112.1822172
-9.25622528,-72.67630671,290.6790792
-9.279602702,-71.60918604,199.3391355
-7.94372192,-72.03973193,237.8559271
-8.938221925,-70.63213564,103.734297
-10.02219172,-70.35624078,301.5030357
-10.74842918,-70.572973,206.6463387
-8.297541686,-71.85121972,339.946966
-8.689712317,-69.20511764,176.68925
-9.837181429,-69.77755389,276.8690366
-8.263728203,-73.28886689,118.1724744
-10.56337436,-68.77376883,15.30368386
-10.46526439,-69.19742226,301.3273217
-8.720728702,-73.03997172,227.030819
-10.58487028,-68.98557602,37.00164805
-8.49079639,-69.37636878,208.1055382
-8.465144883,-72.91544814,189.8769306
-9.184342914,-71.13076602,227.2467584
-8.079508954,-73.53452823,217.4586491
-9.373551626,-70.57596887,216.3938422
-8.614607916,-72.20191795,109.1122447
-10.84323075,-68.93136153,318.5055647
-9.327572515,-70.30794568,289.7690988
-8.112841864,-73.54477943,194.8952381
-8.284741346,-70.25406338,322.579798
-8.928405985,-70.42005217,144.1898723
-9.31236955,-70.65081694,237.3010674
-10.2455826,-67.75926291,112.357431
-8.156709526,-71.72146156,124.5893718
-8.388147434,-71.35470734,250.2584348
-9.802075715,-71.30070023,137.9705872
-8.06783721,-73.53079884,200.0748619
-10.54162975,-69.54729849,125.2923709
-9.43834866,-69.44091286,325.6033107
-9.77304962,-69.23155568,293.2257053
-10.08236489,-68.60054607,283.6972713
-8.556614935,-71.32621654,341.0445222
-7.867059476,-73.39466956,174.2466141
-9.726051205,-71.31002368,220.3227605
-9.383403124,-70.43907273,122.5191529
-8.986259487,-71.85120398,220.9737865
-9.586701687,-69.68793858,259.283187
-10.84580868,-70.48408918,393.2955975
-10.19853724,-70.07226989,128.7735599
-8.472835673,-71.06330902,100.1855386
-9.611094903,-68.09699564,157.777609
-8.841370498,-69.07768228,284.3972161
-8.726817224,-71.44759584,353.9177863
-9.864040702,-70.61130678,175.418778
-9.197650397,-70.44274199,129.892062
-8.754392958,-70.24374582,221.4562662
-7.800360288,-72.93258512,133.0539593
-8.894545524,-70.7629463,185.7076089
-8.698538493,-71.43661002,268.5148942
-9.923221081,-69.33422938,172.2945295
-8.024293713,-71.42826099,187.3030695
-8.967043961,-71.27255325,210.9503886
-9.502811133,-70.32851139,204.6589939
-7.593104645,-73.1901333,154.5581575
-9.732541095,-69.59137993,132.9984539
-8.321279989,-72.32857347,345.7877061
-9.103549489,-72.38486225,289.6317294
-8.46696384,-70.12188171,10.3911284
-8.723903064,-72.12241293,365.597768
-7.66245782,-72.83997827,157.7262793
-8.23963154,-71.46121469,392.7406692
-9.927752179,-70.60949489,140.6943174
-10.32610025,-69.40023007,387.9526989
-9.20495429,-72.10642806,320.2917986
-8.842755223,-71.95594696,186.5369528
-8.942515077,-70.63381804,201.8272617
-10.7622944,-69.43103395,298.3675508
-10.46222448,-69.07759899,200.15016
-9.330638868,-72.57690191,151.9744167
-8.412166047,-69.90395058,179.5623306
-8.218664188,-71.08794123,404.7704805
-8.903809494,-71.68800314,213.6910867
-8.624989829,-71.36178011,405.1253729
-10.25382371,-68.59817417,204.4702774
-10.29109681,-68.59004153,239.1004498
-8.712712251,-72.02289293,127.5515303
-9.745427238,-67.87163975,14.13700844
-9.214727354,-72.11051594,53.14403675
-9.92579993,-71.26330084,295.3066397
-7.8735707,-73.35736947,164.4662622
-7.890260727,-72.97618197,240.64485
-10.027917,-70.50194334,201.4064093
-10.64673725,-70.61487482,231.9876819
-10.89556515,-69.8495456,32.96951173
-9.287210708,-72.61983159,167.1475866
-10.55170199,-67.7397286,169.7510281
-8.494406544,-71.95942405,281.5518168
-8.644104963,-70.05821006,246.8275545
-9.046664538,-70.54628174,196.2509253
-7.881825568,-72.10109277,144.208531
-8.203573212,-73.22457867,174.8870053
-8.505825442,-69.98543227,129.2975518
-9.403248642,-68.67774115,125.9233473
-10.85688505,-70.46920289,268.3833425
-8.884574089,-70.18332681,312.7592455
-10.47956277,-68.71178351,233.0222739
-9.012913614,-70.56571683,121.1510287
-9.926284067,-70.57003423,198.7527856
-9.803377381,-71.25328434,275.3711345
-8.525837858,-72.54929614,191.022681
-10.19150623,-68.88762977,165.1023
-8.070870657,-72.30586153,197.6180039
-8.934261178,-70.15827699,190.1334099
-8.576182233,-71.34760457,237.7417567
-8.497047632,-71.06229554,221.9322649
-7.712547856,-72.34840343,187.1545581
-9.791578529,-69.74409769,169.2274789
-8.380554162,-70.01435091,243.7339563
-8.246331939,-73.262645,230.1257665
-9.618315988,-68.05714698,130.8265856
-10.35565696,-69.12257891,188.9389307
-8.880978116,-71.71350432,172.5705019
-7.428116872,-72.99117835,234.6519852
-8.112212027,-71.88286866,169.7291064
-9.604154124,-71.04097025,177.8588715
-8.802827591,-71.6073484,221.4175056
-10.33692528,-69.41549786,266.6682482
-7.904603278,-72.50894594,187.8567443
-8.489618088,-71.04010815,160.1640513
-8.823646094,-69.04349888,269.9497459
-9.55992644,-67.64778543,195.6634723
-8.502997629,-69.57170159,178.3808605
-10.22479001,-68.7123883,34.41578861
-8.914264641,-70.3671581,203.9591043
-8.637822781,-69.25286646,291.5840275
-10.73588715,-70.53091232,33.22159152
-8.507411848,-69.58551094,284.8403221
-8.809249618,-70.18572285,139.6289904
-10.89800632,-70.60318763,185.2547614
-10.26303365,-70.32211291,214.0027983
-7.273108742,-73.55263108,206.1149032
-8.892038358,-70.64915797,391.9257068
-10.45901169,-69.52800483,175.7452248
-9.515613428,-70.9331946,224.8742111
-9.148251443,-70.66448426,249.4795851
-8.083943985,-73.5238337,207.1963138
-10.65077063,-68.82479052,163.9057322
-8.910040708,-70.4066573,171.9122366
-9.041364162,-70.6009229,156.1781213
-8.204646844,-73.23895335,184.8267656
-8.014840534,-71.96462695,293.2370438
-8.749273509,-71.86637282,240.21091
-8.247690219,-72.01924317,196.8037574
-8.6742052,-69.2054324,141.1065953
-10.2091189,-69.31392808,174.1635803
-8.114280027,-71.34009262,226.6568252
-8.047536733,-72.97621934,133.1179925
-9.000470728,-70.57992815,17.66986085
-9.668361282,-71.35229623,342.7273743
-7.812500663,-71.42609378,253.7376548
-8.379375115,-71.86905394,168.2041001
-7.500107466,-72.96504596,312.0596868
-7.816800825,-73.67794791,153.1873465
-8.093725336,-71.35498815,196.7335159
-9.718190538,-68.18972695,166.7476467
-10.37262025,-69.12702798,182.4969775
-10.48208616,-67.76385844,27.63589199
-8.681100338,-71.44440823,192.4516378
-9.650771529,-70.12641661,198.5689738
-9.696214407,-69.20939386,165.629634
-9.190107455,-70.54723222,144.1593435
-8.456623287,-69.51301658,218.247036
-7.705224047,-71.5202591,195.343791
-9.727078561,-69.01151112,157.9980735
-8.606609293,-72.5244312,266.0464536
-8.7038676,-71.48794239,300.3915728
-8.730045403,-73.08634759,256.369725
-9.325814285,-71.03419992,190.1879569
-7.551562066,-73.12471497,187.7736633
-9.966689354,-68.51545861,244.4172203
-10.65783132,-68.82289883,360.4751838
-7.820486065,-71.18576873,213.9983461
-10.52416822,-70.2911013,252.8399403
-7.851288816,-72.94793883,263.492964
-9.440889855,-68.65021676,139.0025505
-7.320555523,-73.57969209,187.6929226
-8.947505418,-70.18225601,122.7835144
-9.278118354,-69.4100815,25.00722419
-10.87802349,-69.31513617,394.4760178
-9.399604311,-69.47646281,180.8142639
-8.748708538,-73.04663291,401.9590456
-9.820905317,-68.68734621,179.1391658
-8.069767274,-73.53946653,398.9956254
-10.12638045,-68.65433958,214.0679862
-10.23889388,-69.24256809,193.6243816
-8.898089252,-71.32283889,251.2672756
-9.006018657,-70.30763591,194.3582841
-10.99352021,-70.39123906,286.4899752
-10.68420728,-69.92491474,167.663956
-9.788858073,-69.55000625,237.5763454
-7.757926907,-72.40281831,193.3639317
-8.077700252,-72.13236185,130.9908981
-8.576281766,-73.15503078,296.3747896
-10.9471733,-69.03725539,236.7081114
-10.10295644,-68.93912906,118.1658846
-8.405309114,-71.68802175,175.8429766
-8.142350435,-71.31971482,33.66586432
-10.08445186,-68.60207766,178.660233
-10.1654815,-69.25972251,249.9163835
-8.815335482,-70.26857613,165.2395881
-7.991960535,-72.57863937,179.3645766
-8.334961493,-71.19282063,15.71578441
-8.974759046,-72.29092702,201.1909232
-9.248291305,-72.68210917,255.6392157
-8.309274742,-69.94154993,218.8060316
-9.063186532,-70.62432425,293.3387544
-9.002091363,-71.24690692,349.6498057
-8.786124158,-70.43619528,152.1689681
-8.872688395,-69.81907799,175.1229128
-10.17393194,-68.47255189,123.2911954
-8.767082089,-68.9952049,305.2460209
-9.127245212,-69.6481368,193.4039428
-8.706130691,-69.69426006,204.4312464
-9.602348517,-70.77223697,63.84384994
-9.643257214,-70.08533922,110.2515772
-9.178941505,-70.58911123,156.9737018
-10.44887508,-69.50502127,249.368175
-10.43522013,-68.65086089,268.1077286
-8.61723839,-70.14396265,267.5783341
-8.637878602,-73.01193305,245.5126201
-9.340041892,-68.75723486,30.6529805
-7.9290574,-72.65486991,204.175737
-9.514507067,-68.8248933,184.4554214
-9.624868322,-68.51525597,218.2339749
-10.70635421,-70.03518181,204.9195307
-9.620480833,-71.37064938,188.8972563
-8.346885052,-72.28234374,145.2920738
-8.838860111,-69.07585144,163.6932449
-9.037274004,-69.64191087,12.58697935
-9.386139481,-70.38623995,202.5201709
-8.112526163,-73.14424869,260.8444526
-9.878998675,-69.91032874,13.51801521
-9.385178228,-71.00081328,121.4724014
-8.654378942,-70.01294064,373.3904867
-8.383266684,-70.15023526,297.9076272
-9.385705284,-70.41434079,131.8649934
-8.769817505,-72.15968047,332.9688179
-10.50625639,-70.14248516,313.1668628
-9.255537015,-72.5096416,206.9215739
-9.144366209,-72.15048447,225.7869244
-9.846931282,-71.18360991,294.0113207
-9.776637723,-70.10664896,262.2310426
-8.032418246,-71.3456618,386.6874314
-10.58375812,-70.34223807,265.6721394
-10.33997112,-69.38101716,401.0371969
-9.390081659,-69.44981439,250.6213041
-8.339187096,-73.32734787,148.3885389
-10.15799313,-70.01372284,83.14125089
-10.52868315,-69.57365592,195.4736717
-8.620668456,-71.49591361,323.1921537
-10.64015924,-69.98311434,210.5640822
-9.620170234,-69.67364991,148.1355391
-8.578261706,-69.27518732,106.0211713
-8.062836496,-73.54345832,296.8208147
-7.951108563,-73.03444709,264.2753199
-8.119566904,-70.37381797,305.9545041
-9.145754689,-71.79170301,166.2205649
-10.40102156,-69.11613022,249.8990816
-10.80580506,-69.9615842,274.329022
-10.04852703,-69.42637185,242.0685349
-8.70617408,-72.13464208,149.4679184
-8.220294429,-70.6774778,296.8531855
-8.263270586,-72.41709362,178.817328
-10.55643655,-69.22927142,281.4205699
-8.533093764,-70.92025824,142.8901199
-8.429589332,-72.88254319,269.4704995
-10.39826088,-69.11241003,130.5209903
-8.2650111,-70.6517823,166.2120864
-10.90696973,-70.20936705,243.1900444
-7.878256821,-71.53387054,205.2572907
-7.878308051,-71.48347265,9.943795742
-10.64203166,-69.87901692,324.0987978
-7.891428337,-73.41932624,320.655235
-8.038089876,-70.80495309,234.1855369
-9.067166304,-69.66983493,232.1087513
-10.45282449,-68.73059866,326.9132206
-10.43121217,-69.45563561,301.912281
-8.069579104,-70.40262344,236.3437096
-9.029089577,-68.82077869,273.4362778
-9.418176486,-71.51894816,132.2020366
-9.212644511,-72.10527868,211.4467704
-10.22609096,-70.08547895,125.5838603
-8.877336129,-70.48870084,122.3746657
-8.352972894,-72.482178,184.9296498
-8.804075212,-69.50734791,131.2364186
-8.997879098,-69.74260919,122.088934
-10.29152914,-69.64861816,260.092942
-8.168652281,-73.55045795,228.8079294
-8.718846875,-69.9385738,135.7468308
-10.05954096,-69.90961541,104.2198123
-8.764476393,-70.71894694,211.2353821
-7.799811293,-70.77745695,318.6996248
-8.891091371,-72.90950916,278.8901904
-9.325464763,-72.63229116,157.2995082
-10.63919143,-70.6026078,218.7007589
-10.41161964,-69.8427127,223.2099019
-10.40059392,-69.08931232,386.9538961
-9.615439918,-70.89414432,228.6406355
-9.232452235,-70.54282277,216.3383986
-8.211695167,-70.70727136,250.4010367
-8.659551739,-69.21608426,24.52655367
-9.40899737,-71.60587722,191.7185598
-8.52864075,-72.60343063,270.9120909
-8.459049746,-71.24114046,135.804497
-9.230578887,-70.76034234,135.0562113
-8.250999572,-69.90653694,277.5364257
-8.659690759,-70.05533335,177.9098249
-9.908257912,-69.10339213,222.7102612
-8.097146135,-72.31760438,270.6476547
-10.60293096,-69.40973291,308.1966736
-8.028033628,-72.56223002,204.9851577
-9.553848186,-67.97543011,134.5778063
-8.675095043,-73.03892904,344.0655082
-10.26807422,-69.60283823,284.2446679
-9.92027704,-70.59146535,46.52206225
-8.012811024,-72.25662699,171.5421887
-8.862689689,-71.38896996,186.9560516
-9.650233073,-69.66199234,151.294932
-10.30696302,-70.59535825,247.6153834
-9.223802985,-70.42847501,194.4158976
-7.999508066,-70.90785707,263.1926573
-8.108332836,-73.14121591,235.8990711
-10.55306209,-69.53854484,329.6881555
-9.283691122,-69.54762069,261.894286
-9.13855542,-72.72850965,249.8660917
-8.118023955,-71.38016687,322.5408386
-10.98503892,-70.2529126,223.9807966
-10.41119225,-68.70715317,185.3350955
-10.00412206,-68.40710408,154.7694032
-8.57208837,-71.70981374,309.3068236
-9.639438693,-69.14810461,292.1143957
-10.7007139,-70.41450674,145.1495966
-8.422866117,-71.93568245,274.1657362
-10.69305174,-68.87304758,172.0762415
-10.35868645,-69.81714999,184.1185896
-10.72200787,-69.91638588,206.740788
-10.4826151,-69.58653228,192.3135116
-8.724663049,-71.47614515,216.9548026
-9.309573258,-69.5286894,326.9834366
-10.99458681,-70.43708265,183.6712302
-9.863387029,-68.7469072,231.0250048
-8.843604931,-72.93928962,245.307508
-8.108396468,-70.83649088,24.52726028
-9.146968395,-69.9985497,109.747545
-8.575032977,-71.36029726,170.7174639
-9.57405375,-71.46130723,274.9796822
-7.946857264,-73.59043882,267.226154
-9.810968799,-68.41211443,154.3880326
-7.860472625,-72.11653314,203.8524584
-9.225825984,-68.27248972,123.5378605
-9.759525897,-68.43333474,150.0998055
-10.33854756,-68.55815033,139.0303866
-10.47824663,-70.19721354,14.68477758
-9.475534188,-67.92387494,136.7483431
-8.465315326,-71.97995711,391.4441553
-9.412001011,-70.41155301,201.0775645
-9.125868418,-70.670002,210.9059514
-10.75559405,-69.95804512,173.4843245
-8.276508702,-71.23890334,332.4262515
-8.098038091,-71.90429095,206.9416789
-10.13578157,-69.84686466,181.2593617
-8.590839737,-71.74450485,232.4958613
-8.99072945,-70.60545877,259.6278029
-9.871147878,-71.23882431,145.0431607
-9.267803692,-70.75912655,208.2563746
-9.03366471,-72.80060457,205.5299761
-9.751715697,-70.12933942,196.6807759
-8.84747313,-69.06781737,335.0064366
-9.132700998,-72.37744334,122.1681944
-8.23645422,-70.69937323,242.8182673
-7.538189202,-73.15045025,163.3849755
-10.88229541,-68.75711592,103.2912357
-7.927769593,-71.92760284,147.2275915
-9.33139867,-70.42640521,111.7671665
-8.1585103,-73.56374265,328.4924201
-9.346956064,-69.50771142,157.8406084
-9.611754071,-71.40381287,203.9973552
-8.842748618,-69.84008303,227.7484973
-10.23910685,-69.67854083,115.5939557
-7.980653328,-72.21229149,283.5697545
-8.458614741,-70.97441634,250.9256905
-10.27001126,-70.096198,397.3381644
-8.895547673,-71.95217643,166.6401726
-9.111235112,-72.37605252,151.6803623
-8.266130045,-71.78688842,209.8331055
-9.193965249,-70.41228163,183.3845222
-9.341316786,-69.45628824,225.9198047
-9.658905934,-68.9615584,169.2994967
-8.884647559,-72.91817595,170.7911079
-8.596851466,-72.02937238,332.2574077
-8.546673008,-71.42789064,195.3645538
-7.679381477,-72.87322303,271.3848704
-10.71400785,-68.91682173,163.1716588
-8.318810281,-71.29085784,203.2462549
-9.431024303,-71.54283479,175.8309206
-9.455001827,-69.15275507,127.0216254
-8.862367795,-69.08942225,17.10200734
-8.771980177,-72.18251088,335.1510899
-8.413233067,-69.8904141,403.8596456
-8.517849183,-71.68450343,213.8828084
-10.94718369,-70.37420132,183.7145819
-8.615632556,-70.0374833,203.5609186
-9.421176227,-68.39428494,296.2276485
-10.4119567,-69.43423529,188.0459116
-8.657168091,-72.48770364,159.9063887
-9.677211964,-71.36232905,204.2397951
-9.471936181,-69.76535332,208.1258342
-7.641964565,-73.27963014,167.9480955
-9.441035834,-68.98799306,248.5231306
-10.24646397,-69.2032027,120.9732954
-8.241455699,-69.9066949,199.5295113
-10.32272332,-69.14688942,140.0346917
-9.87966934,-68.26265814,162.2923346
-8.026114949,-72.58982678,227.4039869
-8.817352815,-69.86676865,203.4638812
-9.34783912,-71.00113713,314.4101283
-8.94247293,-70.40211349,91.78413087
-8.953715005,-71.92149867,368.2314338
-8.54152517,-71.43834492,175.4759268
-10.03338752,-69.92224034,113.4691941
-8.589161898,-73.0192169,274.5346269
-8.802910039,-70.16677566,37.47129181
-9.869263586,-69.11111512,121.5610049
-9.418345553,-71.56439199,179.3138981
-8.86243775,-69.50010287,271.4852534
-10.09560306,-68.6528039,127.8541529
-10.10705695,-70.42568168,211.3939052
-8.970694767,-69.93341623,168.9098476
-8.447142525,-72.56466155,299.0823144
-8.786413208,-70.40077286,295.0616161
-9.893851836,-70.02494787,126.3456961
-8.862115286,-69.82534704,142.9345381
-9.784625494,-69.78121071,160.2981419
-9.672945513,-68.48001603,189.4448075
-10.53359151,-70.15626027,326.2659867
-9.666109606,-68.49165085,160.5613627
-7.325833534,-73.6047353,120.175572
-8.590544448,-72.1051053,340.7188722
-7.966822062,-73.41817811,263.3098875
-9.021922968,-70.31924149,356.5267591
-8.547684871,-70.12910197,170.3836421
-7.777151716,-73.32309415,218.5652436
-9.644524842,-70.21465713,209.8473654
-10.46459173,-67.89715428,188.3958798
-9.420207132,-68.66094988,15.1958506
-8.421476049,-73.3896766,202.3037508
-9.64783349,-68.5151503,276.4834813
-10.4964794,-69.01166565,362.2809902
-10.60171558,-68.80221637,205.7632614
-7.819143082,-71.14978204,335.8452528
-8.642088896,-71.79525654,238.3954141
-7.952936702,-72.63759765,131.8665697
-7.722388104,-72.03237286,169.0459011
-10.95260572,-70.11674851,183.1731083
-10.30654634,-68.79450672,68.28132896
-9.642828355,-69.17138927,151.8823514
-7.772429574,-70.88074483,190.3866872
-8.354842237,-72.27655048,199.3085063
-9.234873756,-70.75680892,192.3416851
-8.146705894,-73.19033767,185.2049279
-8.811212387,-69.14314528,250.2319706
-8.011136132,-73.56518247,190.2965036
-10.57218038,-68.81873325,63.64610952
-9.201970096,-70.4506131,149.570696
-8.275822066,-72.41459277,196.9805493
-9.087269433,-70.49342241,180.8972116
-9.320172957,-71.6539561,201.2341765
-8.736930875,-72.14290155,330.9479344
-9.680877591,-69.69807988,181.5953577
-8.357576485,-71.18156588,178.5038437
-10.73900751,-69.95839834,177.083325
-8.887504564,-72.91172775,166.9271003
-8.75196397,-69.9069467,201.9779188
-8.396889431,-71.92335334,168.1648486
-8.550808642,-71.02983704,170.0000518
-7.956350544,-71.27717522,204.9600227
-8.22586228,-72.40400373,279.3399069
-7.98172637,-71.99535409,273.0345249
-8.179993935,-69.84771968,373.6878261
-8.226775593,-72.01757967,277.2336561
-7.784934824,-72.8035,151.30533
-10.56891665,-68.72816791,217.5251879
-9.073424692,-70.37839092,196.2639993
-9.347596807,-72.53449712,156.475085
-9.200317555,-71.68834953,263.1816471
-8.506145058,-72.64237789,161.1911058
-10.36720905,-69.13865794,215.5333166
-9.231218686,-70.52720238,239.17346
-8.203502078,-72.41393855,242.5853342
-10.92016379,-69.30049798,130.0929164
-8.383207212,-73.34050761,176.4561078
-9.526248951,-70.88073472,151.4163263
-9.967518282,-68.05667757,82.75836147
-8.234725311,-72.02864005,192.5859834
-9.409690961,-71.6219776,123.6651955
-10.10527091,-67.21277148,200.8960068
-8.154189609,-69.70241309,276.978334
-8.513106772,-69.97022605,348.4005078
-8.736146258,-70.77250985,230.5988824
-8.656325667,-70.94653529,162.0707702
-8.924341208,-70.39625869,279.9208445
-8.138718973,-71.29478181,403.1260154
-7.831402365,-72.65578736,169.3574889
-8.058925734,-73.49848092,266.0356716
-10.95138238,-70.08644501,273.1689167
-10.45550216,-69.86084052,139.3560277
-9.95828658,-70.34502649,149.6894769
-9.387964652,-69.09016738,165.6490426
-8.368212856,-72.29453379,175.6723941
-8.466467655,-72.27628906,125.2885228
-8.576599626,-71.3479076,257.0444782
-8.032500161,-73.45167666,213.7007324
-8.667095553,-71.76481237,349.9828768
-9.355699144,-69.50131214,317.0716089
-8.213323168,-70.72270671,274.3206132
-10.29771007,-69.73416535,45.82979551
-10.534188,-68.74504086,10.3911284
-8.715346734,-71.45585017,218.9227526
-8.295845179,-71.2084422,395.5182937
-8.104591777,-71.69774004,191.9621068
-10.10155666,-68.93582352,19.99355591
-9.546169611,-70.99847577,214.2391708
-8.609867089,-70.04062501,326.2030085
-10.91268116,-68.72069002,35.83518568
-7.510367432,-73.14391319,146.9699275
-7.832459174,-71.55062586,409.7574934
-9.354343181,-68.9244847,194.2735219
-7.859546357,-71.51449164,104.8988395
-9.304427177,-72.63092782,210.4870353
-8.56031281,-72.97752142,262.499805
-8.516910853,-71.0708219,344.5677505
-8.846974383,-70.31810099,315.0878874
-9.327699949,-71.68191973,303.7249158
-9.814085993,-69.06813997,298.6586897
-10.38158092,-67.84843708,145.291608
-9.353253841,-72.05133714,327.615204
-10.23792361,-69.67257895,146.4022423
-8.919786332,-71.94624856,128.974586
-9.78093373,-67.39614962,169.3369213
-8.555205379,-70.46779705,311.7040717
-8.191830507,-71.46823912,173.5313125
-10.19490868,-68.89240211,184.5701679
-10.89081057,-70.51404421,141.3367908
-8.528371875,-71.66398808,395.0824165
-8.955540122,-70.43273252,263.255069
-10.93605891,-69.04278933,136.9058703
-10.47804558,-69.50213411,157.8785889
-7.93334471,-73.62158448,198.1803214
-9.004072961,-69.73074323,174.6377331
-10.1806378,-70.40660895,271.540108
-10.95734202,-70.37782024,216.7685052
-7.832137825,-73.34842311,195.9248038
-9.465436846,-70.25859899,236.1970657
-8.530525648,-71.05445758,183.0726972
-8.319743123,-71.52646016,260.5464622
-8.566694151,-72.19683463,205.5946828
-7.885724009,-72.71402319,194.602535
-7.932597748,-72.66332181,167.7391801
-9.442659526,-72.35196235,288.522735
-8.792936094,-72.15100497,128.2716305
-9.765968672,-70.17532613,312.934869
-9.721427076,-70.14714961,176.2434989
-8.216525008,-71.47916905,243.409938
-9.420775249,-72.51770909,155.9906487
-7.995781489,-71.32846538,173.8996069
-7.525477987,-73.93973297,247.5182175
-10.05501014,-69.35424735,266.6595431
-10.4685411,-67.75571411,158.05002
-10.8530591,-68.96008691,273.575747
-8.98805243,-71.64042378,312.6926098
-7.981390671,-73.45640923,231.1966624
-8.180172424,-71.74540338,172.1109242
-10.05145583,-69.42849657,403.2135378
-9.949131362,-68.38732358,124.2420571
-7.687424758,-73.22999327,196.6900348
-8.775763207,-70.13971084,142.8096652
-9.322081464,-69.87511982,140.7982306
-9.20393817,-69.77073128,186.8481104
-9.215073303,-71.93666054,60.86451
-9.697891539,-69.61681066,191.7104168
-8.45531254,-70.02636471,201.2727558
-10.20151908,-68.96739765,60.82933555
-9.762955486,-67.77687297,121.3882927
-8.414185441,-71.25031527,260.3426112
-8.78870562,-71.90207318,223.2001442
-9.028690732,-69.73388973,179.1547736
-8.801108107,-71.40015505,223.9628783
-9.70535166,-69.23875112,327.8885505
-8.750234864,-72.05217555,241.1432906
-10.97372005,-69.02809724,303.3296633
-9.252157129,-69.95987353,163.8996692
-8.630755953,-71.49625676,151.9067012
-9.029860403,-70.45884434,383.319585
-10.89949973,-70.21086981,141.8190697
-8.708440316,-69.41676568,153.1472878
-8.47320677,-71.97220718,346.6046637
-10.39159322,-70.24431233,108.9658726
-8.625796828,-72.05748455,193.5040926
-8.526503516,-71.9967782,211.7349493
-8.64946506,-72.03959977,174.9249756
-8.455268178,-72.30121878,321.5671426
-10.45114178,-67.947139,217.5787969
-9.331983408,-70.67950144,188.8750756
-8.009881583,-71.29011918,156.9347478
-7.812250754,-70.7655253,406.4901137
-10.32430853,-67.36830124,16.33918198
-10.45346817,-69.60816182,156.4280192
-9.642278564,-68.06030504,290.1874762
-9.865478572,-68.74844046,392.8264841
-8.924724674,-70.2625601,334.7766106
-9.809027979,-69.74994208,121.8111489
-9.681000084,-69.63587084,397.589028
-8.340372885,-69.82332046,130.1510929
-9.470262568,-71.57756845,344.7788626
-8.360075193,-71.18464192,394.5189141
-8.882498189,-69.84786685,245.2623108
-8.696684101,-70.94010443,366.2987605
-7.972302651,-72.02908732,282.4500967
-8.072145296,-73.50870712,243.3726607
-9.802806493,-68.21334416,116.7619661
-9.557068273,-67.93920134,148.5536615
-7.378887635,-73.62891308,240.5271909
-8.434598936,-71.61678475,247.1145776
-9.636451198,-69.99544515,149.068016
-8.053712469,-73.49534464,146.3812509
-8.219213721,-71.10181728,190.2244358
-8.407659521,-72.24912543,248.5689175
-8.892780313,-69.08665303,293.3614476
-10.23356138,-70.36764445,255.7741415
-8.154849583,-72.0697551,191.702614
-8.662326749,-69.69803076,279.9513361
-10.44031579,-67.90399876,231.7589263
-9.011839501,-71.67851227,253.3774245
-10.57092153,-70.34719903,202.6541408
-8.303776096,-71.52181355,212.0400154
-10.93001664,-70.57742891,258.6082643
-7.575004554,-73.15576403,203.8688784
-9.322545346,-69.86359884,150.9558308
-8.332737874,-72.32686724,145.1401707
-8.032888939,-72.60752703,180.2047103
-10.58653159,-69.50966505,149.2738323
-10.94649002,-69.05765252,152.6776111
-9.427766898,-68.66640916,187.8612012
-10.01875905,-70.38952668,160.8259803
-9.191580171,-69.58633852,128.3854059
-10.82235271,-69.33514722,27.68499224
-8.040118837,-72.2694453,128.3468464
-10.29430216,-70.59266935,247.1077073
-8.501353305,-71.0657486,240.4327895
-9.72246246,-69.57729929,276.436773
-8.170154513,-71.04561168,331.3035656
-9.227913199,-68.80599292,14.81178001
-9.122184611,-70.50273105,194.6724349
-10.27790572,-68.07507895,350.7922528
-9.943637425,-71.20692694,157.3435642
-10.39436334,-69.7106468,231.5636145
-10.32426875,-69.39127787,125.4523134
-8.692313337,-72.12456755,172.5638414
-10.63122857,-69.8710113,168.543492
-9.48547413,-70.90034477,134.682659
-9.80168779,-71.00939187,208.3565944
-9.077614763,-70.52896351,174.9636024
-8.621507003,-72.15688934,215.8996027
-7.569342548,-73.95303178,398.3797535
-10.18559519,-68.14310683,265.3737843
-8.895266786,-70.22039853,209.5887942
-9.4719194,-69.00320971,269.4895804
-9.482670376,-68.03787257,184.0863652
-9.416235391,-72.52551091,402.9484685
-9.975621767,-69.92160601,211.5507138
-9.72645442,-69.32384327,220.1080329
-8.801520974,-70.29531107,320.8650453
-8.10532657,-72.5382953,206.5049282
-8.471045741,-71.65723964,248.6839467
-10.43166683,-69.72340534,169.305908
-10.36459903,-67.99454144,275.5715323
-9.594556993,-71.00542047,231.9038609
-8.332487866,-72.29940433,184.060981
-8.056834599,-72.5668048,158.9959691
-8.910424878,-70.2309961,174.1513906
-8.273606599,-73.24689858,188.0967921
-8.547072871,-70.13527257,237.463022
-10.53117785,-69.57180437,293.904093
-10.19594657,-69.80253941,197.8976697
-8.814161689,-70.42820761,231.923415
-8.147787167,-71.39461168,392.3954537
-8.252635076,-71.4706424,201.3352394
-10.51827682,-69.59798405,160.8550429
-9.874396758,-70.0790871,205.8929647
-8.573673615,-70.98564087,139.4490284
-9.943458522,-69.86282638,186.8085376
-10.2204422,-68.11088266,224.43891
-7.772109317,-72.41956281,148.392417
-7.861647733,-70.97068199,394.9858205
-8.904950238,-71.71039618,223.6512188
-9.130922277,-72.76784499,310.8470122
-10.85196152,-69.92053572,186.987047
-10.07427825,-68.88059343,245.1662323
-10.0471235,-68.43878193,278.8837216
-7.828270737,-73.35302439,146.6039553
-10.3655396,-69.71086671,183.4020947
-8.138377698,-72.08841474,220.1869309
-8.86919792,-69.52642157,225.8378428
-8.185786155,-71.19078888,244.1185439
-8.43035739,-71.24159554,248.4432148
-8.45095931,-71.62866541,216.4184856
-10.95605338,-70.09702698,181.1061361
-10.01077066,-69.95557231,261.1498226
-8.868961909,-71.66980065,121.7729992
-10.20584232,-70.3529497,250.7898118
-7.860428107,-73.39687742,269.1804774
-10.3489528,-67.88950867,232.2306218
-10.76354789,-69.43196133,177.2237663
-7.823087948,-71.44170641,195.2038898
-9.949116094,-70.3382692,206.0737282
-9.823434274,-69.50307504,246.726298
-9.959043924,-71.25854902,385.6336448
-9.152301996,-70.47584613,183.2831946
-8.252980106,-71.80541115,197.1812153
-9.44352792,-72.61892606,227.0673059
-10.09585112,-68.91073905,251.7006806
-8.409883682,-71.59879557,262.020176
-10.11646956,-70.44762326,198.0872743
-10.7331227,-68.92366083,140.221328
-10.3119025,-70.57713675,165.305599
-7.750448629,-73.26867515,201.9199105
-10.91808373,-70.48706927,173.2721945
-9.078473323,-70.05302759,157.9824965
-8.336128644,-72.82181309,170.4455598
-9.584959792,-70.87180841,159.700043
-10.01182544,-70.37773413,148.9225352
-10.67232956,-70.01960846,161.4060574
-8.504075631,-69.97716684,186.1372088
-10.53803406,-68.9436085,183.6644104
-9.970498428,-69.90421948,179.5574585
-10.42872833,-68.88471618,173.0241688
-9.370123136,-68.12038078,279.3902539
-8.093273641,-72.62391002,190.7420329
-8.564581166,-72.63594306,138.7276166
-9.512622085,-69.53960545,169.260877
-9.291811772,-70.36718573,85.70812137
-8.464254982,-73.23656851,265.2839916
-9.00433155,-69.75804093,291.170483
-10.18283924,-69.818839,327.472911
-8.350264201,-71.87602081,179.6124786
-8.497591103,-69.32732296,15.32816281
-7.980811453,-71.30833339,131.5914793
-10.92299928,-70.61466238,120.4512951
-10.46850805,-69.03912634,183.9441305
-9.472586652,-71.5058956,395.5633126
-10.37748318,-69.54304878,139.8675086
-9.856488801,-69.32107735,186.4619246
-9.003904511,-72.28349562,364.4804761
-8.916838164,-70.63108726,237.8860874
-8.957628356,-69.7993574,154.7172347
-10.03577288,-68.24681894,274.4065134
-8.410682795,-73.29884099,160.3048046
-10.08766747,-69.87119184,249.6509667
-8.810489359,-72.98481341,279.3534636
-8.790364406,-70.8489533,169.4931931
-9.988426996,-68.85952424,168.7285032
-9.039087376,-69.66494104,240.8496183
-8.876321171,-72.23281182,118.5631954
-8.696656758,-72.06228394,145.3127076
-10.99457977,-70.26700948,145.0418836
-10.8070524,-69.17834675,143.0481494
-9.074001765,-71.75287975,167.9160406
-8.622769127,-72.00596411,222.3208376
-8.650882079,-71.75991684,388.5103215
-9.540509587,-69.57430293,114.5248206
-8.479577529,-69.56829973,345.9772944
-10.18417741,-67.4671009,127.2738118
-9.629877642,-71.0097516,214.5150387
-9.305318567,-68.91038933,292.9422365
-10.6610093,-70.06204009,250.3154727
-8.764202794,-69.1508023,148.8738662
-8.404967673,-69.89173072,38.2022734
-9.162885217,-72.73444498,404.5681729
-9.407633515,-67.95502932,190.604769
-8.454290084,-71.09335396,269.265623
-9.496753126,-70.0134259,334.3531074
-9.346902037,-69.06017084,124.4226531
-9.3206058,-71.57921381,229.2808636
-10.27455088,-67.0767055,154.6799329
-9.905275824,-71.2620874,230.3824604
-10.25027957,-70.52426689,245.8162661
-8.639128443,-72.06012631,364.5082536
-8.893899547,-70.38117036,189.1453577
-10.55585451,-68.7610796,123.082354
-8.363719966,-72.36097703,235.8037774
-9.563589795,-70.29061823,327.7339576
-8.724574574,-70.76433996,149.8256703
-8.980761068,-69.58638498,266.2143823
-10.96141543,-70.41504411,308.2489896
-9.416235442,-67.92981805,140.5162609
-8.218393103,-72.04046307,213.8306374
-8.42051964,-70.96922633,230.0026478
-8.678954661,-71.79442587,206.293054
-10.63878035,-68.8467424,116.9206132
-8.655341657,-70.35693085,206.8073857
-9.987911574,-69.1512281,147.8554545
-10.0719907,-70.50341024,152.9689397
-10.17767679,-69.23586745,207.4294036
-8.166746077,-73.19786551,177.7527663
-7.521565797,-73.940022,221.8499137
-9.520908015,-68.03810381,141.7385492
-9.274772036,-70.62329942,195.7184279
-9.741672812,-70.12565293,170.5693458
-8.134881761,-72.34496162,233.3782895
-10.47509883,-69.52440324,140.5708182
-8.68268862,-69.95745095,114.6026791
-10.16177724,-69.25873074,193.2810027
-9.703376388,-71.30322337,129.5390893
-10.43469357,-69.75412976,240.2193912
-9.55135564,-69.56107635,100.3790195
-9.650861694,-71.41173253,157.3657756
-8.1417701,-69.82733472,334.0880691
-7.584816668,-73.15563664,182.6075813
-10.58349024,-69.27055591,38.06538504
-9.917404987,-70.04737898,311.1072221
-7.575792465,-72.92140827,181.5299582
-8.936912868,-71.28333991,229.7082239
-7.74252863,-72.37495315,152.3951955
-9.660811975,-69.26411473,155.8871183
-8.533002224,-73.1696637,191.5879697
-8.626580025,-69.23341644,40.58671364
-10.30178279,-69.37467321,148.5406341
-8.577311723,-72.65208987,128.6036814
-10.22650818,-70.08578701,28.95739292
-9.427933667,-72.51694896,280.6565231
-9.818691134,-68.22500095,295.4232922
-8.903505656,-72.25263975,306.7342333
-10.37379684,-70.16586365,242.3786234
-9.746438906,-68.38952888,189.3692478
-8.150061851,-73.5788021,177.7082296
-7.436587503,-73.88514258,216.0490683
-8.096181618,-73.13239135,222.1174852
-10.61025341,-70.38993485,115.5565403
-9.039417115,-68.95031732,115.4198018
-8.415214648,-71.13812707,300.6931127
-9.450851624,-71.50515025,251.7455292
-10.43518324,-69.09090679,217.7381428
-9.796148827,-68.7111556,155.4202188
-9.408372031,-70.85464656,262.9254363
-8.297973743,-72.45633661,158.8750201
-10.70772298,-70.42698231,191.3440748
-8.751034746,-70.26257389,249.0654887
-8.214490828,-71.85354361,397.7075817
-9.582008279,-67.6043043,15.28627518
-8.637984249,-70.18768717,279.3091372
-8.35510746,-71.30287274,386.6750104
-9.798439159,-69.51471354,134.3715487
-8.112020413,-71.68193695,389.027899
-7.655730222,-72.01909487,107.0589023
-8.146043083,-70.81380093,10.90780309
-10.12042039,-69.21936229,245.2823031
-9.875917603,-68.21755792,178.0945465
-8.899022503,-72.92025071,226.4129893
-10.08946348,-68.60575289,132.9294714
-8.835982233,-70.19088525,333.4873942
-8.511079479,-73.20248933,341.909135
-9.626340667,-71.0362249,182.0567878
-9.394385242,-69.81104816,109.8811554
-10.9581476,-69.06630285,267.2925593
-8.745234683,-70.25129056,210.3794008
-8.35406538,-73.28854637,194.5633389
-8.637506555,-69.64436457,221.2939866
-9.36365331,-71.59205944,391.0081429
-9.038937518,-69.67149121,317.4913732
-9.430963638,-70.7376284,186.4547062
-8.547823054,-69.29069574,59.61400025
-10.15426181,-70.48935414,152.0124214
-8.215736714,-72.03229109,289.9529272
-8.62699483,-72.70962363,146.2093263
-8.99037589,-69.75456137,166.7870483
-9.730390136,-71.38036465,192.1714145
-7.427384997,-73.87851282,181.076424
-8.64780207,-69.22459871,53.3733083
-10.61196731,-70.07109014,171.7829639
-9.498004355,-70.8911721,234.4679484
-7.600059643,-73.78852571,222.334096
-9.188608174,-69.58117287,37.52051479
-10.23277366,-69.56963931,193.8861777
-9.58739782,-69.10991976,43.26573643
-7.835438027,-72.94368752,239.4682205
-10.18435273,-69.23095279,184.6768775
-8.097689645,-72.57712166,164.2472226
-7.869980705,-73.63949215,158.233812
-10.43629645,-69.8679903,140.4717016
-8.206620553,-69.87439141,172.6518893
-8.514276739,-71.66059774,266.0838795
-10.18452251,-68.72539581,175.5862697
-9.49662694,-70.7927726,336.95069
-9.443927113,-68.99013809,168.6263736
-10.13993571,-68.16019005,344.14584
-8.265902413,-70.6613111,161.8809386
-8.700951602,-70.24726892,189.3691828
-10.63017119,-68.91958257,168.6170801
-9.113040692,-70.37881519,193.6372558
-8.542976674,-72.1904412,155.4390259
-8.422600659,-73.24550432,185.1073947
-10.6583316,-69.88395415,123.1295246
-8.609885132,-70.43459217,242.4896177
-8.69248743,-71.4793007,335.906816
-10.31079259,-70.3275928,343.4179865
-8.885668968,-71.68899246,203.8145971
-10.33318952,-69.41273515,254.6667571
-7.845516346,-70.91941262,329.7503675
-9.397752861,-70.95325986,160.2882873
-9.629364392,-68.07892913,266.3166057
-9.443661494,-70.78285848,144.1349316
-9.410913489,-72.31456765,272.7202737
-9.848651374,-68.21884488,161.3157724
-8.233180107,-72.47236444,248.9160088
-7.92241705,-73.44174959,186.6939126
-8.59785216,-72.6670021,192.642733
-8.352357872,-71.87754273,226.1254525
-10.47923497,-69.51342414,205.6136904
-10.00026033,-68.27291456,194.1626389
-8.048089717,-72.2752005,217.4305646
-8.862254553,-72.88121726,299.0553092
-8.49277291,-69.9270818,120.8168514
-10.6985065,-68.86222465,272.9237763
-8.923836381,-69.89170818,174.1952808
-10.59174578,-69.54366556,216.6144012
-9.639742161,-70.23484716,289.3063406
-10.70018169,-70.58539259,166.1449243
-10.93263341,-70.12293182,161.4609116
-9.031086265,-72.84068612,332.9107061
-9.921460488,-69.88873849,198.5855594
-10.67770432,-70.61880486,189.5400135
-8.30537018,-72.38208869,215.7025674
-9.793837344,-69.23231467,236.355362
-9.933459005,-69.33478664,192.6469699
-8.491712447,-69.5771172,126.6036366
-8.275896911,-73.38008606,285.1205133
-10.81538218,-69.18452308,10.3911284
-10.71661556,-69.11133334,138.2709349
-7.632913667,-72.79734709,158.6609735
-8.601740585,-72.17795815,341.3321378
-7.943526926,-72.68214891,216.4775623
-7.50427223,-72.90308073,115.3915592
-8.591910004,-71.48934737,233.0256721
-9.52529117,-69.19768675,278.0535126
-7.337957225,-73.82103426,223.9966841
-9.421837283,-71.50522476,205.5017015
-9.058680185,-71.7984252,265.3370386
-9.098289679,-68.87837242,17.20137027
-10.36982354,-69.45384151,148.6966722
-10.52111296,-68.97385256,130.9754463
-9.677864696,-69.68932264,138.5579058
-9.008223636,-70.12121208,199.6820205
-10.59748713,-69.29526948,167.8372695
-9.855745417,-72.09049962,148.6243082
-9.962421611,-68.33052787,25.34490883
-10.22774887,-68.51229047,17.762089
-9.811270348,-70.12543612,250.6906358
-10.83056193,-68.75320981,138.7108542
-10.57236112,-68.97263991,201.8384231
-10.44247551,-68.89486359,232.7611655
-10.08045625,-68.18055186,183.8789084
-9.041369737,-71.80443044,378.7445852
-8.754319456,-69.43564367,143.2053606
-9.59470362,-69.66410858,140.9034801
-8.356980396,-69.97621968,134.7945163
-10.57034562,-69.59494482,120.2682168
-9.208476304,-71.70551315,217.3634279
-9.162864447,-70.58402211,187.3759882
-8.874143186,-72.9214792,292.2115384
-10.01740416,-69.95238287,299.9082667
-7.845166624,-70.93794215,262.0409505
-9.354205737,-69.49602495,61.36150244
-9.63753038,-69.66765071,175.5616711
-8.025980118,-72.27342683,162.048514
-8.914179138,-70.16844466,221.6568975
-8.536957033,-70.10558126,320.3706752
-8.041776457,-71.39270068,176.8822708
-8.502575887,-72.00005544,291.8131253
-8.447256894,-69.90092566,223.0764049
-10.46183752,-68.89464963,331.5741306
-9.360881867,-72.29931787,151.0282626
-8.281295491,-71.15388218,343.568507
-9.873590596,-69.05963414,203.2606098
-8.77532353,-69.04317578,107.0782476
-10.37711706,-69.83777585,212.2887903
-8.963779998,-68.99888234,42.42908631
-10.38116807,-67.99225984,279.947123
-10.22584308,-68.75587618,135.9025575
-8.916769571,-72.94179761,160.0812318
-7.487661563,-72.9674164,134.1780897
-8.357405322,-73.32082352,262.4329587
-7.961510183,-72.64239198,182.9910373
-9.084691668,-72.76785193,252.0367576
-9.446541273,-69.39987607,153.4032717
-8.624327247,-72.0283066,364.0460412
-9.167598705,-71.79220537,192.1030086
-8.270079527,-71.50452206,239.7493781
-10.78318923,-68.79056759,181.9082635
-10.68688561,-70.43306379,181.3027142
-10.24662171,-69.34882347,193.0265446
-10.74475792,-68.87276657,298.1640517
-10.29255195,-70.11280166,269.3905868
-8.115505977,-71.37834118,158.4037729
-8.755591551,-71.85028212,284.4149592
-9.285704846,-68.89604285,202.5848278
-8.252833875,-73.36884306,278.2423561
-10.70192016,-69.41770095,198.6783145
-8.601621517,-73.14332506,204.7657628
-8.585417953,-72.55773867,201.8295338
-10.93413874,-70.2151814,170.9353084
-9.846947625,-68.23202984,129.6378148
-9.197479452,-72.68551465,397.8946923
-8.406402675,-72.25003956,159.8048041
-10.15258517,-70.40343961,289.2829956
-10.6005644,-69.87686118,294.7245596
-9.229481194,-69.817822,227.7998895
-8.22482187,-69.7679482,93.5177229
-10.97796333,-70.38612184,167.8251704
-8.75053115,-71.41906517,365.9258713
-9.333566887,-72.58594756,222.3028167
-8.823902494,-70.19640293,204.5108617
-8.486290501,-70.0930051,187.3556473
-9.125398243,-71.19726956,195.0016258
-9.954292963,-69.02715651,249.9950917
-10.75789737,-69.14903544,258.8041606
-9.490048724,-68.02973281,182.7929816
-10.16386724,-69.25719947,157.492864
-7.899180608,-70.8988409,125.1202344
-8.753923958,-71.87674958,197.4798611
-8.203986178,-71.44251248,364.4156102
-8.386580741,-71.03349496,379.8671955
-7.926005612,-73.00925514,224.970157
-8.905028249,-70.47999676,189.3061891
-9.464063984,-72.35347214,247.5794001
-8.167888165,-73.18434634,385.6792819
-9.484797009,-70.35824741,189.3703151
-8.798010816,-69.91553612,194.9683334
-9.007151808,-70.56521772,219.5866685
-9.425245839,-72.64079977,202.3349652
-10.1029458,-68.62267733,385.8085365
-9.114110099,-70.51546168,235.2141942
-10.41842096,-68.73318668,279.2499027
-10.61806539,-69.9667653,164.6694005
-10.86034454,-70.50846293,200.5362071
-9.129617515,-71.75664293,188.0609086
-9.434489179,-70.35743087,356.9720269
-9.989190467,-72.05913266,259.9768788
-8.141109952,-72.4314995,205.8864093
-9.145181613,-72.18837377,156.1345438
-8.823870921,-70.72706541,231.3344438
-9.132501012,-70.54810998,258.869955
-7.770028971,-71.11432131,406.5462912
-8.428978009,-72.57926248,158.958598
-9.438562995,-70.9617423,208.6442985
-8.96566663,-71.26903436,126.4819723
-8.855373343,-71.5712972,245.8383901
-8.166879515,-69.84552068,253.7290804
-8.424595658,-70.03266695,161.8831442
-10.10470206,-68.4668815,221.6813142
-10.68977654,-69.31214923,265.0049005
-9.523814756,-70.86102673,361.6327118
-10.00128564,-67.5579632,326.2243554
-9.919067401,-70.27331484,182.0977169
-8.553259612,-72.24005505,405.4560115
-10.95821937,-68.94165256,121.8297809
-8.388249975,-72.54313211,248.1170341
-10.90058316,-70.50006862,225.2131076
-9.996302376,-67.31038526,166.8335493
-8.372828008,-71.74514798,268.457874
-8.780572411,-72.44401324,136.2475996
-9.441177083,-71.50213011,174.1605177
-8.085168616,-72.63964744,37.73911583
-10.22317084,-69.56965238,108.6510905
-9.041227093,-71.70693441,256.1294912
-8.509722963,-72.26165029,248.2127729
-10.99716501,-70.15690607,153.0597666
-9.085964684,-70.64986378,270.1023586
-7.923982565,-73.04198881,190.1337146
-8.42289158,-72.85568536,22.99331321
-9.147717985,-70.03620201,172.4804575
-10.11359567,-67.20663368,222.4003768
-9.153008594,-72.41362091,218.1155175
-9.498346232,-69.96467457,263.2096889
-7.767364548,-72.88026426,227.0545222
-8.900694794,-72.91903129,270.636786
-10.57086698,-70.31139432,224.3603401
-9.206990826,-69.56774281,135.3090624
-10.92460117,-70.60925617,224.6126452
-8.405168554,-72.56895128,138.7766468
-10.62581038,-70.00811144,102.1935306
-7.955777336,-71.32253856,192.2924099
-10.85787389,-70.04649004,252.4873311
-8.194299011,-72.46719755,262.5502953
-7.501758391,-72.90489021,203.9272842
-10.48189087,-69.02246924,143.2474547
-8.850357584,-70.77758763,390.9504536
-8.360863255,-71.14458402,139.2231904
-10.58307656,-68.94312007,16.37809822
-8.725683811,-72.01345475,170.0787031
-9.529798182,-69.17981481,217.9447424
-9.945878927,-69.47122033,317.737127
-9.111208504,-70.59828798,268.1055818
-8.60270549,-71.73204689,278.2471781
-9.873899858,-69.82616754,50.05442212
-9.074052809,-70.63224263,111.2579955
-8.360422157,-70.19922105,10.3911284
-9.933140996,-69.37731785,213.5452667
-9.722089885,-71.07738812,193.476021
-7.868496715,-73.382128,188.9772615
-8.343085573,-73.31435321,172.8010334
-8.450016489,-70.02949197,317.9131726
-9.066631637,-72.24575452,176.6879339
-8.563781919,-69.60825919,180.8463923
-8.241084134,-69.77277221,334.1612234
-9.791711816,-68.68006528,161.0082161
-9.761242593,-69.56004716,186.8323724
-10.40460919,-69.64424767,166.6395097
-8.60785204,-73.1152221,360.0598372
-8.481150546,-72.26565359,227.7385377
-11.00479294,-70.38288777,192.3016533
-8.561575218,-71.01544958,298.0778539
-8.294919656,-72.77031697,262.4609337
-8.153258458,-71.88787582,261.3265044
-10.44794996,-68.74133948,267.6052539
-10.77020913,-69.98145953,204.3361267
-9.744692162,-68.33419028,242.726487
-8.233509663,-71.79491581,283.9002021
-9.66490546,-70.23282334,326.4569816
-10.14374206,-68.48139541,213.9630949
-10.87934817,-69.88323142,108.2796438
-10.48753706,-70.25669247,212.1824381
-10.28604612,-69.63742725,195.509528
-9.031962113,-70.55697943,175.7262832
-10.18747316,-69.31930257,200.7878817
-9.321698395,-70.31224295,189.495282
-8.39817461,-71.58335073,199.8345644
-10.5434827,-68.7905055,306.7976902
-10.60179151,-69.59655415,210.5339906
-10.35516236,-70.19438344,135.3919113
-8.528579185,-70.449084,164.5800148
-8.081659384,-70.77786741,167.276281
-10.71595242,-68.8796978,237.92697
-9.434585529,-72.6268661,128.6849706
-9.629941072,-68.9261558,165.5310612
-10.41401508,-69.82287123,186.7575686
-10.13876807,-69.50032817,201.8593864
-10.78376382,-69.97796265,229.0956929
-7.819212817,-73.34606552,132.2798098
-8.035346303,-70.83492701,366.8495231
-9.099468856,-70.60685624,191.0965514
-8.568084123,-72.6453931,179.2885809
-9.326584709,-71.00992635,158.0610539
-7.965562696,-73.41726847,145.8270809
-9.104268334,-70.51313145,201.5483856
-11.03250957,-70.18309252,119.3471022
-8.997348899,-72.2856877,403.8287884
-8.180089198,-71.0318831,206.5601811
-8.643686509,-69.67387975,133.8645156
-9.726869284,-69.22933069,296.2060705
-9.190706166,-71.69538534,338.4475564
-10.94571282,-70.49005734,244.3467999
-8.347332244,-69.82148909,304.9116741
-9.383928899,-72.58957179,340.5108197
-9.302250049,-71.02322662,164.4710087
-9.422560878,-71.95091878,282.0545785
-8.178070909,-72.47457564,181.1354934
-10.37793174,-69.56924876,192.9623624
-8.648367269,-71.41358902,213.6603925
-9.390204129,-69.4850609,142.1431405
-10.61933415,-70.09959375,153.3587356
-9.867769532,-68.32595492,132.7207525
-8.795888383,-69.90986344,399.601305
-9.389366583,-68.7261159,166.8510404
-9.299552086,-70.34487823,310.2808635
-8.214113595,-72.44843311,255.7764424
-10.12573781,-69.8542422,270.2590422
-8.36183046,-71.7016721,129.2588704
-8.717810632,-71.45065637,196.3528646
-9.825349789,-69.78313456,124.1244727
-9.067047432,-69.67821571,99.65537374
-9.832554749,-67.72570733,22.57009075
-10.43344583,-68.74428431,261.5328602
-9.246149774,-69.3731628,160.1136006
-10.5236898,-69.59396551,214.6995932
-10.15383601,-70.40251818,206.4777549
-7.947265294,-72.54631426,142.9630951
-8.071846781,-71.22872768,198.548618
-8.777096552,-72.02023691,199.417071
-9.052436519,-70.46102711,129.7981565
-10.5437216,-69.79162784,270.3629812
-10.36711242,-68.50410837,41.72816457
-9.505510386,-68.00410017,292.6633771
-7.669673141,-73.84573816,245.6339012
-10.68450406,-68.70262662,212.9518986
-8.511033066,-69.56992789,265.14352
-9.117792796,-71.72754906,194.2892599
-8.275320345,-71.81445682,199.9900226
-9.478744772,-68.03024958,147.2749261
-10.0553509,-68.13844546,149.592377
-8.352227283,-72.32269233,356.6306957
-8.612762047,-73.14537991,155.3766909
-7.854910508,-72.9436413,204.2004816
-8.401187915,-71.67314737,224.1996046
-8.838972163,-71.55236086,208.5595637
-9.395509166,-69.47535635,169.339137
-10.22236982,-68.56064112,304.7699632
-9.216744285,-69.96894822,228.3840306
-10.06387857,-69.26605292,170.0364412
-10.54479372,-70.15466365,133.6288476
-9.621423663,-67.92585781,189.5673901
-9.095054871,-68.88948705,101.8332254
-9.610200388,-70.8088707,155.8276072
-8.877203041,-71.71075318,106.3792584
-7.701652225,-72.84717641,231.9305388
-8.073555425,-71.34077475,402.5340007
-9.814552743,-71.06866393,192.8514102
-9.094584533,-71.21314452,319.3142073
-7.970260035,-72.6184453,132.106998
-10.83747569,-70.01658014,136.6349583
-10.78832481,-70.51473282,154.2949798
-9.879912822,-70.04187887,151.0826757
-8.150681682,-71.33009739,266.5948365
-10.28387862,-68.6203308,165.1261204
-10.39327435,-67.98327964,12.44141568
-8.373954153,-71.0426259,202.1630405
-8.474375501,-70.1809343,169.2207929
-9.687763463,-68.98270413,173.4785309
-9.03862615,-72.26615786,272.6602326
-8.680460746,-73.07942371,184.8875114
-9.842641002,-71.17315124,259.0598466
-9.714627541,-69.20322162,118.4674989
-8.541174118,-71.57824024,362.8350625
-8.41240277,-70.14679069,260.6370962
-8.989311248,-68.99696705,281.0138422
-8.925531359,-72.87280938,251.2478314
-8.573735716,-70.41622412,190.7070185
-8.113626334,-72.56558012,196.7116958
-8.36729874,-72.81538597,191.8916903
-8.711589812,-70.90628617,233.7698988
-8.773642919,-71.85648136,399.724805
-8.464104221,-71.10918667,186.2105058
-10.38105266,-68.60382463,171.1584085
-8.116298025,-71.40649248,142.6374403
-8.612661783,-72.13329197,148.2335284
-7.64933792,-73.2472572,132.8967803
-8.994606281,-70.68997414,404.8576792
-8.274784317,-72.40428394,228.5933568
-8.43204127,-71.10948469,175.8072956
-7.794523338,-72.40760482,182.005356
-10.77984758,-68.78809227,165.5285804
-7.88099967,-71.39306511,205.9837058
-7.957777068,-72.56102336,176.3746506
-8.392765454,-70.98932562,328.5995783
-8.689307873,-72.0509387,250.3899847
-7.746437047,-71.04403252,295.4381107
-9.217217568,-69.32345824,150.7668099
-9.890333092,-71.21541592,164.333856
-10.39210261,-69.54887217,125.0879523
-9.173231962,-71.12867291,336.1048132
-10.38292777,-69.43464258,170.9316893
-9.540516613,-69.36604222,205.7628356
-8.356848123,-71.71647578,151.3043633
-10.12847286,-69.32795324,132.6902468
-8.282552524,-71.15479511,290.5699313
-9.816555016,-69.16359048,185.051918
-8.327089664,-73.35289087,213.2094072
-9.163723911,-69.97956032,143.9789021
-8.378838854,-71.90373749,165.4317613
-9.553908818,-70.27441418,152.829711
-8.498650713,-72.60909171,149.0129889
-9.395898453,-70.76163804,187.4615528
-9.866541697,-71.19798362,193.6271162
-7.625208706,-73.83422527,221.8380399
-9.94008151,-69.13724009,189.1257833
-9.385595098,-68.13169415,219.4396737
-9.751018724,-68.46272241,136.7069418
-10.2997952,-67.93246954,218.5077588
-8.544974393,-72.14923167,257.1245608
-8.626745992,-73.1251246,224.8082165
-10.09745157,-69.33985697,217.4695395
-10.18890669,-68.71489891,205.9628196
-10.18632086,-68.56202037,143.9356657
-9.607824517,-70.25162208,282.3978225
-9.117006726,-72.4017912,186.8271809
-8.037944931,-71.35662578,299.2572302
-8.833708275,-72.02581093,40.35617498
-10.51725641,-68.99179816,241.9267892
-8.295460477,-72.45451278,128.9123716
-8.563538057,-71.60678984,396.3225909
-9.505414626,-70.17773766,170.8876438
-10.40099925,-69.64025455,143.7650541
-7.235947769,-73.7124229,224.1514369
-9.440053057,-69.95093567,347.7344704
-11.0258681,-70.17815541,168.7228092
-8.249878753,-71.1310529,164.3631496
-7.813998991,-71.41541256,259.0061739
-9.097316635,-70.39578016,190.4419743
-7.966928113,-70.86093292,151.4998279
-8.90608389,-72.8989961,235.0724959
-8.647188709,-72.07767979,204.9402136
-8.068255424,-70.78314198,261.154647
-8.359686419,-71.28511831,230.3699958
-7.966617813,-72.6554658,245.7760578
-9.587313824,-70.28320061,259.6835774
-10.26146909,-69.21923787,205.9325466
-9.051835265,-69.65966045,386.4497282
-9.763703621,-67.48818269,383.4399451
-8.918218198,-72.92967457,192.7353118
-9.195132379,-71.67097665,376.4385246
-9.491457637,-69.56628479,133.9633258
-7.466829682,-73.67842543,228.5791899
-10.21607121,-68.50367504,206.019071
-7.898051922,-71.34792389,341.0069451
-10.86069083,-69.91405545,319.413985
-8.497512293,-73.21904892,206.1185848
-8.890468643,-69.05225864,49.22113734
-10.23143762,-69.20300009,160.4774774
-8.110619349,-73.57810029,227.9082134
-8.043366727,-71.2427418,226.2566726
-8.163434971,-71.06138351,160.3292057
-10.62716283,-68.78570663,300.3413487
-9.268451886,-71.61070081,181.5509289
-9.617406182,-70.26113646,286.3246789
-9.819110806,-68.26263892,127.7460506
-8.180836416,-71.83316021,179.9684773
-8.838659183,-72.94737111,181.8716045
-9.403008736,-68.06227553,161.2327859
-9.526872706,-69.57866923,180.3291419
-10.16625121,-70.38210948,113.4291649
-8.585951568,-69.26298129,273.5028254
-9.654084478,-68.97222733,168.2722631
-8.960446785,-71.64799743,142.0980068
-8.20079518,-72.5024294,264.1808812
-9.604911524,-69.60031041,203.3735197
-10.46609613,-69.59210253,218.5040605
-10.95507962,-69.04312298,165.2198959
-9.486952883,-67.97252126,121.7549567
-10.97874313,-70.41386334,136.6869867
-8.102118102,-71.34891244,283.9766171
-8.975261426,-70.45421567,221.2481455
-9.379716703,-68.67583523,26.28178721
-8.827563981,-71.53052894,254.4765921
-7.224065358,-73.7182997,252.1872458
-8.753012484,-71.59221214,379.8826541
-9.690226884,-69.18541984,267.1707946
-8.81678226,-70.82975428,168.4961299
-8.504501796,-71.04687759,279.8886106
-10.66879391,-69.49324682,225.3102396
-8.88729049,-69.86198742,197.9998831
-9.944687713,-68.01795551,226.7608515
-10.44329394,-67.91287607,176.3198779
-9.277401751,-68.15410019,128.4123472
-8.365788106,-70.57851519,381.5328553
-7.613769755,-72.82406062,140.9501053
-9.614554748,-69.23458149,196.6826877
-8.20411733,-70.72938632,110.2573411
-8.770099707,-72.04876536,191.9932017
-10.49166144,-69.50778557,150.2788632
-8.71487679,-70.34153676,202.2719413
-9.302510639,-71.62022928,166.4012444
-7.155926702,-73.68993023,156.2457461
-8.829395669,-72.1704997,234.0754199
-8.435113715,-69.37267654,14.79070304
-9.625835756,-69.67622028,98.81383008
-7.857494988,-73.39475153,222.5668378
-8.018655123,-70.8570485,369.3469298
-8.279639059,-72.45729421,174.2708548
-9.121094866,-71.7694129,392.0741078
-8.452972949,-73.24476792,205.255637
-8.874784246,-70.35273632,169.8912282
-9.661150295,-70.10557197,45.10348307
-7.424222057,-73.03971737,244.4463605
-10.54848879,-68.79420007,226.8262284
-8.210380292,-69.87711277,175.8821082
-7.753726293,-71.45907039,222.7009473
-8.984720702,-70.57479245,395.9692141
-8.871979545,-72.20863825,215.7392457
-8.576572056,-70.99454602,175.3860523
-9.829364238,-68.27205251,230.9043941
-8.389667203,-71.70955682,274.0979878
-10.05953951,-69.98348325,185.7182546
-10.02175929,-68.60559012,175.5460707
-10.14544122,-68.12829574,16.49400275
-8.565855749,-70.9957283,185.4860413
-9.409175114,-69.93545227,144.0270867
-8.022280506,-73.47254495,167.6414356
-9.377242907,-72.57098881,181.1921119
-8.357024569,-72.85062018,270.5773402
-9.609803222,-72.11588547,202.8284249
-9.905610004,-71.2348612,319.2546672
-9.271909379,-69.92865813,198.508921
-10.69156588,-68.82606518,133.1322398
-8.578634751,-70.15163477,13.87974672
-9.179252058,-70.72996421,149.2025177
-8.056284949,-70.8197626,151.1951179
-8.227235902,-72.41927187,170.4251178
-8.315839813,-72.33252458,178.4694294
-9.472035217,-70.37408204,238.0158286
-10.36386513,-70.24778401,379.4714079
-8.797749021,-72.97723674,240.5646842
-10.72642411,-68.8415536,393.7916706
-8.107562972,-73.55487909,146.6585267
-9.2518082,-70.74007288,332.3386535
-10.63282207,-69.02103263,144.9308093
-9.804643984,-69.51689513,153.1864986
-8.181282344,-71.84401226,177.5106122
-10.22604212,-69.24539658,229.2730651
-10.36214143,-68.61143677,97.76493215
-8.199035398,-73.22832225,110.0500362
-8.812756409,-72.0511043,263.2513688
-7.827843761,-71.55395924,195.3216762
-9.377524471,-70.86786898,214.1637539
-8.202542467,-70.72394219,128.7111463
-10.35747357,-69.69012261,143.0101191
-8.158652606,-73.21259696,212.1189948
-9.327987391,-69.50788257,144.0468655
-9.128983818,-71.74715084,22.5774414
-8.362705124,-70.59762613,195.3352491
-9.535588333,-70.00632521,396.4961028
-9.765782891,-68.40095028,119.3864794
-10.68466127,-70.62024017,182.3956024
-8.249525413,-72.44244893,255.4852289
-8.860861628,-69.82442986,32.75730489
-9.79570841,-68.20813215,92.65068996
-7.736704231,-71.01643137,250.669574
-8.434068374,-71.59540764,387.7133896
-7.942381166,-73.42821002,297.4843298
-10.14781436,-68.95628819,156.5858809
-8.429923981,-72.27265812,176.5711551
-10.99060879,-70.43330783,165.0418415
-9.273073065,-71.82749648,294.041994
-10.42598051,-69.74765947,165.3646435
-10.78582151,-70.51287725,217.975502
-10.8952687,-70.48697673,112.3807117
-10.19448125,-68.53305656,201.864143
-10.41020661,-68.68488149,245.8885085
-10.60424398,-68.98552031,384.1470344
-9.30587018,-69.49540104,183.8334271
-9.702065734,-71.32097097,313.2216942
-9.871471448,-71.2087447,46.14920471
-9.171375818,-68.82623915,144.9270812
-8.287233482,-71.25362758,263.7372116
-8.033153873,-70.80185007,305.8393805
-7.992191722,-73.45770146,352.1732473
-9.47898157,-70.77280136,208.7139391
-8.885270483,-71.96035244,263.036327
-8.097566094,-71.8934638,163.3864483
-8.31179375,-71.85504052,185.0767906
-8.969648058,-70.70157229,237.1475046
-8.635012459,-72.08378771,250.7895326
-8.824582042,-71.39997893,269.928794
-7.965047401,-72.00073058,154.5565348
-8.519383444,-71.99160703,304.8564662
-8.987741476,-70.13615779,212.7422678
-9.212651444,-70.75437354,228.5080576
-8.524450853,-73.19277041,174.8967649
-10.91355178,-68.7335939,129.6338979
-9.40990358,-68.68957161,199.9459596
-10.81349811,-68.82032337,134.6614251
-8.13366923,-71.33260934,234.85422
-9.049796927,-70.52736347,342.8830007
-8.312238182,-71.84125208,176.0843263
-10.59935658,-70.33944162,173.1188903
-10.28607621,-70.32896091,375.3402248
-8.144573122,-72.47966594,205.5606306
-8.299312235,-71.2125,170.9520948
-8.174055788,-72.48851257,125.6265428
-9.573458239,-70.84909022,209.0891693
-7.845295907,-70.57974554,202.5072676
-8.985957401,-71.82367898,196.5138034
-10.11131003,-67.54222503,163.1291864
-10.47518092,-68.77509602,324.818734
-8.397048385,-71.32631683,208.9067274
-7.917247146,-72.62128496,132.7718008
-10.55694735,-69.83083668,123.0333734
-8.132303048,-72.43787259,223.3436126
-10.37481487,-69.10162015,299.7636162
-10.6166038,-69.99423954,125.0379956
-8.878589102,-71.96522236,393.3530901
-9.200123715,-71.8024588,226.554414
-7.760382098,-72.88214349,284.3463976
-9.778137591,-71.13307992,166.4088852
-8.130188373,-69.79032154,42.1719385
-8.719933989,-70.9166983,189.8518678
-8.448546902,-71.69024522,259.6946481
-7.856837235,-72.71156675,172.7464413
-10.42096506,-67.92491845,128.8223255
-8.791907933,-70.30230272,255.0535099
-8.415964176,-69.43714765,33.41824823
-9.133352209,-71.74642332,375.7059391
-9.432067384,-70.93263841,159.203218
-7.984443063,-71.45711296,373.4316725
-9.068773572,-71.67826492,339.9747605
-10.38541104,-68.85981537,398.7741344
-9.589968593,-71.00206349,220.9181031
-10.34004287,-69.48469465,106.0185268
-8.606790332,-71.53048716,347.7522433
-9.97283884,-68.82742139,211.5830941
-8.002520803,-72.5438205,389.4576538
-9.675769768,-70.92396963,227.8836165
-8.17636182,-69.86608763,154.0626773
-10.40836996,-69.55368381,242.5836296
-9.020009082,-69.73292959,404.4264175
-9.009973205,-69.94394479,207.5780177
-8.801070704,-72.4290984,197.5696154
-7.762062753,-72.88335534,184.5823732
-10.54709341,-70.29379926,151.6966097
-8.512992163,-72.20572408,187.5571735
-7.182789456,-73.66690182,158.7290958
-7.592563255,-72.9092783,240.4764722
-9.17473097,-68.86150092,176.5565247
-9.73041235,-71.29005191,140.183435
-9.424964676,-67.92915701,334.5198808
-8.264857634,-72.37609106,185.9660355
-10.44804109,-69.50440504,340.6573567
-8.815473454,-72.19292382,233.0804072
-8.056246368,-72.61159099,161.6158526
-7.407387566,-73.67704389,217.2441586
-9.680774805,-69.60114769,121.2822198
-8.45017351,-70.1778929,183.8211653
-9.108713189,-69.68907316,177.299478
-8.495363974,-71.98132891,269.6663043
-8.567292604,-71.72043452,243.5426124
-9.056235321,-70.59027114,256.1004591
-8.068913607,-72.13872364,110.6205044
-8.00052931,-72.56375797,260.283136
-9.612815068,-69.27057225,163.3011385
-9.449107442,-68.65082891,259.8301559
-10.15349992,-68.93200624,186.2513668
-8.41233974,-70.03747763,176.8532895
-9.172745676,-71.1177931,194.0831898
-10.38978765,-69.54374932,143.1785284
-8.794694647,-69.02940959,72.73776996
-8.598814364,-70.39794225,371.7739801
-9.943430184,-72.11017904,153.7946916
-8.900769706,-70.67103596,161.2610181
-7.253306415,-73.55937227,218.2765895
-9.093689687,-68.84682268,270.692917
-10.11543606,-69.21569483,36.39712147
-10.28024289,-68.52212131,12.61416983
-9.697407105,-68.98257157,146.6880412
-9.121315769,-70.49169488,175.2860876
-10.37444674,-68.58464216,129.0239016
-8.352217408,-71.02537041,335.4227307
-8.015360566,-71.28614879,213.8875626
-8.295672263,-73.38234331,326.788098
-9.72034476,-67.5200457,311.8099637
-8.520408916,-70.49970915,308.649307
-8.267735194,-71.22881276,217.2913739
-10.10467246,-68.63834538,265.2093356
-8.835058297,-71.99693492,145.6206473
-9.488639162,-70.94256794,187.1386188
-8.722448724,-70.24911699,18.86418846
-8.738678083,-69.72552128,162.7540111
-8.79551269,-71.4144358,233.5673626
-9.337664162,-68.06123433,287.4733202
-10.1178781,-68.95488062,120.7016549
-8.12938467,-71.88158581,168.9046189
-9.453481293,-70.3479572,261.1373288
-10.82783155,-70.5370999,191.2977863
-8.374661514,-71.5591808,169.8369057
-8.937387271,-69.76460401,53.45727287
-9.420570359,-68.97303226,222.4397953
-10.90473981,-69.81362842,128.9634478
-10.47767721,-69.02105892,223.4607431
-10.52554744,-67.85215351,160.5285897
-8.577953256,-70.07578514,244.1126255
-8.680792558,-72.13059883,151.8869901
-9.312989027,-71.86354845,217.7346981
-10.40057955,-70.19982678,67.36138522
-9.609868244,-70.06084312,393.6034767
-9.566088096,-70.14000287,167.7663369
-8.352479238,-70.58150371,205.7964964
-7.988405629,-70.88551284,241.0231355
-9.440820452,-68.04125477,188.5598631
-8.249092958,-71.10030397,25.81405417
-9.983350241,-68.0683613,184.488439
-8.422879739,-69.52409038,201.3864465
-8.622279253,-71.38109447,353.3987555
-9.352816293,-72.55966414,288.2594303
-8.735501408,-70.1176484,193.2431889
-9.108064684,-72.20531087,196.2971297
-9.051477231,-70.61578463,177.1774043
-8.085341526,-72.61817674,49.76725627
-8.67259464,-72.1432067,350.0329153
-10.34423858,-69.4060184,186.3246283
-10.10737193,-69.3224242,188.5714433
-9.729978028,-72.16899329,168.8770641
-8.165280238,-72.45816914,138.361916
-8.41355539,-71.61564438,198.8496557
-10.51925921,-67.77043131,150.1366837
-7.807141573,-72.78745109,249.5524483
-7.498361107,-72.89637915,141.8773685
-9.926160425,-70.32140811,237.5612535
-10.2435662,-70.36028539,135.9642635
-9.103048119,-68.89287409,268.9065073
-9.208911399,-68.82647116,151.2612893
-9.651498561,-69.63376661,240.3191563
-9.562467452,-68.05439467,155.3284408
-8.481785798,-72.61531389,250.4170197
-8.368824839,-71.16192448,199.9836355
-8.966900441,-70.61604904,133.3023946
-10.27491845,-68.76378569,244.8944078
-8.486270911,-71.6394783,203.8077102
-10.63848352,-70.36140736,268.3660298
-10.26662536,-69.37758699,202.6651273
-9.685559263,-72.12953425,182.2080871
-8.788426114,-72.8057177,97.2013837
-7.705886724,-71.5032635,345.0101321
-9.993268415,-69.71612259,323.7686432
-8.789216562,-72.14124933,163.4780604
-10.54608412,-69.78631603,251.4882957
-8.609851219,-70.18802729,156.782202
-10.34274546,-70.28722774,169.6555197
-8.171342158,-72.42058654,229.8240739
-10.8640968,-70.07203888,132.377875
-8.275591003,-71.1072178,12.7185803
-10.59892774,-68.66133474,203.534656
-8.550752156,-72.13400309,55.22032949
-10.41423576,-70.21052639,227.3565914
-8.688829938,-69.40961426,249.3548934
-9.369327851,-69.82937407,209.9491663
-8.592281835,-70.13276892,362.782672
-9.818678879,-68.17553769,249.8975489
-10.15801129,-70.4707607,337.2428346
-10.55300397,-68.80456163,154.6618957
-8.375041732,-71.59416336,165.9162823
-9.349701043,-72.26283977,192.4703177
-9.151873102,-72.72551033,175.0997597
-9.564267522,-70.30003604,262.7788051
-8.661222275,-70.00160226,186.3215783
-8.344910285,-71.88558827,267.7337857
-8.483346408,-72.61227545,183.2710345
-9.357189351,-71.61581825,160.096796
-9.428757262,-72.50511881,333.7942139
-10.17458763,-68.43712171,34.49607018
-10.30544171,-68.55508576,153.1872764
-8.278654289,-71.99680876,150.4175784
-7.939537037,-70.49686697,229.3600084
-10.15486536,-69.83945499,131.9543594
-7.817501275,-70.92757674,350.1600828
-9.754993148,-68.15743669,121.7349592
-8.214642244,-71.06375712,158.6653208
-9.500860049,-70.81762453,262.0066027
-7.961304768,-73.04917239,259.0558715
-10.28939619,-67.93344054,149.8624554
-7.415646193,-73.64144237,317.5597541
-7.938994265,-73.60066186,119.188316
-8.917273149,-71.94808145,164.3388397
-8.520973117,-71.40229309,212.8349101
-8.319871362,-72.45816458,189.7833845
-9.010866396,-69.92409315,173.7977308
-8.355218634,-72.80654407,319.98351
-7.92779362,-71.33310465,194.6642731
-9.686435947,-69.64863578,192.4703865
-10.4821444,-67.88419678,52.4944905
-8.858045918,-70.65750172,312.1947573
-8.303495285,-71.86248616,322.4726473
-9.00298959,-70.31966436,174.5931181
-10.18571719,-68.11981884,199.1439086
-8.407492881,-72.31240554,269.6194988
-8.256093928,-72.727538,119.8613557
-7.76441991,-71.4446735,199.6716172
-9.322542027,-72.63442972,183.036443
-10.22663382,-68.51808499,161.6949132
-9.319883523,-70.69887204,192.1929294
-10.01955838,-69.96571494,245.6868508
-8.58872022,-69.26757351,233.5983333
-8.720842011,-69.16484618,282.8510675
-9.690928935,-70.13487248,168.8887131
-9.75130293,-71.35495629,314.6170222
-8.369541725,-73.35196234,243.6841751
-8.414003745,-72.34765352,159.726895
-8.455933456,-72.90161665,189.4443315
-9.916430778,-69.36513891,245.783252
-10.07958352,-68.39588965,121.8047098
-9.125441859,-72.755036,334.21503
-10.05372168,-69.32692537,110.2304929
-10.1327862,-69.31685302,323.1985339
-9.148683776,-71.74923829,241.2943717
-7.941505178,-72.59367389,193.7014904
-10.20436599,-69.22746204,252.4759171
-7.517047077,-72.9462117,223.4884375
-7.938331832,-72.50427672,188.1358571
-10.27258754,-69.78591164,144.921341
-9.35115177,-68.09988133,234.770912
-9.24985228,-70.40946968,141.1399884
-8.610483203,-70.05457072,138.3248367
-8.377311144,-71.22351408,181.9762573
-10.46646272,-68.71938519,206.7634846
-10.55553925,-68.99184588,203.7239417
-9.502404864,-68.20350875,14.90300865
-9.298750696,-70.80352296,165.9846033
-9.407692481,-69.42093172,270.7811643
-9.430742028,-71.49204148,186.860634
-10.31811511,-69.37950686,193.7158576
-9.619074756,-68.91817798,162.3125351
-8.520827948,-73.18521932,170.5217621
-9.137166056,-71.18206667,288.9002113
-7.820814249,-70.96672363,184.7173827
-9.258073047,-69.34640837,157.3330962
-8.542184598,-72.94974893,220.3169849
-9.906424114,-67.68270757,86.20381423
-10.40650951,-69.81731765,290.2847787
-9.469306944,-68.66267637,148.0842998
-8.779796967,-69.91524546,165.6694685
-10.05819482,-69.37540304,261.6118794
-7.592268184,-73.18952899,236.3484115
-8.472441976,-72.21867236,46.51348862
-9.734379508,-71.36070605,202.8199656
-8.091035567,-73.53065204,313.6136419
-8.447574981,-71.09820999,161.2209511
-8.989730698,-69.19942086,335.2480412
-9.099897158,-69.98902009,118.0198885
-8.891280076,-70.77533128,190.1893971
-10.62511308,-70.35152944,277.9829557
-8.946100779,-71.27660841,172.2954672
-9.451031918,-68.00550917,189.2002636
-8.071247391,-70.40141145,193.4677766
-8.270338533,-71.21033953,217.5053819
-9.743341139,-67.39721641,278.4390547
-8.393909754,-70.54694383,116.4366086
-10.00998494,-69.16748058,191.8235967
-9.096951339,-70.60868648,52.18522041
-9.989011081,-68.05804788,114.5089721
-8.605066502,-69.2666623,15.07923052
-9.438917985,-70.74343866,283.947592
-10.78006971,-70.54946465,245.6489157
-9.499657828,-71.53939415,221.8275099
-10.66148089,-68.89227581,240.6203618
-8.192879634,-71.08968349,188.0796961
-8.939986027,-70.53442449,166.5472542
-10.02875076,-67.31009692,336.6193768
-9.067170745,-71.18818095,183.9024925
-7.786989581,-72.69892974,175.3804267
-10.73208553,-69.930934,190.9530089
-8.928677301,-72.27804366,185.6348318
-7.861812807,-73.36338565,171.7786332
-9.393925607,-68.41622696,243.9723967
-8.856889173,-70.79048268,232.831317
-7.862461306,-72.7473486,181.1360558
-9.774215654,-67.39803303,168.4776433
-10.16921525,-68.54941236,212.6174018
-9.297738446,-72.63579904,290.4294374
-7.956006043,-70.88569489,401.3597756
-7.943378061,-73.00769307,176.9618608
-7.626635408,-72.82768662,120.2389073
-8.072000507,-72.2924777,229.2510389
-10.73798596,-69.95977081,210.7246028
-8.322805281,-71.14941705,389.0396766
-9.389811172,-71.54979492,187.0358432
-10.3070998,-69.35675085,169.1426268
-8.376107116,-72.8217396,234.1391539
-10.53417403,-70.29851221,224.123942
-7.725723735,-73.21918437,233.3144594
-9.728141064,-71.30849242,389.0269076
-8.895461508,-70.7722766,187.6357018
-10.82032025,-68.78863129,218.367545
-8.69828551,-70.88835101,181.6757693
-7.913256604,-73.63612085,231.3739161
-9.952199842,-68.53359556,228.8422661
-10.10906282,-69.337956,172.4671435
-9.853288751,-68.439115,154.2544499
-10.90350515,-70.49789894,139.5308457
-10.30452193,-69.73925367,266.1367388
-8.477476191,-71.95424751,209.6288183
-9.924382812,-67.66277294,136.6118159
-7.963174753,-71.27497723,317.0654248
-8.512996848,-69.96282674,271.1622592
-8.251951319,-73.38058632,151.5762832
-8.183432423,-71.46216367,346.0826488
-9.37661767,-70.97328584,330.636586
-9.469205266,-69.99322575,170.6940558
-7.213160059,-73.68180124,238.4469588
-10.07093916,-69.92787688,31.37742478
-8.795930738,-70.81730065,167.8057353
-7.739555513,-71.13377338,388.3309715
-9.475956571,-71.48680144,323.920943
-10.82303552,-68.76557958,259.8825437
-9.586615199,-69.31851269,267.6458649
-9.166814548,-72.72484995,48.29650493
-9.429757905,-71.60729155,335.8044961
-10.01312172,-69.82148434,77.38547784
-9.440221855,-71.49175202,160.4280995
-7.746441146,-71.61279166,182.1539948
-9.645024005,-70.10121469,322.8073188
-9.268094922,-68.30338444,192.4078179
-9.127324735,-70.55810045,339.2437523
-9.390663758,-68.97940103,317.0939582
-9.630852977,-71.03203805,178.3229473
-9.546524763,-71.42493708,178.7715352
-10.42547553,-69.45887893,339.0060317
-10.05789068,-69.2099743,190.2822502
-8.478248849,-71.37124129,209.52349
-9.492003871,-70.90579157,216.4849754
-8.15527621,-73.18220701,269.9754215
-9.408880357,-71.5146947,181.9551765
-9.701363098,-69.31967232,152.4567797
-8.267481299,-72.44847061,154.114774
-8.371250364,-72.37865601,265.9148696
-9.285205997,-69.93579835,153.0023316
-9.123012509,-69.64389075,248.4916416
-9.472048317,-69.03248354,206.0852289
-8.125700555,-71.31523924,271.8568873
-8.539058225,-71.44390025,145.5203822
-8.163474734,-71.17206962,269.7543408
-8.58291594,-71.74529051,271.3625334
-9.876495476,-71.23933028,156.1104756
-8.610408248,-73.13695567,218.7926153
-10.67433023,-68.6804417,285.2117107
-7.426163464,-73.67712263,132.4539468
-9.302773742,-71.61340851,128.2470031
-9.843979347,-70.23965593,189.6828006
-9.898473763,-68.27647633,148.5532912
-8.789115642,-69.87987671,153.7966372
-10.09454532,-68.1748735,178.9288004
-10.26791496,-67.08840197,191.4080995
-7.975914604,-73.03814381,159.0129163
-9.449166115,-69.93569187,207.3507535
-7.929197931,-72.64814164,172.1500865
-7.896337581,-73.40188074,165.715912
-9.436320918,-70.3494683,231.1452099
-9.143780688,-70.40810995,204.9152576
-7.92756823,-71.27677669,186.9775005
-8.559261772,-71.99966632,325.544291
-10.59886214,-68.95978447,184.6400843
-8.772812431,-70.27841264,194.5628732
-7.857178713,-73.3739471,157.0533455
-10.03032467,-68.23419716,199.7398029
-10.10314947,-68.66546755,124.5429987
-9.550139821,-70.951431,203.6963195
-10.31050092,-67.99993393,145.7860527
-9.846420528,-71.21174054,317.4040487
-8.535518907,-69.30628149,49.26017
-9.932704007,-68.04807118,62.09130707
-7.533185852,-72.76014538,136.5979311
-10.78568365,-69.959661,266.9788038
-8.270927688,-69.80142107,136.496023
-9.440288614,-68.64625223,192.2576286
-9.740444723,-67.48812466,206.876252
-10.28680867,-69.62666693,50.86648233
-8.308262229,-71.27619847,215.8078221
-8.541427182,-71.29415951,295.0118554
-8.51937279,-70.07276023,341.9369574
-7.83134961,-72.42680803,15.30184904
-9.978176865,-69.38930238,184.2968152
-9.833473276,-71.16640933,342.7293602
-9.357233962,-70.56405382,166.7549667
-8.113691788,-72.45795642,229.9645283
-8.460727788,-73.2458239,238.3383652
-7.788119886,-72.76134933,138.298797
-8.507420193,-71.64874704,225.0283615
-10.23935126,-69.03073628,233.4472481
-10.38862985,-68.69055235,32.31561945
-9.183270875,-72.68468578,205.3271195
-9.188257054,-71.11769503,187.1862329
-7.551257427,-72.89237445,191.3040184
-9.416493985,-69.82302616,160.6552113
-7.82848351,-71.39824319,261.4305408
-8.289660876,-69.78651834,180.9614276
-8.579007485,-72.68827201,210.9942444
-9.565748168,-70.30547208,326.2158964
-10.65542375,-69.88180915,268.4890214
-8.890579404,-69.52762732,60.26146123
-10.71819677,-68.72758678,261.580817
-9.842300964,-71.29813012,198.2389239
-10.44838245,-70.18527443,164.3403337
-10.39962685,-69.54333341,242.9824509
-10.17770755,-69.27613978,161.554512
-10.71037471,-69.95802272,181.1183984
-9.974783342,-72.12235978,249.9371075
-8.218681442,-71.26440921,344.9716059
-9.383573696,-69.93053559,176.8985852
-10.87061147,-69.86124951,156.4189844
-8.234303889,-72.4780913,166.6097317
-8.801021373,-69.7709269,161.6706139
-9.825048906,-68.29611123,17.87443011
-10.15233124,-70.48124407,281.1429259
-10.47752288,-70.16373685,237.7632774
-8.262092096,-72.8308193,212.3949352
-8.585373202,-71.56750716,179.1749532
-10.32305567,-69.6363054,173.7591757
-8.351590886,-69.96527943,148.4405667
-8.80726983,-70.28916929,175.9858962
-10.63389985,-70.39382628,185.6599551
-9.774576372,-69.57732887,166.8618396
-10.89913969,-70.58326746,189.437774
-10.77757155,-70.55132213,245.7132188
-10.46142284,-69.16595936,383.0070779
-8.764584114,-70.27074684,177.7426571
-8.939717337,-71.86178334,115.9380783
-9.422645646,-67.97302718,129.7977329
-10.17163603,-69.25710642,156.5276848
-8.550624631,-71.03986303,342.301613
-10.30424831,-68.61398382,296.3566985
-9.601038317,-70.86919711,322.2499418
-8.00955456,-72.59663344,208.9509479
-9.85872902,-68.30021614,253.3251166
-7.939122114,-71.35111161,161.306315
-8.768888079,-71.83896763,258.6510294
-9.632904496,-70.10064642,127.9344324
-10.11407035,-68.14273475,224.126361
-9.612742302,-70.23796128,139.4995657
-8.431270088,-73.27729947,168.4302056
-9.273037753,-71.68172332,223.6258673
-9.009162343,-70.56298121,196.4138695
-8.021365668,-72.27009483,198.7658982
-8.095373538,-72.49227765,263.6619628
-9.851921929,-68.22859623,139.4698122
-9.5110984,-68.61542715,291.1567395
-9.810859057,-71.32778761,167.0456878
-10.01096234,-68.54798894,205.2607288
-9.664447412,-69.14435111,296.9538859
-10.64340987,-68.70830667,42.30894358
-8.262149676,-70.64271028,402.5600519
-10.8494962,-70.17370398,274.3092407
-7.84559567,-73.66380463,169.2961228
-8.912635779,-69.81854758,278.0615375
-10.70953839,-70.58513919,300.4235119
-7.173164504,-73.65997966,240.5327638
-8.739775518,-71.45250081,278.4851875
-8.824757049,-69.12333125,323.8123407
-9.669600152,-69.68979614,224.7115115
-10.25929606,-69.21072614,393.0469071
-8.094098875,-71.25035273,356.1919163
-10.22704969,-68.51839253,57.61197702
-9.331248531,-68.09192994,321.6310619
-10.31447096,-69.16325192,197.9259922
-9.26030872,-72.49943687,254.9592463
-9.058595423,-69.6501817,268.945769
-10.02254223,-69.42188183,185.0912526
-8.946814765,-72.92839768,149.6434884
-8.767588037,-69.13739112,245.3444061
-9.832288698,-68.27352948,14.7824158
-9.600780856,-69.69455601,170.090159
-8.987442837,-69.177173,26.26301594
-8.621043911,-69.35317436,364.131867
-8.69084229,-72.76965207,195.8209199
-8.470178148,-71.66332117,337.0160057
-9.17761475,-71.92288417,245.0830755
-8.223140432,-69.8720163,194.7908401
-9.351486873,-68.10665112,391.6165181
-9.156905431,-71.70336975,295.1295289
-9.272927238,-69.84958933,328.328168
-8.461957654,-71.28504673,322.7463165
-9.098629132,-70.02670515,240.7354968
-9.872334761,-68.23029422,196.5549572
-9.576034762,-71.50007248,117.4335309
-9.656204479,-68.17214921,233.9590297
-9.099761507,-70.03303639,318.8754862
-10.1218539,-68.64392102,274.5922601
-10.23886134,-69.68354537,62.92550777
-10.11968228,-68.42540417,172.9965782
-10.10395372,-68.65895172,137.4305535
-9.827152929,-67.94256204,27.77927219
-8.246139084,-72.46291854,352.6562226
-10.54703893,-69.96332555,190.146003
-10.91260778,-70.0795026,181.0869471
-9.383135091,-71.90797203,141.1826589
-8.904393749,-71.9843259,213.1116074
-9.284339222,-68.1557526,191.0205237
-10.52534572,-70.29901556,339.6181379
-10.41206062,-69.45618654,196.3634281
-10.13032461,-68.95043368,205.3122249
-8.501461565,-71.60709494,363.7057707
-9.24948071,-72.66441694,20.36565075
-9.077802486,-69.671507,256.2867762
-7.726616313,-72.38010826,231.3486852
-7.689928161,-72.76470255,10.50004964
-9.792982587,-68.42532668,152.8410185
-8.713833388,-72.07866983,271.8066774
-9.153037461,-71.15363681,192.3068842
-9.133469026,-68.79847414,145.0192808
-7.685426645,-72.00571435,239.5275763
-8.629006901,-73.01293045,114.4619157
-8.372606791,-73.32646269,79.1688267
-8.943406476,-72.24636078,375.5096132
-9.029111794,-69.71246374,280.2918252
-8.962504347,-71.91510263,127.2823156
-9.299378285,-72.92525066,192.7610851
-9.492165981,-70.01006942,210.6464086
-9.744716611,-71.10107497,240.2171842
-8.597911283,-70.04542526,389.5717962
-10.77127035,-68.91401695,186.2405017
-8.950146164,-71.39831365,187.2625865
-9.045838403,-71.7102954,246.0068753
-9.364436534,-68.94651425,175.88894
-9.556140524,-68.00420106,255.3459783
-9.304009771,-72.63123162,295.102638
-9.227025206,-71.79383059,264.5584262
-8.492785677,-72.94910361,184.2450245
-8.145425424,-72.64725444,277.2824916
-10.33212632,-69.7355288,179.0428414
-9.293749801,-69.52645696,291.8865928
-9.475699266,-68.74608995,17.6265161
-9.316529374,-68.91862676,306.161031
-7.579169516,-73.16576003,373.1019504
-7.635348247,-73.8485142,194.7840061
-9.026092178,-71.68890479,263.6104785
-7.727427162,-71.59904825,241.8744689
-9.844263733,-69.81145301,143.5470248
-7.971478376,-72.64534543,184.8535661
-9.593539559,-68.57165315,229.0283015
-10.36852401,-69.66233041,180.4690759
-7.963226155,-70.85246716,202.6170435
-10.80330099,-69.17557444,150.4404278
-9.858200119,-69.31579384,156.2406336
-8.052826899,-72.29282328,209.0371263
-10.22864403,-68.8675561,146.648546
-7.772757821,-72.81230154,249.4249155
-10.01013212,-70.36932267,264.7678446
-10.9343,-70.0884202,152.8203362
-8.62725828,-72.03044177,268.6912965
-8.641825666,-72.04838891,202.4361308
-10.8978933,-70.05385351,317.9520244
-10.53916458,-70.3166298,166.19647
-8.50454917,-72.60640414,372.2017735
-8.82921415,-70.46750525,206.117348
-9.033418472,-71.81022267,287.105983
-9.687192166,-72.17961694,258.3970409
-7.847146122,-71.53999659,281.1746119
-9.80928367,-71.02202126,297.4351832
-7.944435496,-72.59154809,214.0676154
-7.729253012,-71.60212482,192.7107795
-9.553266927,-71.43006604,213.1273687
-8.942808968,-70.64039803,246.9298408
-10.75497816,-70.55148175,204.3778345
-10.55045826,-68.7641933,22.85065569
-8.381233024,-71.58515338,178.680167
-9.680769289,-68.91077188,135.4155359
-9.772462847,-69.76524199,163.2815459
-8.160675492,-72.08231402,205.9747029
-9.308011253,-68.78713662,195.0784449
-8.995130157,-70.58180212,252.8048071
-10.64792351,-70.06156695,220.5654158
-9.775784255,-68.15099152,334.9109042
-8.913457425,-69.13681975,14.93519693
-10.7514129,-69.95988711,284.2571216
-9.438037071,-72.53322962,385.2609682
-10.87126719,-69.03324461,184.5204812
-9.440677762,-72.64502441,208.1421437
-7.980696989,-71.32782219,381.0820135
-10.04545128,-70.36630491,336.1338428
-8.016168858,-72.25905937,171.2936342
-8.438503648,-71.23337903,381.2490209
-8.475796167,-71.26049166,279.111153
-8.383076722,-71.57240003,180.3647153
-8.597423287,-70.01215248,357.0430716
-8.853963666,-72.96990677,260.4412443
-10.55266297,-69.01078272,324.7318243
-8.058506036,-73.49817711,144.3219375
-8.549981432,-72.01385638,196.7512431
-8.076440412,-73.1250841,223.0766327
-9.55494418,-69.71120171,124.4815796
-8.400151807,-71.91223624,276.8359476
-8.380135403,-70.01404572,156.3051984
-8.890429163,-72.91541841,278.459365
-7.677213617,-71.67911729,336.9254876
-8.185647982,-69.72520171,261.3589928
-9.976190669,-69.72871523,262.0983083
-9.736292792,-68.31310031,10.79585883
-8.811945359,-72.04170046,383.1407701
-8.88089734,-69.5349541,164.3573516
-10.6520537,-69.90780601,155.2695055
-10.77330516,-70.53787637,130.8526514
-9.282861626,-70.65804779,209.1109587
-9.33724244,-71.01910737,138.2265647
-10.49368597,-69.4954352,135.2315281
-8.873693274,-71.99002591,211.2591245
-10.66402394,-68.69466876,218.854107
-8.461779548,-70.17888939,284.760777
-7.90780795,-70.56180856,208.3671657
-10.55355497,-70.14150953,179.9555465
-7.726146529,-72.38623616,226.4539258
-8.448122486,-72.2263149,306.4951694
-11.03089169,-70.1524759,196.7134642
-9.485042933,-71.55011668,307.2773211
-9.279914232,-69.52924167,125.3742757
-9.228430689,-70.413495,229.9466822
-8.072351529,-73.50819985,164.1846774
-9.051634648,-69.71712274,198.8894888
-8.789648171,-70.17843205,204.4552922
-8.259795355,-71.80318954,349.5219496
-10.31938833,-69.14934743,190.905873
-8.156005856,-71.39371835,172.8499112
-9.736022316,-70.17510803,210.7988949
-7.78798162,-70.62119657,26.49097091
-8.697302964,-72.07175963,263.9244204
-9.02755382,-71.81449357,168.2839053
-8.729931955,-72.13070761,317.0812
-10.22207046,-68.52181554,101.9433177
-8.168729416,-71.31703139,203.3991805
-8.85303451,-69.07918038,226.1202131
-9.057901999,-71.81549763,327.009655
-10.33533585,-69.09451012,240.2010579
-8.970457415,-72.86811073,341.6479638
-9.515083483,-67.98689909,200.2540159
-10.03905696,-68.59748794,132.0115013
-7.861407776,-72.96252063,156.7097258
-9.960775219,-70.3040069,388.6535125
-8.726372455,-69.45071962,109.4798003
-10.71330545,-68.73880259,238.2571954
-8.52664617,-72.56582338,188.5428193
-10.69550374,-68.86455457,286.6859067
-7.779440719,-72.76323587,276.9684167
-9.86488334,-69.41146888,194.8400979
-9.901230917,-68.32418997,71.69847837
-10.84086048,-70.56128866,161.2392308
-8.666419022,-69.20449719,152.7706116
-8.544606653,-70.14056519,192.0308848
-10.58361201,-69.51182695,108.50645
-9.074495176,-69.96285421,143.5686101
-8.653388937,-72.72883086,228.1761275
-10.02043332,-67.30952646,139.0035856
-10.57189403,-68.83290963,123.0524112
-10.36482428,-69.70144025,128.1490104
-9.453300022,-72.53216198,200.0279935
-9.346713096,-68.06087749,278.0256643
-7.694955919,-72.40261233,189.4404366
-10.71522853,-69.29331637,15.10884912
-7.7875117,-70.74763465,200.7663864
-7.867931916,-70.96613781,229.1861715
-9.49130491,-71.54552165,269.7595111
-8.195499913,-72.4997429,141.6019361
-9.729197214,-67.49640084,274.4485331
-9.804685311,-69.15854045,191.1497341
-8.822304504,-70.80910941,133.1993817
-10.6681366,-69.48718448,195.4382217
-9.408129786,-71.58295454,152.257982
-8.241937218,-71.10550319,395.996718
-8.931805667,-69.88382726,271.9751107
-10.1131432,-68.17152135,143.1174374
-9.687353461,-69.68188792,187.2499312
-9.348440386,-69.87638751,319.5866995
-7.796514381,-72.07900156,50.48497225
-8.482857791,-72.60491685,270.7083203
-10.5793405,-69.84027053,170.7333903
-9.271982662,-72.21290855,175.1281887
-8.160180341,-72.48092106,223.6335742
-9.064170881,-71.67490673,349.0994526
-8.695371009,-71.41297583,180.9850017
-10.04739341,-69.90749072,55.41732132
-8.372008201,-71.01103675,279.5953353
-10.45919377,-69.48379348,321.6638117
-7.699888682,-73.19958144,154.5052217
-8.357995496,-72.38174814,307.1995093
-8.861686205,-72.22216566,112.352401
-8.739244088,-70.26840716,13.2272066
-8.421345059,-73.24641505,248.0036391
-10.22352203,-68.73330871,153.4219965
-9.809373833,-68.19001821,341.0000606
-9.495632583,-69.39259007,357.5244572
-9.158726402,-70.57015169,165.6283488
-8.893805023,-71.99858854,138.3288341
-8.400963564,-69.90231988,165.5036534
-10.78421466,-68.78374549,267.1691896
-8.847464223,-69.51059379,221.9307901
-10.34927931,-68.83979563,129.4977695
-8.575040997,-72.11636797,225.2260535
-8.93895736,-69.79937752,247.4353075
-10.17348846,-69.84245138,54.97975789
-9.149212516,-68.85243399,121.717377
-9.206494532,-72.46713143,175.937226
-9.594919407,-67.58804799,14.52375561
-8.535202888,-72.95925963,241.378288
-10.56394853,-69.2348264,201.3427822
-9.717795306,-70.1709451,134.5421279
-10.11155207,-68.18110093,191.7752181
-8.67883867,-71.42226982,180.7592015
-10.45415281,-67.77767537,254.6431064
-9.355408678,-70.85167017,226.8478233
-8.113132643,-71.68983876,119.8256287
-10.25073719,-68.56723523,253.9436484
-10.10966535,-70.43504509,157.3865873
-9.710332796,-69.67756003,168.4530347
-8.483319062,-72.59056344,222.91194
-8.488266537,-71.66142777,397.0987785
-8.890896265,-72.92279189,184.0916561
-8.647878955,-69.69805033,209.8974471
-10.32021597,-68.03730921,322.1474598
-7.950536417,-72.66048551,180.592685
-11.03573448,-70.33656362,351.2560563
-10.10621761,-68.39375773,172.5848942
-10.34433645,-69.39886407,217.8259358
-10.67545701,-69.9321939,149.1230979
-9.443738057,-68.03910766,287.3537573
-9.965349793,-69.11981523,218.9703978
-9.014433065,-68.80317605,175.8676774
-8.671216839,-72.06237867,203.8463063
-8.013531491,-70.44322709,266.1117523
-8.61740778,-71.37037333,306.3804238
-8.97264534,-70.13693902,124.8681626
-8.646617968,-70.06004062,262.3808668
-8.998473681,-70.58423543,362.565701
-8.403323162,-72.2589029,166.6368137
-9.576947873,-69.33292816,192.0366551
-8.801915214,-69.87802617,219.1640473
-9.706301524,-67.5405271,40.44972999
-10.39840088,-67.96949898,141.1348153
-8.078584762,-71.93528394,217.9851968
-8.674030771,-69.36992756,13.78172758
-10.63791846,-69.48277104,147.7790658
-9.952203547,-70.57466575,331.391477
-9.102602416,-72.75032329,274.7096459
-9.57178558,-69.09096078,143.9144961
-9.352594869,-69.48338586,261.4515207
-9.627229197,-68.52015421,128.3298666
-9.628517426,-72.11606678,215.4952364
-8.472626491,-71.62344837,356.0661028
-8.047487913,-73.12502564,126.0000217
-8.265305259,-69.77606882,182.8080268
-10.40347146,-69.56895201,180.8476414
-8.775828742,-70.27373683,182.8906437
-8.007411769,-71.27553463,397.6545437
-9.558961098,-70.83975154,172.8031072
-8.504207778,-70.10853798,32.63023358
-8.782412973,-72.15070315,193.0603527
-8.409300892,-72.88842815,143.8860348
-8.730823504,-70.74343518,185.9569336
-10.43425471,-69.08145195,160.7674668
-10.27066204,-68.06387157,186.4989726
-9.705534406,-71.08680966,284.4803234
-8.503856411,-69.58593599,162.659709
-9.018809479,-69.92988428,285.5099228
-7.713428278,-72.88329387,16.58647409
-10.85029498,-70.1599175,243.9465121
-8.326485566,-71.06045929,161.7774601
-9.245544328,-70.40780529,171.7464712
-8.04103252,-71.37667909,245.013559
-8.202933159,-71.09697375,214.6803907
-10.54623612,-68.73279826,26.06955954
-8.106789711,-72.64824187,202.7178002
-8.226961945,-72.72082,192.2962369
-8.019146454,-73.50478058,247.6082924
-8.065353733,-71.92354294,307.5098026
-10.46907808,-69.51368778,175.8109772
-10.63475729,-69.04412237,159.4175026
-8.186728003,-72.49610501,228.5486344
-8.22713315,-71.15402001,168.8768656
-10.08119495,-69.99242409,242.9863509
-10.05014033,-69.94849723,202.3926788
-10.79177135,-69.93806489,181.7057771
-7.687992439,-71.50653406,332.3834012
-7.842852878,-71.40410855,270.0272031
-10.56298638,-68.73810903,172.7308872
-10.47574376,-69.61288835,124.0111574
-7.782187168,-70.89506741,184.4066265
-8.432773829,-69.51306789,195.4492454
-8.682355297,-69.99260436,154.4996938
-10.82245905,-70.51190883,281.8031916
-10.04554911,-69.9451126,218.1327431
-8.842237506,-71.92750704,173.8205113
-10.32893278,-67.99740977,128.9272549
-11.05314656,-70.34701124,224.402424
-9.223562411,-71.65014994,200.9768738
-10.83309425,-69.15492456,215.4713448
-9.528787672,-70.81632776,178.3995805
-8.280049413,-71.27626899,185.5729365
-10.08578876,-68.1608556,241.9438025
-10.41159505,-70.24306393,306.0732891
-8.525571174,-72.60122439,269.7724555
-9.039006193,-70.34592926,319.9809851
-9.828280709,-68.25590997,160.6485801
-9.470293719,-68.00795828,174.650232
-8.284429515,-71.10079507,150.1440726
-9.289962556,-71.62940697,400.6342882
-9.2432429,-71.10460215,195.8715928
-7.958883679,-70.87345015,203.3273979
-10.73621013,-69.09752629,187.6121753
-9.720915307,-68.37081337,187.8420436
-10.47492006,-69.21819919,282.654284
-9.083773564,-70.00533477,185.3683166
-9.319291203,-71.66481726,244.9834315
-8.97431615,-70.13572431,217.1012944
-9.955934827,-70.33662024,352.1374234
-8.862906274,-71.92143866,227.2752963
-7.654895464,-72.3066736,133.2678774
-9.634556378,-69.28337364,300.2678664
-8.726203667,-69.70885279,246.83551
-9.894379886,-69.45540685,198.1881485
-8.786161267,-69.47339622,40.44496685
-8.582503644,-72.12856518,223.4601719
-8.16597055,-71.88876091,226.2594292
-8.040878996,-71.26082634,201.2989574
-10.3785318,-68.86848845,112.1960863
-8.008461087,-73.06180571,200.2788023
-8.136355978,-71.69956026,190.4593989
-7.834005299,-72.10223477,77.99981299
-9.66095434,-68.93217846,167.8073431
-9.192377998,-71.69416145,159.2301646
-7.486717733,-73.6996478,172.3935812
-9.898612867,-70.6074274,186.9190462
-9.389696383,-71.94107918,167.4911105
-8.370224456,-73.33107831,198.8635671
-9.218709729,-71.8088238,386.6355012
-10.22891254,-69.02303778,223.1846853
-10.23776213,-69.57332368,166.0494374
-8.209740598,-69.7569918,15.61658462
-9.507600368,-70.88414481,312.2424184
-8.662046991,-70.0501485,214.2784732
-9.021346445,-72.33621982,332.0716833
-10.88111523,-70.49751414,187.3895034
-10.07118149,-69.98502953,161.91152
-7.986620693,-72.60659546,180.5260322
-8.360678839,-71.29274704,215.6669069
-9.664164779,-67.84264812,195.1379071
-9.843979739,-68.22277024,142.9776813
-9.135496672,-70.68418577,324.2373807
-9.805221845,-71.23515889,214.0486201
-8.321811719,-72.31152107,247.1531511
-10.55866647,-69.26653803,193.1002548
-10.66158722,-69.32133846,266.9988643
-9.171398888,-71.15705884,314.0365583
-8.776068174,-71.88589682,345.6719027
-8.010874763,-70.45990421,155.9904435
-7.691270572,-72.78475289,174.2717505
-9.977229065,-69.49425545,234.7251425
-9.686263947,-68.18713432,62.33899492
-9.269972377,-69.84028594,279.3442141
-10.63755313,-68.82163638,192.0885108
-10.20099404,-69.30042401,167.4925122
-9.528976595,-71.42003336,357.7057255
-10.51433766,-69.91124861,104.0074587
-9.279169579,-71.07837085,186.5973177
-9.632782931,-69.14322355,243.8468902
-8.577447163,-71.49237144,192.8160178
-10.64817684,-69.03949424,184.7731225
-7.978139324,-72.21046678,278.5608267
-8.599362914,-72.68950712,145.0795199
-9.010584933,-70.70485603,261.5780685
-9.228397766,-71.08163902,315.7593304
-8.581725317,-69.62887373,169.8562365
-10.13102469,-68.14334571,155.2169349
-8.702805629,-69.97770427,187.9703148
-10.86368103,-70.07172878,153.9887431
-10.62268183,-68.76802208,141.2481548
-9.39453228,-68.08538765,167.392259
-8.84488657,-71.53595648,309.3007699
-10.33728516,-68.00803819,256.5604071
-8.408905516,-70.54719687,195.5627938
-10.14229949,-67.18544576,165.3761088
-8.61719779,-72.49986898,141.3288709
-8.162995761,-72.44989161,115.6389207
-10.90418931,-70.44083436,138.7637512
-9.40446179,-72.5760284,304.9906645
-8.62676558,-72.14206126,268.7531114
-9.423559771,-69.43801064,15.20546043
-9.067668978,-70.62014414,134.3487324
-9.644735704,-69.64540566,140.9033304
-8.01867723,-73.48341965,298.8367192
-7.879394223,-73.3900164,153.0637744
-8.360202948,-72.81018575,236.4516246
-8.35949303,-73.30920391,226.0662583
-9.749610847,-68.16055614,178.9240604
-7.907046589,-70.89983074,134.2182057
-8.146901526,-71.33283351,347.5656389
-7.936604038,-72.04487513,167.0959409
-9.256205796,-71.70069888,172.9169385
-9.219180966,-72.18845107,165.7246309
-7.964995134,-73.05264895,148.646998
-9.598871422,-69.68923023,319.9256673
-10.85320688,-69.91961043,218.9914778
-9.039837741,-70.65699993,144.4436691
-9.156598953,-69.99598354,234.8209646
-9.261496007,-69.9081245,201.1683569
-10.54062533,-69.58799226,231.3934824
-8.840389163,-71.99745762,212.2792112
-9.110207914,-71.17470086,301.0352232
-8.865014212,-72.95175637,182.0344531
-10.22406908,-70.53410044,294.1594862
-7.946284765,-73.61215399,170.6019891
-10.47851093,-69.02044426,185.0734746
-8.726252064,-70.11789537,172.9046848
-8.895022925,-71.58672653,268.456357
-8.512575103,-72.92821817,197.6916242
-9.695649372,-68.113875,137.7124469
-8.560123528,-72.63960732,184.1784031
-7.298298506,-73.59831487,159.4352372
-8.300471841,-72.37900746,237.1711076
-10.03125654,-70.37737702,143.3290072
-8.10876183,-73.50698823,179.6068768
-7.853582414,-73.34984547,218.1782024
-8.446364839,-69.90751174,178.0041143
-9.081510736,-69.97558914,269.2670559
-9.542263459,-68.80928586,181.708417
-9.376827562,-69.8520567,196.5390712
-8.392976196,-73.26031753,120.8145953
-8.911975037,-70.61148254,187.2964837
-8.494288465,-72.24953012,389.4993186
-9.960376906,-68.56043282,120.4547144
-8.994689611,-69.64633696,267.6814668
-8.508931437,-70.46336966,107.2599588
-9.377236284,-69.87599608,351.5347993
-8.123747005,-71.40542119,206.8281818
-8.727264414,-70.13295749,137.6760565
-10.08905434,-69.22567397,26.03380003
-9.67569053,-70.20845544,151.6429362
-9.905628318,-69.83512022,283.5434703
-10.03158193,-68.21649188,371.7210772
-9.924184308,-71.2379628,157.0997244
-10.81834749,-70.0094707,248.4078557
-8.799599691,-71.52371045,193.8172537
-9.146022795,-69.6344283,76.24240576
-8.964839368,-69.7593831,75.85389013
-9.533635763,-69.5901852,124.0197213
-10.40627283,-68.87524634,350.7772886
-9.715719107,-69.21127507,398.5354709
-10.40052244,-69.70804054,270.0485316
-9.750743591,-68.43977996,197.1097024
-10.26700878,-69.35660411,208.9725658
-8.364158898,-71.16539915,186.4805154
-9.993397574,-68.85614652,241.6420774
-8.711266382,-72.02833928,253.6712646
-9.528022765,-70.93522828,210.0524191
-10.5529941,-69.42298156,379.752218
-10.86567737,-69.50771931,14.9610312
-9.164425817,-70.66920669,226.761938
-8.293523935,-72.39507513,278.5491272
-8.858365626,-69.0757519,54.36336577
-9.979581965,-69.14509812,166.1062354
-8.566397244,-70.46625382,135.1158262
-8.515103957,-71.63534966,400.215856
-9.222518722,-71.80463859,192.5758438
-9.967781958,-69.40145431,162.792409
-9.566929072,-69.58663933,135.3003933
-9.8150922,-69.04542735,255.7183004
-7.744689456,-72.75275653,148.2457291
-9.876970469,-70.29237963,188.2249553
-7.812071687,-73.31323203,286.8774108
-9.187352631,-69.58208915,216.4411733
-8.577843977,-71.99453795,278.4813912
-9.903242357,-69.90897741,193.8251966
-10.43862365,-68.67447543,136.2420851
-8.772653242,-69.76003638,192.7146696
-10.24338712,-69.68705788,177.9701349
-7.761077396,-71.46335911,235.5706317
-7.753675218,-72.71865252,241.584655
-8.935642741,-71.61636691,212.2711985
-7.422943708,-73.04180254,244.4755728
-9.58945468,-70.84106882,120.2955207
-7.610983542,-73.78924775,164.5376576
-9.760637563,-68.45566612,177.7901755
-10.83351339,-68.76234865,373.0993932
-8.22312292,-71.83721966,140.670278
-9.680371603,-68.1163598,134.031617
-8.320150839,-72.39256383,37.66610114
-8.811814265,-72.21853557,136.6334024
-10.66811356,-68.80167995,215.3803736
-8.055674085,-72.52761431,172.9111572
-10.10545744,-69.31709895,191.6379494
-9.092245273,-71.18784693,166.2629717
-8.447341798,-69.53125904,210.3388763
-7.919968182,-71.24369361,179.4730885
-10.14573516,-68.51846551,214.5189104
-10.89175262,-70.59854607,175.5390893
-10.00951169,-68.08413846,126.2350672
-10.85397237,-69.87360631,159.1321988
-9.034181291,-68.7123346,15.26817418
-8.69220815,-73.07339731,163.9617312
-7.734957396,-73.2505331,172.4720015
-9.626914804,-69.26509339,122.9191097
-8.932429262,-71.41454511,138.3101535
-9.780584289,-68.68612968,225.8520509
-9.312095575,-69.38586921,286.2326937
-10.20259957,-69.83094249,226.2870329
-8.604154111,-72.15847208,134.8460098
-10.25603518,-69.18484581,205.0741524
-9.716726698,-69.68920003,34.30131566
-8.320503962,-73.28095837,214.03726
-7.909090408,-73.65585756,253.0858183
-10.97787648,-70.25462204,291.3468345
-9.621886309,-70.80032504,390.5884409
-7.914057209,-71.33637172,399.4870365
-9.75789071,-68.40454363,302.3084238
-10.1999453,-68.12593515,153.1960313
-10.35486039,-68.80130232,189.7451541
-8.831900775,-69.83215522,142.199011
-8.725375134,-70.25125002,235.4090842
-9.959406954,-67.30907494,149.3011725
-9.613600962,-70.09916344,286.9102697
-10.77224666,-68.80762451,223.898528
-7.727199692,-71.59263858,151.1908593
-8.451055287,-72.22418253,141.445739
-11.04083529,-70.36777444,262.5313515
-9.002716125,-71.28021969,180.0225125
-9.439647442,-69.10656901,222.2123289
-8.609900401,-69.62429441,24.02234036
-9.539626759,-70.30155036,277.211287
-8.26588878,-71.50148378,222.6921683
-10.84696785,-70.15744726,142.297412
-9.315868647,-72.96651632,189.4545402
-9.227058693,-69.79510667,322.1914332
-9.32925933,-68.68214572,229.6119976
-9.423643031,-70.23762468,168.5099566
-10.82102932,-70.49575492,130.5829225
-10.42303907,-69.72460637,197.1870848
-8.369647047,-71.56266728,102.789493
-8.530489043,-71.02799869,109.9239961
-10.26232876,-69.61991033,136.7085428
-10.86470002,-70.4867516,343.7277684
-9.974136541,-70.31381762,284.4067545
-9.462694825,-69.00387948,200.487223
-9.04161407,-71.89093476,240.5899243
-8.188397956,-71.4587945,179.835634
-8.858612945,-72.40407781,127.724666
-9.261778147,-70.52142997,269.5116035
-8.073063801,-72.56168039,176.7109927
-8.700993306,-71.81768129,239.3446402
-8.349749378,-70.60706264,224.0171233
-8.333473247,-71.30149792,244.5050675
-10.03196412,-69.95608696,186.3491237
-9.08041526,-68.9203542,52.49994959
-8.890121858,-70.47617283,122.7871956
-8.499482774,-71.29185512,202.8440795
-9.103483483,-69.64333641,289.213571
-8.358140642,-69.99148103,212.7263856
-8.550057958,-72.16883633,115.6290827
-8.995552805,-69.76443917,161.1664312
-7.965496241,-73.05221012,134.4398428
-9.567249441,-70.17236978,113.7562881
-8.800053243,-70.43962468,171.3685464
-8.824789971,-72.42865226,366.9480375
-10.03501365,-68.85166244,291.104838
-8.338316715,-71.15351828,215.7308623
-7.677454506,-71.99996642,350.2178276
-10.77944126,-69.3781173,165.8230809
-8.406829638,-70.16557223,255.2184026
-10.04154831,-69.56252615,143.1690353
-9.121053038,-70.58662944,149.2090807
-8.249486309,-73.25055951,151.8559851
-10.06661778,-69.20914752,259.6623244
-7.850001489,-72.1241164,171.7387518
-7.65670179,-73.82229171,169.9538097
-8.056372874,-71.36112363,265.2123599
-8.696492933,-73.04644192,265.2405348
-8.532570532,-73.15874217,161.377893
-9.09289941,-71.5026235,202.0974577
-9.127337239,-71.1554253,234.3226996
-9.083738635,-68.75504655,10.19077061
-10.0148968,-68.26217749,164.631884
-10.83301571,-70.51021985,153.5401307
-9.237073308,-71.07081011,286.5563574
-10.77675096,-70.09115919,128.0396867
-9.336020509,-72.94491365,122.1917316
-8.951661662,-72.88183866,234.4856813
-10.25110711,-69.61162915,187.2907779
-8.046034181,-72.5897019,85.29447896
-7.746039756,-73.29360822,232.0741887
-9.794305124,-71.137591,238.8935705
-9.3866264,-70.96595676,274.4598302
-8.451476686,-71.96990412,255.7096248
-9.817762978,-71.22593571,149.4723336
-9.195287439,-71.10133397,230.5388585
-9.551350118,-70.19566025,202.2126447
-9.126696076,-72.38733038,390.3187869
-9.567783749,-71.4658956,176.9656889
-9.830618942,-71.29664393,147.1739676
-9.276001551,-71.82963278,189.7275383
-9.123679684,-69.69067369,249.7173192
-8.870682484,-70.21136635,183.5578796
-9.381776004,-71.54554638,311.1989029
-9.359714971,-72.60727174,156.9138106
-8.279205818,-72.42865643,168.9952783
-10.20019815,-68.13230054,328.4373002
-7.781216863,-70.77117004,216.9450104
-8.296457548,-72.39294414,174.2970059
-10.17791297,-70.37352592,176.5303541
-10.85413509,-70.19073694,168.1267702
-8.087406556,-72.49804781,178.9216019
-9.784709197,-71.33037886,46.03738426
-7.526508792,-72.88703044,194.4052672
-10.16874841,-68.43281371,99.46432641
-10.73073266,-69.97306198,148.7688097
-9.072807805,-70.49418563,188.2062817
-8.754970745,-70.27774908,239.9682692
-10.72385244,-70.55767163,199.2349051
-9.431439793,-70.89350179,136.6089836
-10.74179251,-68.83693363,45.67266424
-10.51021201,-68.79392491,107.5459124
-9.422284528,-70.97364165,185.9142433
-10.17837572,-69.84881494,296.4442337
-7.475117209,-72.95720988,203.0499875
-8.392280941,-71.5719536,275.7014933
-10.74702288,-70.48417219,182.9930276
-9.982627546,-69.88443846,307.8485736
-10.87257342,-69.77505125,143.0983931
-8.085111395,-72.0921491,10.3911284
-9.850975103,-71.17926591,313.8259653
-10.86846294,-69.33887991,130.063844
-8.467178305,-70.07718917,257.2400721
-9.081276497,-70.37678913,197.4680319
-9.720947464,-68.92572454,185.3316645
-8.360563,-73.32860964,337.4274619
-8.694443997,-73.05235619,220.9511293
-9.384963344,-70.96717205,300.1712215
-8.650873655,-72.7270013,16.01415297
-8.310122841,-72.34327424,317.1613382
-9.753009147,-68.33476525,211.6680957
-11.06322667,-70.31616234,344.2771574
-9.953523153,-71.24741017,154.6203956
-8.858140295,-70.22051301,118.7026344
-9.864034804,-71.27210227,183.2241818
-7.885137819,-72.70783457,198.7790942
-9.028228495,-72.23526924,243.5675757
-7.965465948,-72.00042707,194.2701701
-8.448447462,-73.38068389,194.7806022
-10.09734027,-68.92614227,195.4149586
-8.994231517,-70.30629137,329.4015636
-9.917421645,-70.32214728,182.9489076
-9.719860028,-68.19095476,197.5059768
-10.30636758,-69.36336255,232.0053588
-8.618723055,-73.10293737,172.2672035
-8.370547873,-73.35925498,294.7996037
-10.38056886,-68.66301064,338.0451476
-8.658089452,-69.24473043,27.95662952
-8.730181529,-72.11784177,343.4769144
-8.807500531,-69.80371728,242.2163804
-10.27207482,-68.53044877,43.40469682
-10.64743115,-68.82232208,329.4935975
-8.149481165,-73.55754762,215.7992632
-9.131869021,-72.42633997,231.3808689
-8.61580301,-70.17154146,200.5597429
-9.287480326,-72.51931012,324.7252354
-8.992332725,-70.13280022,328.81698
-10.22105557,-68.73860773,268.7877683
-10.32847876,-69.15966606,147.8177057
-8.127822315,-71.3026895,194.8995747
-10.55448091,-69.95527942,177.9457818
-8.19859296,-71.86510199,326.7290328
-8.963073655,-71.86147326,206.8773377
-9.998528563,-69.41930365,135.4897142
-9.359579089,-70.83339338,156.1243348
-9.589926141,-70.16740798,256.193343
-9.94119769,-67.69110824,15.16020839
-9.063276791,-69.2395178,269.1020474
-9.376398822,-71.53179169,295.5659105
-9.654628583,-72.12798001,162.0580815
-8.822218279,-71.89876326,126.6535603
-10.72055398,-68.83458883,208.3847935
-7.274645529,-73.56781019,178.8037197
-8.943038386,-71.30705436,336.7334041
-7.926558934,-71.44857976,210.2470913
-9.445094469,-68.97652004,200.2002859
-10.09869755,-68.38821582,165.100799
-8.19615678,-71.26416837,229.6927009
-10.76908583,-70.51294666,160.7083727
-9.691150357,-69.60027793,128.5852231
-7.757771997,-73.29478622,186.1267367
-9.091269779,-68.94562469,248.0356487
-8.833273741,-69.05050472,114.6089684
-8.570489267,-71.32936356,231.6451712
-7.923490291,-72.21969469,202.4438111
-8.020913752,-71.39126095,292.2705769
-9.132322664,-68.87144191,37.58902693
-10.72323118,-70.46658279,146.0008106
-9.822648698,-71.21128799,231.6441867
-8.786768771,-70.87454201,320.8304068
-9.97259496,-70.34170394,199.9766741
-8.486370484,-70.18235634,177.0821344
-9.285630552,-69.90839415,203.3873584
-9.484687352,-69.79637815,181.4536923
-10.82688145,-69.35972872,229.4285681
-8.614128943,-70.05072901,263.8255974
-8.294283586,-71.06077293,164.6056503
-10.33832885,-69.1103647,175.3692003
-8.20303194,-73.24481385,230.2812246
-8.978179148,-70.41380035,309.0789891
-7.973432544,-71.29348185,180.2888715
-7.873171297,-71.52120407,251.7555304
-8.282749972,-72.47307356,151.2656722
-10.84746958,-69.88982771,224.2065828
-9.728764941,-70.17647023,263.8772026
-8.488599014,-72.24252061,139.3215216
-9.12470401,-68.8693826,295.0274183
-9.512161534,-67.98903009,177.9008478
-7.901374144,-71.23739313,202.6548491
-8.668471055,-69.66688025,155.5264493
-9.676668287,-67.83346191,152.8773593
-8.360158022,-71.70288196,276.8577283
-8.143300345,-71.71172894,287.2029884
-8.333414788,-70.21137248,222.50935
-7.931411223,-73.0201735,182.375209
-9.068806061,-71.87110478,172.0932361
-7.520900503,-72.97776077,178.1945299
-9.496113236,-70.92625001,266.8427015
-10.04742644,-68.22160593,185.8574613
-7.822068704,-70.78663807,157.9903574
-8.427425083,-72.31477487,326.7186543
-8.988758944,-70.5838316,125.1889068
-9.028850743,-72.31597563,198.0708159
-10.65246154,-69.46087621,230.3781719
-9.676427596,-68.50083518,186.9422315
-10.33261339,-70.14239235,73.48556502
-10.1566397,-70.43443894,341.6511465
-9.938558848,-69.38129883,202.1471467
-9.278099058,-70.64008239,197.3934427
-8.752820793,-72.03789658,324.1411334
-8.751374878,-73.03455462,189.9388395
-10.46692817,-69.38418838,174.8341544
-10.37487299,-69.69618073,203.5428979
-10.5189665,-68.98377242,128.2189698
-9.769627454,-68.65663303,210.980291
-8.452322476,-69.92610409,193.7979289
-10.25197857,-70.55471376,250.5914126
-10.96463693,-70.09636414,265.8065802
-9.112082878,-68.88847076,120.6242751
-9.527877214,-68.83468168,139.0284264
-8.363354275,-71.89899633,243.0798802
-7.881485682,-71.50865541,140.6969769
-9.096684038,-71.74736322,178.7311801
-8.407403763,-71.67535289,170.0842215
-10.66096254,-70.02349041,223.0991259
-9.091345134,-70.53189057,122.4689804
-10.23183685,-70.06115984,119.9315464
-10.16715365,-68.49864045,84.45274513
-9.446323115,-70.77030168,186.8960257
-8.392858701,-71.32327222,274.6684519
-10.34242744,-68.67716592,383.2265657
-8.305814014,-71.53742181,168.6083993
-8.806103028,-69.12030711,176.9064669
-9.838982458,-69.0195475,131.7368856
-8.569813261,-71.72226437,321.6907852
-9.398531233,-69.81921218,262.1715179
-8.201450609,-72.01894678,201.39893
-8.113158714,-69.82028376,155.945038
-8.73708317,-70.8667189,185.1246327
-7.812806117,-72.40646505,173.0698634
-8.443640577,-71.3815331,26.06335253
-9.009772508,-70.5924726,230.5145699
-9.131161859,-70.46786634,181.0365654
-10.31921421,-68.63205323,309.226067
-9.365845601,-68.7116738,14.73299812
-8.338472058,-69.49350403,119.2186989
-8.807819734,-69.88105192,255.8831899
-10.49204737,-69.77567118,204.8990579
-9.219095069,-71.74471625,158.371108
-10.9891318,-70.11456461,222.9496275
-7.981043932,-72.598039,191.8530663
-8.829885504,-69.85766638,332.3365821
-8.434140283,-70.01793824,231.2211196
-9.456633069,-71.5709919,197.892489
-9.601506363,-70.98897962,168.1483179
-8.557695773,-72.67981088,141.1846365
-8.626518084,-71.35600987,282.6269255
-9.874880073,-68.44795519,220.8470044
-8.927522668,-70.60014235,329.3295765
-10.67028362,-70.4344416,143.6868205
-9.737357845,-69.74657481,141.642102
-9.540717412,-67.66184529,143.7714487
-9.394567803,-72.57578857,257.2935592
-9.580023091,-70.84687266,213.7401737
-9.834023474,-69.03054707,388.4807143
-8.904217436,-71.93989108,182.9097666
-9.313871989,-71.62844356,183.7928613
-8.516273067,-71.06479693,224.4677548
-8.698081585,-69.19903183,36.88059944
-9.615431333,-70.83883007,184.2517819
-10.42787184,-69.46788058,293.070254
-7.445552165,-73.86361228,182.5401196
-9.564552908,-70.84979518,207.2800058
-8.853544087,-70.33018394,139.0057125
-8.810862041,-71.52536248,255.470349
-9.377114588,-70.69817756,221.8566194
-9.512620038,-68.59318537,348.7017938
-9.910950946,-70.01230538,277.5270315
-8.630224453,-70.15338284,208.9161073
-10.43421965,-70.19575247,264.1617576
-10.40102188,-69.07090906,245.5249126
-8.690809243,-71.48052675,159.0050636
-10.22361402,-68.54723739,157.9340713
-9.802195073,-69.51194739,306.3897226
-8.1501891,-71.42457884,210.1161498
-7.439953665,-73.65902943,206.9080904
-10.3509511,-68.84102918,53.04091757
-7.721280888,-71.60788864,399.9164895
-9.666161203,-68.32352902,184.3295403
-9.963178287,-70.55981988,213.4076666
-8.033124273,-72.58032237,237.7463705
-9.205179657,-70.57943142,115.0825662
-9.990827173,-68.08145304,16.05120229
-10.31479763,-69.64489044,166.5933383
-8.864633844,-70.80144125,228.5567249
-10.23218368,-68.71082953,146.5765436
-8.627984608,-69.3508051,195.9014931
-8.082387836,-71.3543178,368.6798855
-8.403043493,-71.57288542,192.781672
-9.916596072,-69.08400306,301.5160623
-10.5323426,-68.97504474,199.4599859
-10.62367742,-68.88496251,190.6436239
-8.163291491,-69.82856949,324.8902334
-7.889476626,-70.91257488,223.5693334
-7.719560045,-72.38851581,138.0470374
-7.562948624,-72.74676977,167.3226216
-10.29619216,-68.56276555,179.6347459
-9.855032962,-69.52481023,341.0120703
-8.965963825,-71.93944582,389.0447238
-8.537331706,-69.57924416,378.3844835
-10.32679149,-68.5637695,160.4175926
-7.921751325,-71.45863603,165.0414478
-8.354138265,-69.84750691,54.28290848
-7.942472933,-72.64516266,188.4583231
-8.283729558,-72.75909239,87.3776903
-10.69812834,-70.57007099,230.6370428
-8.183751643,-72.41819321,209.4167755
-9.50151544,-67.67365131,132.2212329
-9.823683348,-68.28150835,11.27293001
-8.368699652,-73.31262607,203.7048082
-7.567208022,-72.85766422,211.2073953
-10.77763807,-68.79916272,208.4355825
-10.89041073,-70.58387169,271.4079582
-9.963205878,-69.39356943,131.8917923
-8.804394998,-70.41385627,171.9902744
-9.756052616,-70.18263833,192.1357236
-9.198380242,-70.61708938,163.8176677
-10.35992045,-68.68304085,192.6513355
-8.344693605,-69.97463125,198.1880816
-10.09275499,-69.76956223,160.0979943
-7.587290627,-73.7933992,153.7366241
-8.362278147,-69.98739277,174.8291394
-8.854559746,-71.53604056,131.458373
-7.2032396,-73.7103819,162.5209472
-9.406126098,-67.93974748,135.5865876
-8.135331844,-71.91752127,310.9331818
-8.27478573,-72.46729124,234.384321
-10.50579436,-69.5182213,276.5964776
-10.61010209,-69.83368491,203.1494168
-9.878523177,-68.33574063,31.2660928
-9.476519565,-69.39928524,101.5012748
-10.59408012,-69.02781291,181.082938
-10.48693993,-69.33498871,132.94847
-8.610102917,-70.1600593,257.6387062
-10.17589259,-68.55433582,176.2537022
-9.406422891,-72.61993597,234.2482346
-7.684053903,-73.22216737,138.2692788
-7.96288943,-72.63477052,217.8889115
-9.963704908,-67.67454407,250.2439231
-9.920195711,-69.36788179,193.5983899
-8.752839122,-70.89924162,346.2298882
-9.933567603,-68.30222236,15.87871158
-9.296203845,-69.51731979,389.9705917
-9.90220642,-71.20973502,221.6844873
-7.826285816,-72.11797086,177.300522
-11.02905564,-70.1871902,169.2248259
-7.439277357,-73.8590944,235.7045543
-10.41872052,-69.84795907,208.0947605
-10.59309371,-70.11897882,399.4865355
-10.10471227,-68.17949945,214.061198
-7.851409195,-72.1327544,228.5149825
-9.789262632,-69.02643612,205.3987864
-10.5877777,-68.74913811,183.3752378
-8.304421956,-70.61649102,232.8902179
-10.11213368,-69.31218658,175.3411541
-9.827849596,-68.2246413,193.7973203
-9.803967049,-71.15207338,179.4171496
-9.928831622,-69.88715616,203.6146075
-8.381801635,-72.33767631,229.5763448
-9.50647545,-67.94654328,167.7308947
-8.857747917,-70.36140241,275.8298977
-9.763293039,-70.98123032,169.4241617
-8.336834033,-72.28964585,180.2132146
-9.948927195,-70.00107241,182.4337598
-8.493151054,-72.63293362,167.4926408
-10.13449053,-69.28039584,104.713232
-9.271335081,-72.49305589,290.2389479
-7.832529364,-70.93144801,201.2029306
-9.370471282,-71.55381445,198.2576064
-9.429640072,-72.37020432,337.0846521
-8.866551557,-72.20467986,262.7492308
-9.376455411,-68.69730345,159.6021391
-10.34606888,-69.15678661,176.2430407
-9.57019124,-69.57487967,137.0044817
-9.243872797,-69.92769106,127.4217277
-7.524819952,-73.72016292,232.9197121
-8.569985589,-72.22786265,346.5292915
-8.369983775,-69.9786143,245.2556612
-8.496336312,-70.48369099,374.8397657
-10.30367873,-69.71202662,394.1818017
-9.647619914,-71.03720361,236.7608261
-8.807456557,-70.28436993,250.5104607
-9.667723333,-69.65570534,233.194044
-9.977941223,-69.15113603,189.2610003
-10.22122261,-69.33684984,134.0740265
-10.37226206,-69.79203237,66.57125668
-10.68891537,-67.7548093,331.4974897
-7.694294761,-73.24184148,270.4424436
-10.64204855,-70.00576173,135.9832412
-8.97239272,-72.27478699,195.9872069
-10.57015415,-70.11227631,156.7556369
-8.162490118,-71.3051123,218.3547916
-7.905707781,-71.23336928,400.7024796
-8.593497246,-70.1690539,352.8655956
-9.349447419,-72.57163401,329.8572563
-9.744026896,-71.29683129,209.631949
-8.810087715,-70.16474756,274.7146107
-9.116025378,-71.74098413,219.4244756
-9.746714751,-71.27809097,201.5885214
-10.03748201,-67.61360991,107.7728831
-8.353979582,-71.28788994,366.7195991
-8.657799078,-69.40080278,135.8068208
-10.55180849,-69.81228218,408.9612744
-8.484697935,-71.41136721,28.64528897
-8.539708254,-69.31425478,107.1840554
-10.38142483,-68.67797272,213.3446357
-10.15453013,-69.49743426,216.3948221
-9.424796934,-68.70180974,172.0833104
-10.40341813,-69.55048756,306.028588
-7.936926985,-72.20165449,198.4129457
-9.8810237,-69.46523612,193.57068
-8.245756245,-71.83747222,222.364325
-9.391170172,-68.07769639,196.9887731
-8.369056519,-71.2988277,226.4513102
-9.603445851,-69.66891218,133.0482446
-10.51383526,-68.95470917,246.1738328
-8.463476526,-71.10316079,378.9004792
-9.902884703,-71.24644859,221.2252491
-9.51232534,-70.31149243,185.7033176
-10.73529761,-69.10395755,231.1481726
-8.534183198,-71.6963835,282.0172572
-9.274360431,-70.50353283,166.7532563
-9.35952905,-70.81888984,225.9278688
-10.4336389,-68.67790621,155.836895
-8.371968079,-70.00149778,199.3493533
-8.478265231,-72.20438708,196.6797841
-9.646489678,-68.87812064,355.9764773
